trigger_id,slot,tick,leader_identity,leader_name,sv_continent,sv_country,n_senderror,n_unknownpending
20260610-161746#108948567301,425580341,5,5TGfVQV1S3wHE9hkgGaQkRoPC7xZxiqwMcjQZxVYsf1j,Sanctum,Europe,Germany,3,14
20260610-161813#108948586532,425580416,36,EvnRmnMrd69kFdbLMxWkTn1icZ7DCceRhvmb2SJXqDo4,Everstake,Europe,Germany,2,15
20260610-161813#108948590348,425580431,12,EvnRmnMrd69kFdbLMxWkTn1icZ7DCceRhvmb2SJXqDo4,Everstake,Europe,Germany,3,14
20260610-161813#108948616487,425580533,39,HW4zorvt6xDwhU36RqjcWNwU8YMj9tiqnAafBKW4cqV,Moise,Asia,Hong Kong S.A.R.,3,14
20260610-161813#108948618814,425580542,62,FNKgX9dYUhYQFRTM9bkeKoRpsyEtZGNMxbdQLDzfqB8a,Coinbase 04,Europe,Netherlands,2,15
20260610-161813#108948620319,425580548,31,7cVfgArCheMR6Cs4t6vz5rfnqd56vZq4ndaBrY5xkxXy,Blockdaemon 🧱👿 Validator,Europe,Netherlands,2,15
20260610-161813#108948620590,425580549,46,7cVfgArCheMR6Cs4t6vz5rfnqd56vZq4ndaBrY5xkxXy,Blockdaemon 🧱👿 Validator,Europe,Netherlands,2,15
20260610-161813#108948623904,425580562,32,EkvdKhULbMFqjKBKotAzGi3kwMvMpYNDKJXXQQmi6C1f,,Europe,Netherlands,3,14
20260610-161813#108948624655,425580565,15,BoNKmNCGvoHS4CkKvYRnF21iEpUP827pZjhFGdA4t5as,BONK,North America,United States,2,15
20260610-161813#108948629518,425580584,14,Ha1iade1AH3B12K9SccfWoPdFtQKKQsj2ZyWwxcjqJJU,Ha1iad3,Asia,Japan,3,14
20260610-161813#108948637497,425580615,57,BUokhb8pPF9MZuzW3rHLr6jzakgcz3NDq2PZkpiVv3jb,DeFi Dev Corp (NASDAQ: DFDV),Europe,Germany,1,16
20260610-161813#108948641835,425580632,43,9rkJMARqK6VBkcxGfKBAwnA44gPAfGxPbPsfsggFNDSQ,,Europe,Germany,3,14
20260610-161813#108948647221,425580653,53,9eGrDohdNTAo61DRHyfMuqKWXqYnA3i254Wiszxe8FoY,Galaxy,North America,United States,2,15
20260610-161813#108948654082,425580680,2,5TGfVQV1S3wHE9hkgGaQkRoPC7xZxiqwMcjQZxVYsf1j,Sanctum,Europe,Germany,1,16
20260610-161813#108948658493,425580697,61,FBKFWadXZJahGtFitAsBvbqh5968gLY7dMBBJUoUjeNi,,Europe,Ireland,1,16
20260610-161813#108948664117,425580719,53,Hz5aLvpKScNWoe9YZWxBLrQA3qzHJivBGtfciMekk8m5,,Europe,United Kingdom,2,15
20260610-161813#108948665862,425580726,6,BSVckjdW2f8kcXPGcrPPtV9kUDBZ8w8PjrrGVnxgEdwq,,Europe,Lithuania,3,14
20260610-161813#108948666154,425580727,42,BSVckjdW2f8kcXPGcrPPtV9kUDBZ8w8PjrrGVnxgEdwq,,Europe,Lithuania,2,15
20260610-161813#108948672286,425580751,30,9AW87WqARQonyJYhx1G25fKfvjURFYVmHs79z1NUXDPD,🔥Aurora staking,Asia,Japan,1,16
20260610-161813#108948673802,425580757,10,E1r4Psq84tHfQ6aPTvvDka4U3u8zPVD7gEUrH25RdxHL,Bitwise Onchain Solutions,Europe,Germany,1,16
20260610-161813#108948676928,425580769,64,Fd7btgySsrjuo25CJCj7oE7VPMyezDhnx7pZkj2v69Nk,Figment,North America,Canada,2,15
20260610-161813#108948689179,425580817,27,avnujiRNoSRe9PcET42DPKznyfYnb2LRaZAsqv6REZo,AVNU,Asia,Japan,2,15
20260610-161813#108948728118,425580969,54,9jxgosAfHgHzwnxsHw4RAZYaLVokMbnYtmiZBreynGFP,,Europe,Netherlands,2,15
20260610-161813#108948730370,425580978,2,SSmBEooM7RkmyuXxuKgAhTvhQZ36Z3G2WsmLGJKoQLY,SOL Strategies,Europe,Netherlands,3,14
20260610-161813#108948740119,425581016,23,EXckihF3qmguH5znjhfzLvHsbk2E3nEW2DqNh4MMnDMm,,Europe,Germany,2,15
20260610-161813#108948740368,425581017,16,EXckihF3qmguH5znjhfzLvHsbk2E3nEW2DqNh4MMnDMm,,Europe,Germany,2,15
20260610-161813#108948740646,425581018,38,EXckihF3qmguH5znjhfzLvHsbk2E3nEW2DqNh4MMnDMm,,Europe,Germany,0,17
20260610-161813#108948740871,425581019,7,EXckihF3qmguH5znjhfzLvHsbk2E3nEW2DqNh4MMnDMm,,Europe,Germany,3,14
20260610-161813#108948750859,425581058,11,5pPRHniefFjkiaArbGX3Y8NUysJmQ9tMZg3FrFGwHzSm,Kiln1,Europe,Netherlands,1,16
20260610-161813#108948756488,425581080,8,q9XWcZ7T1wP4bW9SB4XgNNwjnFEJ982nE8aVbbNuwot,Ledger by Figment,Europe,Germany,3,14
20260610-161813#108948756772,425581081,36,q9XWcZ7T1wP4bW9SB4XgNNwjnFEJ982nE8aVbbNuwot,Ledger by Figment,Europe,Germany,2,15
20260610-161813#108948761618,425581100,18,BSVckjdW2f8kcXPGcrPPtV9kUDBZ8w8PjrrGVnxgEdwq,,Europe,Lithuania,3,14
20260610-161813#108948762169,425581102,57,BSVckjdW2f8kcXPGcrPPtV9kUDBZ8w8PjrrGVnxgEdwq,,Europe,Lithuania,1,16
20260610-161813#108948775171,425581153,3,Awes4Tr6TX8JDzEhCZY2QVNimT6iD1zWHzf1vNyGvpLM,Staking Facilities | MEV 🔥,Europe,Germany,0,17
20260610-161813#108948775481,425581154,57,Awes4Tr6TX8JDzEhCZY2QVNimT6iD1zWHzf1vNyGvpLM,Staking Facilities | MEV 🔥,Europe,Germany,2,15
20260610-161813#108948779030,425581168,22,GYx8kpp7SsRwtQEEsGQjAxb4hFMMmT91kFJuDeky3YGQ,,Asia,Japan,0,17
20260610-161813#108948779569,425581170,49,GYx8kpp7SsRwtQEEsGQjAxb4hFMMmT91kFJuDeky3YGQ,,Asia,Japan,1,16
20260610-161813#108948781108,425581176,52,9jxgosAfHgHzwnxsHw4RAZYaLVokMbnYtmiZBreynGFP,,Europe,Netherlands,2,15
20260610-161813#108948781364,425581177,52,9jxgosAfHgHzwnxsHw4RAZYaLVokMbnYtmiZBreynGFP,,Europe,Netherlands,3,14
20260610-161813#108948785932,425581195,12,Aw5wEMXhbygFLR7jHtHpih8QvxVBGAMTqsQ2SjWPk1ex,,Europe,Netherlands,3,14
20260610-161813#108948810033,425581289,49,VQwCCSfW3o5NDx7n5FBr9SoYiLXVgetstHvaWBvv2YH,,North America,United States,1,16
20260610-161813#108948812579,425581299,35,q9XWcZ7T1wP4bW9SB4XgNNwjnFEJ982nE8aVbbNuwot,Ledger by Figment,Europe,Germany,2,15
20260610-161813#108948813110,425581301,54,q9XWcZ7T1wP4bW9SB4XgNNwjnFEJ982nE8aVbbNuwot,Ledger by Figment,Europe,Germany,2,15
20260610-161813#108948813368,425581302,56,q9XWcZ7T1wP4bW9SB4XgNNwjnFEJ982nE8aVbbNuwot,Ledger by Figment,Europe,Germany,3,14
20260610-161813#108948820275,425581329,51,GoeW4aFK4dGoekJySgUynWDxBZiQJqm8GDAF4H53tDK9,Twinstake,North America,,2,15
20260610-161813#108948829450,425581365,10,7QQGNm3ptwinipDCyaCF7jY5katgmFUu1ieP2f7nwLpE,,Europe,Lithuania,2,15
20260610-161813#108948829737,425581366,41,7QQGNm3ptwinipDCyaCF7jY5katgmFUu1ieP2f7nwLpE,,Europe,Lithuania,1,16
20260610-161813#108948834618,425581385,58,E1r4Psq84tHfQ6aPTvvDka4U3u8zPVD7gEUrH25RdxHL,Bitwise Onchain Solutions,Europe,Germany,3,14
20260610-161813#108948841232,425581411,16,CW9C7HBwAMgqNdXkNgFg9Ujr3edR2Ab9ymEuQnVacd1A,Coinbase 02,Europe,United Kingdom,0,17
20260610-161813#108948844039,425581422,7,9hQqNe3DQTiwhspatewA8EXhz12e6sq5UJVJ2qNRwnTf,Stake Shark,North America,United States,3,14
20260610-161813#108948844857,425581425,57,HEL1USMZKAL2odpNBj2oCjffnFGaYwmbGmyewGv1e2TU,Helius,Europe,United Kingdom,2,15
20260610-161813#108948845071,425581426,15,HEL1USMZKAL2odpNBj2oCjffnFGaYwmbGmyewGv1e2TU,Helius,Europe,United Kingdom,3,14
20260610-161813#108948852483,425581455,3,6WgdYhhGE53WrZ7ywJA15hBVkw7CRbQ8yDBBTwmBtAHN,Luganodes,Europe,Germany,3,14
20260610-161813#108948864021,425581500,21,8tjFeSApQ85ThoQXT28acfF2KUfQr3TvTdirSkzNnYC7,,North America,Canada,1,16
20260610-161813#108948869931,425581523,43,sfvTq7ojrEc5WdXcHijz676eX1pc5MgoLxbkYSdRDAB,soltop.sh,South America,Brazil,0,17
20260610-161813#108948872470,425581533,22,Hz5aLvpKScNWoe9YZWxBLrQA3qzHJivBGtfciMekk8m5,,Europe,United Kingdom,2,15
20260610-161813#108948872743,425581534,39,Hz5aLvpKScNWoe9YZWxBLrQA3qzHJivBGtfciMekk8m5,,Europe,United Kingdom,2,15
20260610-161813#108948872998,425581535,38,Hz5aLvpKScNWoe9YZWxBLrQA3qzHJivBGtfciMekk8m5,,Europe,United Kingdom,1,16
20260610-161813#108948873527,425581537,55,BtsmiEEvnSuUnKxqXj2PZRYpPJAc7C34mGz8gtJ1DAaH,,Europe,Germany,2,15
20260610-161813#108948873779,425581538,51,BtsmiEEvnSuUnKxqXj2PZRYpPJAc7C34mGz8gtJ1DAaH,,Europe,Germany,2,15
20260610-161813#108948874002,425581539,18,BtsmiEEvnSuUnKxqXj2PZRYpPJAc7C34mGz8gtJ1DAaH,,Europe,Germany,0,17
20260610-161813#108948905777,425581663,49,32ke3uf1qL3xLqbwzU76T2sbG2XaJrGuSCNdUnien3zm,FalconX,North America,Canada,2,15
20260610-161813#108948909877,425581679,53,9eGrDohdNTAo61DRHyfMuqKWXqYnA3i254Wiszxe8FoY,Galaxy,North America,United States,1,16
20260610-161813#108948910396,425581681,60,9eGrDohdNTAo61DRHyfMuqKWXqYnA3i254Wiszxe8FoY,Galaxy,North America,United States,2,15
20260610-161813#108948911411,425581685,51,krakeNd6ednDPEXxHAmoBs1qKVM8kLg79PvWF2mhXV1,Kraken,North America,United States,2,15
20260610-161813#108948912132,425581688,4,7VZM7YHcX73TpGoXDeBu61g4QKC86GwAEnew8dA7Y2xn,BLOCKSIZE,Europe,Germany,3,14
20260610-161813#108948934929,425581777,17,HEL1USMZKAL2odpNBj2oCjffnFGaYwmbGmyewGv1e2TU,Helius,Europe,United Kingdom,0,17
20260610-161813#108948935473,425581779,49,HEL1USMZKAL2odpNBj2oCjffnFGaYwmbGmyewGv1e2TU,Helius,Europe,United Kingdom,2,15
20260610-161813#108948935999,425581781,63,SyndicAgdEphcy5xhAKZAomTYhcF8xhC7za2UD9xeug,Syndica,Europe,United Kingdom,3,14
20260610-161813#108948938257,425581790,17,HpcB5Qg8Y9E73dUkot5e8HkgAJbExsYeUzniY4bCuKac,,Europe,Lithuania,0,17
20260610-161813#108948940080,425581797,48,7y5VhV4fkz6r4zUmH2UiwPjLwXzPL1PcV28or5NWkWRL,Haus – Best APY & No Fees,Europe,Germany,3,14
20260610-161813#108948940299,425581798,11,7y5VhV4fkz6r4zUmH2UiwPjLwXzPL1PcV28or5NWkWRL,Haus – Best APY & No Fees,Europe,Germany,0,17
20260610-161813#108948945702,425581819,38,q9XWcZ7T1wP4bW9SB4XgNNwjnFEJ982nE8aVbbNuwot,Ledger by Figment,Europe,Germany,2,15
20260610-161813#108948948785,425581831,49,t23p8aBQN6P6tziMuN5XPmzqVRrip9oes7KuQwSmate,Solmate - RockawayX powered,Asia,United Arab Emirates,3,14
20260610-161813#108948949252,425581833,4,9jxgosAfHgHzwnxsHw4RAZYaLVokMbnYtmiZBreynGFP,,Europe,Netherlands,3,14
20260610-161813#108948951347,425581841,51,9eGrDohdNTAo61DRHyfMuqKWXqYnA3i254Wiszxe8FoY,Galaxy,North America,United States,2,15
20260610-161813#108948960295,425581876,39,9jxgosAfHgHzwnxsHw4RAZYaLVokMbnYtmiZBreynGFP,,Europe,Netherlands,3,14
20260610-164405#108949589555,425584334,51,BtsmiEEvnSuUnKxqXj2PZRYpPJAc7C34mGz8gtJ1DAaH,,Europe,Germany,0,17
20260610-164405#108949609788,425584413,60,CfgRXmp1LEYr97EaT2RyoL2cSvtWgJh52Bes89RxVSoW,Blockman,Europe,Germany,0,17
20260610-164405#108949621509,425584459,5,9bkyxgYxRrysC1ijd6iByp9idn112CnYTw243fdH2Uvr,Legends,North America,United States,2,15
20260610-164405#108949621799,425584460,39,EXckihF3qmguH5znjhfzLvHsbk2E3nEW2DqNh4MMnDMm,,Europe,Germany,1,16
20260610-164405#108949647891,425584562,19,7qGNnXKW1e3DsqEaSxwxMdBTFsrK73XtWTmkGitRyMQc,Alchemy,Asia,Singapore,2,15
20260610-164405#108949660958,425584613,30,GYx8kpp7SsRwtQEEsGQjAxb4hFMMmT91kFJuDeky3YGQ,,Asia,Japan,3,14
20260610-164405#108949689638,425584725,38,FbYX2uN573G5WsgiPdHU6fS5PNUyjdXfGfpZNkYUuT4k,,Europe,Sweden,2,15
20260610-164405#108949694005,425584742,53,Fd7btgySsrjuo25CJCj7oE7VPMyezDhnx7pZkj2v69Nk,Figment,North America,Canada,2,15
20260610-164405#108949695273,425584747,41,t23p8aBQN6P6tziMuN5XPmzqVRrip9oes7KuQwSmate,Solmate - RockawayX powered,Asia,United Arab Emirates,3,14
20260610-164405#108949696061,425584750,61,CAo1dCGYrB6NhHh5xb1cGjUiu86iyCfMTENxgHumSve4,Kraken 2,North America,United States,0,17
20260610-164405#108949714464,425584822,32,5Us18hLZPXJTS4QVuGSsUw137Dyd2tgBaem24Xsf5nBS,,Europe,Sweden,1,16
20260610-164405#108949727800,425584874,56,BtsmiEEvnSuUnKxqXj2PZRYpPJAc7C34mGz8gtJ1DAaH,,Europe,Germany,1,16
20260610-164405#108949728045,425584875,45,BtsmiEEvnSuUnKxqXj2PZRYpPJAc7C34mGz8gtJ1DAaH,,Europe,Germany,3,14
20260610-164405#108949731644,425584889,60,9jxgosAfHgHzwnxsHw4RAZYaLVokMbnYtmiZBreynGFP,,Europe,Netherlands,1,16
20260610-164405#108949732877,425584894,13,5ZqveVffQPiUbkjBg4KD9kib1MKHLqiFno4ke9jSq9qk,,Europe,Germany,2,15
20260610-164405#108949733153,425584895,33,5ZqveVffQPiUbkjBg4KD9kib1MKHLqiFno4ke9jSq9qk,,Europe,Germany,2,15
20260610-164405#108949751083,425584965,43,E1r4Psq84tHfQ6aPTvvDka4U3u8zPVD7gEUrH25RdxHL,Bitwise Onchain Solutions,Europe,Germany,2,15
20260610-164405#108949753354,425584974,10,3SkE34PVeGck2ArEffFKjihrQgURsvnoTAhitsNXNzXd,,Europe,Sweden,2,15
20260610-164405#108949756437,425584986,21,7y5VhV4fkz6r4zUmH2UiwPjLwXzPL1PcV28or5NWkWRL,Haus – Best APY & No Fees,Europe,Germany,1,16
20260610-164405#108949759514,425584998,26,4SsMncJdtKiUcDtukkX15mqei7WiuQ9yvRtQrQW4reWC,Quicknode,North America,United States,2,15
20260610-164405#108949759750,425584999,6,4SsMncJdtKiUcDtukkX15mqei7WiuQ9yvRtQrQW4reWC,Quicknode,North America,United States,3,14
20260610-164405#108949765664,425585022,32,EkvdKhULbMFqjKBKotAzGi3kwMvMpYNDKJXXQQmi6C1f,,Europe,Netherlands,2,15
20260610-164405#108949771280,425585044,16,JupmVLmA8RoyTUbTMMuTtoPWHEiNQobxgTeGTrPNkzT,Jupiter,Europe,Germany,3,14
20260610-164405#108949780235,425585079,11,3JotfSFPaod4KVK7nj7ULvcq5PjUBdZNVGracNkJNhrt,,Europe,Germany,2,15
20260610-164405#108949785118,425585098,30,CoG8d9Fp2TFJRkAmrPMiPsGhQWHzdTTVoegEp9svRgmJ,Nansen | Stake to Stack Points,Asia,Singapore,2,15
20260610-164405#108949790212,425585118,4,Awes4Tr6TX8JDzEhCZY2QVNimT6iD1zWHzf1vNyGvpLM,Staking Facilities | MEV 🔥,Europe,Germany,3,14
20260610-164405#108949794593,425585135,33,hy1oMaD3ViyJ8i6w1xjP79zAWBBaRd1zWdTW8zYXnwu,Hylo,South America,Brazil,3,14
20260610-164405#108949794846,425585136,30,HyperSPG8w4jgdHgmA8ExrhRL1L1BriRTHD9UFdXJUud,Hyper 🫨,North America,Mexico,0,17
20260610-164405#108949812504,425585205,24,57i31UEyDg4koaZMZ1wAHbYuezXv3AVaHtvJgJarxt3f,[Public Good] Chive 🌱 - 0% Fee + MEV + BlockReward,North America,United States,3,14
20260610-164405#108949822262,425585243,54,HTeRsa3gm3CGrizMoCrtWj4uBZ1NKYcGqh8jfBu2u3Jo,,Europe,United Kingdom,0,17
20260610-164405#108949826821,425585261,5,DUND26mEDfFeaPsVof3YvbXDRvpuQX7HMUJrLgEWzYw4,,Asia,Japan,0,17
20260610-164405#108949829130,425585270,10,FbYX2uN573G5WsgiPdHU6fS5PNUyjdXfGfpZNkYUuT4k,,Europe,Sweden,3,14
20260610-164405#108949835029,425585293,21,JD549HsbJHeEKKUrKgg4Fj2iyv2RGjsV7NTZjZUrHybB,Forward Industries,North America,United States,1,16
20260610-164405#108949835307,425585294,43,JD549HsbJHeEKKUrKgg4Fj2iyv2RGjsV7NTZjZUrHybB,Forward Industries,North America,United States,2,15
20260610-164405#108949836601,425585299,57,9eGrDohdNTAo61DRHyfMuqKWXqYnA3i254Wiszxe8FoY,Galaxy,North America,United States,1,16
20260610-164405#108949847342,425585341,46,YuRBAsy9Stw1u46A8dMp7WQVBFweLP1PKuYibzYAMmQ,Yurbason,Europe,Albania,1,16
20260610-164405#108949862676,425585401,20,FBKFWadXZJahGtFitAsBvbqh5968gLY7dMBBJUoUjeNi,,Europe,Ireland,3,14
20260610-164405#108949863218,425585403,50,FBKFWadXZJahGtFitAsBvbqh5968gLY7dMBBJUoUjeNi,,Europe,Ireland,0,17
20260610-164405#108949868856,425585425,56,DViARWAWKkxAzp4UCgbw5B9pLSrBY3PaztFErcwgVUKX,Code-Breader,North America,United States,1,16
20260610-164405#108949869065,425585426,9,DViARWAWKkxAzp4UCgbw5B9pLSrBY3PaztFErcwgVUKX,Code-Breader,North America,United States,3,14
20260610-164405#108949873702,425585444,38,CwyVpfmfSiMeCexi3JgUNvaiDfYN14cLDjzT99zcBuD2,Hamsa,Europe,Lithuania,2,15
20260610-164405#108949873969,425585445,49,CwyVpfmfSiMeCexi3JgUNvaiDfYN14cLDjzT99zcBuD2,Hamsa,Europe,Lithuania,3,14
20260610-164405#108949890055,425585508,7,2m1A2WM1vte7RWz5xTTw4i1SiXmngVtXhqFERaUjoAAb,,North America,United States,3,14
20260610-164405#108949894168,425585524,24,JD549HsbJHeEKKUrKgg4Fj2iyv2RGjsV7NTZjZUrHybB,Forward Industries,North America,United States,1,16
20260610-164405#108949894702,425585526,46,JD549HsbJHeEKKUrKgg4Fj2iyv2RGjsV7NTZjZUrHybB,Forward Industries,North America,United States,2,15
20260610-164405#108949896463,425585533,15,PKdLMugp1Mf88Ji1GkdqRDBewaUh2cqg79CBEo6eJoQ,PK,Europe,France,3,14
20260610-164405#108949908287,425585579,63,BtsmiEEvnSuUnKxqXj2PZRYpPJAc7C34mGz8gtJ1DAaH,,Europe,Germany,1,16
20260610-164405#108949908757,425585581,21,5ZqveVffQPiUbkjBg4KD9kib1MKHLqiFno4ke9jSq9qk,,Europe,Germany,1,16
20260610-164405#108949909042,425585582,50,5ZqveVffQPiUbkjBg4KD9kib1MKHLqiFno4ke9jSq9qk,,Europe,Germany,0,17
20260610-164405#108949916954,425585613,26,2N7v8pDKDYhtBUJBQUgxvysUjgM9s4ULPCmeEiPWTf6Z,HAKUHODO KEY3,Asia,Japan,2,15
20260610-164405#108949940514,425585705,34,2mMGsb5uy1Q4Dvezr8HK2E8SJoChcb2X7b61tJPaVHHd,Chainflow,Europe,Sweden,1,16
20260610-164405#108949949751,425585741,55,9eGrDohdNTAo61DRHyfMuqKWXqYnA3i254Wiszxe8FoY,Galaxy,North America,United States,2,15
20260610-164405#108949958700,425585776,44,DRpbCBMxVnDK7maPM5tGv6MvB3v1sRMC86PZ8okm21hy,binance staking,North America,United States,2,15
20260610-164405#108949958925,425585777,13,DRpbCBMxVnDK7maPM5tGv6MvB3v1sRMC86PZ8okm21hy,binance staking,North America,United States,3,14
20260610-164405#108949959687,425585780,7,JupmVLmA8RoyTUbTMMuTtoPWHEiNQobxgTeGTrPNkzT,Jupiter,Europe,Germany,3,14
20260610-164405#108949967133,425585809,29,DUND26mEDfFeaPsVof3YvbXDRvpuQX7HMUJrLgEWzYw4,,Asia,Japan,3,14
20260610-164405#108949971492,425585826,36,JD549HsbJHeEKKUrKgg4Fj2iyv2RGjsV7NTZjZUrHybB,Forward Industries,North America,United States,1,16
20260610-164405#108949971988,425585828,20,Fd7btgySsrjuo25CJCj7oE7VPMyezDhnx7pZkj2v69Nk,Figment,North America,Canada,3,14
20260610-164405#108949973511,425585834,7,LimeA3gMLb2SjxrKbP7NsWk1UwTZrw4B6Ctc9dmVU6E,LimeChain,Europe,Bulgaria,3,14
20260610-164405#108949975342,425585841,46,9UM8wQ8F5oMiRcP5YdqD6Lr4krpBWCD8LtgQYoisJd9i,,Europe,United Kingdom,1,16
20260610-164405#108949975581,425585842,29,9UM8wQ8F5oMiRcP5YdqD6Lr4krpBWCD8LtgQYoisJd9i,,Europe,United Kingdom,2,15
20260610-164405#108949980188,425585860,28,BtsmiEEvnSuUnKxqXj2PZRYpPJAc7C34mGz8gtJ1DAaH,,Europe,Germany,3,14
20260610-164405#108949980434,425585861,18,BtsmiEEvnSuUnKxqXj2PZRYpPJAc7C34mGz8gtJ1DAaH,,Europe,Germany,2,15
20260610-164405#108949981963,425585867,11,CMPSSdrTnRQBiBGTyFpdCc3VMNuLWYWaSkE8Zh5z6gbd,Solana Compass 🧭 Solana For The People,Asia,Japan,3,14
20260610-164405#108949990447,425585900,47,5Cchr1XGEg7dbBXByV5NY2ad8jfxAM7HA3x8D56rq9Ux,Upbit Staking,North America,United States,0,17
20260610-164405#108949990671,425585901,15,5Cchr1XGEg7dbBXByV5NY2ad8jfxAM7HA3x8D56rq9Ux,Upbit Staking,North America,United States,3,14
20260610-164405#108949992246,425585907,54,FBKFWadXZJahGtFitAsBvbqh5968gLY7dMBBJUoUjeNi,,Europe,Ireland,1,16
20260610-164405#108949995550,425585920,30,9eGrDohdNTAo61DRHyfMuqKWXqYnA3i254Wiszxe8FoY,Galaxy,North America,United States,3,14
20260610-164405#108950019391,425586013,63,Hz5aLvpKScNWoe9YZWxBLrQA3qzHJivBGtfciMekk8m5,,Europe,United Kingdom,3,14
20260610-164405#108950020610,425586018,2,A1vqhA2fS6K7CvHsJKX1ACcHJFEmyRg4KuR5pctHANy4,,Europe,Netherlands,2,15
20260610-164405#108950021144,425586020,24,DWvDTSh3qfn88UoQTEKRV2JnLt5jtJAVoiCo3ivtMwXP,P2P.org,Europe,Netherlands,0,17
20260610-164405#108950029870,425586054,46,shftkxnsXmqAkmLgz9Mn7bNB5Fr6mKgFc58kFHfVikj,blueshift,Europe,Germany,2,15
20260610-164405#108950037031,425586082,39,2GUnfxZavKoPfS9s3VSEjaWDzB3vNf5RojUhprCS1rSx,,Asia,Japan,2,15
20260610-164405#108950045235,425586114,51,E1r4Psq84tHfQ6aPTvvDka4U3u8zPVD7gEUrH25RdxHL,Bitwise Onchain Solutions,Europe,Germany,3,14
20260610-164405#108950058272,425586165,32,EvnRmnMrd69kFdbLMxWkTn1icZ7DCceRhvmb2SJXqDo4,Everstake,Europe,Germany,1,16
20260610-164405#108950063116,425586184,12,FBbqKvwLfKGZrKrfSbPJz4ymQ7zMarhRyZtu1RBkSe89,,North America,United States,2,15
20260610-164405#108950063898,425586187,26,FBbqKvwLfKGZrKrfSbPJz4ymQ7zMarhRyZtu1RBkSe89,,North America,United States,2,15
20260610-164405#108950067475,425586201,19,t23p8aBQN6P6tziMuN5XPmzqVRrip9oes7KuQwSmate,Solmate - RockawayX powered,Asia,United Arab Emirates,0,17
20260610-164405#108950070540,425586213,12,CfgRXmp1LEYr97EaT2RyoL2cSvtWgJh52Bes89RxVSoW,Blockman,Europe,Germany,3,14
20260610-164405#108950077460,425586240,20,7y5VhV4fkz6r4zUmH2UiwPjLwXzPL1PcV28or5NWkWRL,Haus – Best APY & No Fees,Europe,Germany,2,15
20260610-164405#108950077960,425586242,8,7y5VhV4fkz6r4zUmH2UiwPjLwXzPL1PcV28or5NWkWRL,Haus – Best APY & No Fees,Europe,Germany,1,16
20260610-164405#108950078783,425586245,63,J6etcxDdYjPHrtyvDXrbCkx3q9W1UjMj1vy1jBFPJEbK,,North America,United States,0,17
20260610-164405#108950081291,425586255,11,6yFGGAgYpBxgYPuHW4rv7hJmhKrUiXKyHkpVGaYtKrwE,Watchtower,North America,United States,2,15
20260610-164405#108950082563,425586260,3,shftkxnsXmqAkmLgz9Mn7bNB5Fr6mKgFc58kFHfVikj,blueshift,Europe,Germany,1,16
20260610-164405#108950087714,425586280,34,6yFGGAgYpBxgYPuHW4rv7hJmhKrUiXKyHkpVGaYtKrwE,Watchtower,North America,United States,0,17
20260610-164405#108950087966,425586281,30,6yFGGAgYpBxgYPuHW4rv7hJmhKrUiXKyHkpVGaYtKrwE,Watchtower,North America,United States,3,14
20260610-164405#108950088252,425586282,60,6yFGGAgYpBxgYPuHW4rv7hJmhKrUiXKyHkpVGaYtKrwE,Watchtower,North America,United States,0,17
20260610-164405#108950088498,425586283,50,6yFGGAgYpBxgYPuHW4rv7hJmhKrUiXKyHkpVGaYtKrwE,Watchtower,North America,United States,2,15
20260610-164405#108950091560,425586295,40,3JotfSFPaod4KVK7nj7ULvcq5PjUBdZNVGracNkJNhrt,,Europe,Germany,0,17
20260610-164405#108950092339,425586298,51,5Cchr1XGEg7dbBXByV5NY2ad8jfxAM7HA3x8D56rq9Ux,Upbit Staking,North America,United States,1,16
20260610-164405#108950104092,425586344,28,3psxMyr7rQzywVp1MXKd1XFmFz33NjydzCoJx9t2sMQW,OtterSec,North America,United States,1,16
20260610-164405#108950105386,425586349,42,9rkJMARqK6VBkcxGfKBAwnA44gPAfGxPbPsfsggFNDSQ,,Europe,Germany,3,14
20260610-164405#108950105637,425586350,37,9rkJMARqK6VBkcxGfKBAwnA44gPAfGxPbPsfsggFNDSQ,,Europe,Germany,2,15
20260610-164405#108950105888,425586351,32,9rkJMARqK6VBkcxGfKBAwnA44gPAfGxPbPsfsggFNDSQ,,Europe,Germany,3,14
20260610-164405#108950106168,425586352,56,6y7V8dL673XFzm9QyC5vvh3itWkp7wztahBd2yDqsyrK,,Europe,Lithuania,0,17
20260610-164405#108950113804,425586382,12,CAo1dCGYrB6NhHh5xb1cGjUiu86iyCfMTENxgHumSve4,Kraken 2,North America,United States,0,17
20260610-164405#108950114096,425586383,48,CAo1dCGYrB6NhHh5xb1cGjUiu86iyCfMTENxgHumSve4,Kraken 2,North America,United States,2,15
20260610-164405#108950114353,425586384,49,J6etcxDdYjPHrtyvDXrbCkx3q9W1UjMj1vy1jBFPJEbK,,North America,United States,1,16
20260610-164405#108950127898,425586437,26,4k6wgP5WPBKQpsFGtzuXNrjcTE2fKWLj17nDvFeG5zSF,DawnLabs | 0% Fee + Block Rewards Sharing,Europe,Germany,3,14
20260610-164405#108950130461,425586447,29,DWvDTSh3qfn88UoQTEKRV2JnLt5jtJAVoiCo3ivtMwXP,P2P.org,Europe,Netherlands,2,15
20260610-164405#108950130720,425586448,32,9jxgosAfHgHzwnxsHw4RAZYaLVokMbnYtmiZBreynGFP,,Europe,Netherlands,3,14
20260610-164405#108950130968,425586449,24,9jxgosAfHgHzwnxsHw4RAZYaLVokMbnYtmiZBreynGFP,,Europe,Netherlands,1,16
20260610-164405#108950139426,425586482,34,GmCxjmjKZoaKN1DKunbYq8RCYib94Nm3sHyncFfofaF5,Rocket,Europe,Lithuania,1,16
20260610-164405#108950139916,425586484,12,FNKgX9dYUhYQFRTM9bkeKoRpsyEtZGNMxbdQLDzfqB8a,Coinbase 04,Europe,Netherlands,2,15
20260610-164405#108950149932,425586523,44,HEL1USMZKAL2odpNBj2oCjffnFGaYwmbGmyewGv1e2TU,Helius,Europe,United Kingdom,2,15
20260610-164405#108950167586,425586592,34,BkoS26vBuaXnSowACdChi4WKid8UwmuPNhEJWa8KsLHd,,Europe,Germany,0,17
20260610-164405#108950196512,425586705,32,BuoZ7q6faiJNTN24r7Kcj8dp96axs5XPEKXmWGsh2pDE,,North America,United States,2,15
20260610-164405#108950196742,425586706,6,BuoZ7q6faiJNTN24r7Kcj8dp96axs5XPEKXmWGsh2pDE,,North America,United States,2,15
20260610-164405#108950198564,425586713,36,9jxgosAfHgHzwnxsHw4RAZYaLVokMbnYtmiZBreynGFP,,Europe,Netherlands,3,14
20260610-164405#108950201102,425586723,14,q9XWcZ7T1wP4bW9SB4XgNNwjnFEJ982nE8aVbbNuwot,Ledger by Figment,Europe,Germany,2,15
20260610-164405#108950212630,425586768,22,DRpbCBMxVnDK7maPM5tGv6MvB3v1sRMC86PZ8okm21hy,binance staking,North America,United States,3,14
20260610-164405#108950218800,425586792,48,9jxgosAfHgHzwnxsHw4RAZYaLVokMbnYtmiZBreynGFP,,Europe,Netherlands,2,15
20260610-164405#108950219064,425586793,56,9jxgosAfHgHzwnxsHw4RAZYaLVokMbnYtmiZBreynGFP,,Europe,Netherlands,0,17
20260610-164405#108950219296,425586794,32,9jxgosAfHgHzwnxsHw4RAZYaLVokMbnYtmiZBreynGFP,,Europe,Netherlands,1,16
20260610-164405#108950238746,425586870,26,76rcGHdPvgs8G1XrzCXUTWtwgT59AFDvpB4VbTS2TBBJ,,Europe,Netherlands,1,16
20260610-164405#108950239504,425586873,16,DNVZMSqeRH18Xa4MCTrb1MndNf3Npg4MEwqswo23eWkf,Firedancer Development,Europe,Germany,3,14
20260610-164405#108950251270,425586919,6,DWvDTSh3qfn88UoQTEKRV2JnLt5jtJAVoiCo3ivtMwXP,P2P.org,Europe,Netherlands,3,14
20260610-164405#108950263088,425586965,48,JD549HsbJHeEKKUrKgg4Fj2iyv2RGjsV7NTZjZUrHybB,Forward Industries,North America,United States,3,14
20260610-164405#108950263339,425586966,43,JD549HsbJHeEKKUrKgg4Fj2iyv2RGjsV7NTZjZUrHybB,Forward Industries,North America,United States,1,16
20260610-164405#108950263581,425586967,29,JD549HsbJHeEKKUrKgg4Fj2iyv2RGjsV7NTZjZUrHybB,Forward Industries,North America,United States,1,16
20260610-164405#108950263843,425586968,35,DiveRaPKviyDnQyiiMFdV4rujsCBJzMNvPjKfvGNLGvL,Onchain Divers,Europe,Netherlands,2,15
20260610-164405#108950264868,425586972,36,FNKgX9dYUhYQFRTM9bkeKoRpsyEtZGNMxbdQLDzfqB8a,Coinbase 04,Europe,Netherlands,2,15
20260610-164405#108950265124,425586973,36,FNKgX9dYUhYQFRTM9bkeKoRpsyEtZGNMxbdQLDzfqB8a,Coinbase 04,Europe,Netherlands,1,16
20260610-164405#108950265387,425586974,43,FNKgX9dYUhYQFRTM9bkeKoRpsyEtZGNMxbdQLDzfqB8a,Coinbase 04,Europe,Netherlands,2,15
20260610-164405#108950273339,425587005,59,6yFGGAgYpBxgYPuHW4rv7hJmhKrUiXKyHkpVGaYtKrwE,Watchtower,North America,United States,1,16
20260610-164405#108950275376,425587013,48,9UM8wQ8F5oMiRcP5YdqD6Lr4krpBWCD8LtgQYoisJd9i,,Europe,United Kingdom,2,15
20260610-164405#108950284340,425587048,52,EkvdKhULbMFqjKBKotAzGi3kwMvMpYNDKJXXQQmi6C1f,,Europe,Netherlands,2,15
20260610-164405#108950286089,425587055,9,6aDs9tUm2gErcPn2c1TZnp5cu2bQV9BzyuwW4baWQYd4,Coinbase 05,Europe,Ireland,2,15
20260610-164405#108950286613,425587057,21,CfgRXmp1LEYr97EaT2RyoL2cSvtWgJh52Bes89RxVSoW,Blockman,Europe,Germany,3,14
20260610-164405#108950286888,425587058,40,CfgRXmp1LEYr97EaT2RyoL2cSvtWgJh52Bes89RxVSoW,Blockman,Europe,Germany,2,15
20260610-164405#108950289465,425587068,57,Hz5aLvpKScNWoe9YZWxBLrQA3qzHJivBGtfciMekk8m5,,Europe,United Kingdom,2,15
20260610-164405#108950291208,425587075,8,A9mvukTd77EbRoBX4ydSCFQHdu5bsRFkNXTTRstA8FAC,,Europe,Germany,2,15
20260610-164405#108950291464,425587076,8,2dxz129YxB1xtf7Mx6HUT5JspexArNNtQt84FYueWZV7,NeNa 🌻,North America,Canada,2,15
20260610-164405#108950300992,425587113,64,yJeahQNRHNWtL9Z1SqPX3SBwTYXr5ECMYYVK4uYVwxt,Dosirak 🇰🇷,Europe,United Kingdom,2,15
20260610-164405#108950311707,425587155,27,FCWkGAHDWK41ANjiaoPudkCZRkvTecaEkoZQugezUnpr,maxfillipov,Europe,France,0,17
20260610-164405#108950314521,425587166,25,5ZqveVffQPiUbkjBg4KD9kib1MKHLqiFno4ke9jSq9qk,,Europe,Germany,3,14
20260610-164405#108950339594,425587264,10,EPFZFVrXuveEQar9LaEkt5kDRPMnbvK54qu5FwCxpkcy,AiSol,Asia,Japan,3,14
20260610-164405#108950343457,425587279,33,5ejbTALcBsKQ7Cj1iSuu2mY5jqbYHqh9gF5ERXLiYj1z,,Europe,Lithuania,3,14
20260610-164405#108950343944,425587281,8,CAo1dCGYrB6NhHh5xb1cGjUiu86iyCfMTENxgHumSve4,Kraken 2,North America,United States,3,14
20260610-164405#108950353444,425587318,36,E1r4Psq84tHfQ6aPTvvDka4U3u8zPVD7gEUrH25RdxHL,Bitwise Onchain Solutions,Europe,Germany,2,15
20260610-164405#108950353963,425587320,43,FBKFWadXZJahGtFitAsBvbqh5968gLY7dMBBJUoUjeNi,,Europe,Ireland,2,15
20260610-164405#108950354181,425587321,5,FBKFWadXZJahGtFitAsBvbqh5968gLY7dMBBJUoUjeNi,,Europe,Ireland,2,15
20260610-164405#108950355255,425587325,55,AMukCLCr52XxsEjXoDxKKxjNg4FpnsReXNaQx8aR6DJF,,Europe,Netherlands,1,16
20260610-164405#108950355759,425587327,47,AMukCLCr52XxsEjXoDxKKxjNg4FpnsReXNaQx8aR6DJF,,Europe,Netherlands,3,14
20260610-164405#108950380060,425587422,28,FzQqaDStQQHs52YKeCnDovwSqvyZBCgs2kJcmvoFZwaS,,Asia,Singapore,3,14
20260610-164405#108950380297,425587423,9,FzQqaDStQQHs52YKeCnDovwSqvyZBCgs2kJcmvoFZwaS,,Asia,Singapore,1,16
20260610-164405#108950385703,425587444,39,AEHqTB2RtJjegsR2ePjvoJSm6AA5pnYKWVbcsn6kqTBD,,Europe,Netherlands,0,17
20260610-164405#108950389813,425587460,53,HEL1USMZKAL2odpNBj2oCjffnFGaYwmbGmyewGv1e2TU,Helius,Europe,United Kingdom,2,15
20260610-164405#108950390040,425587461,24,HEL1USMZKAL2odpNBj2oCjffnFGaYwmbGmyewGv1e2TU,Helius,Europe,United Kingdom,1,16
20260610-164405#108950390577,425587463,49,HEL1USMZKAL2odpNBj2oCjffnFGaYwmbGmyewGv1e2TU,Helius,Europe,United Kingdom,3,14
20260610-164405#108950392890,425587472,58,EkvdKhULbMFqjKBKotAzGi3kwMvMpYNDKJXXQQmi6C1f,,Europe,Netherlands,0,17
20260610-164405#108950406923,425587527,11,HM1KjNaXa4w8K4gCXbieoMh5gUTNeUhg9fvdXMKeBW3L,Hello Moon,Europe,Germany,3,14
20260610-164405#108950411572,425587545,52,9jxgosAfHgHzwnxsHw4RAZYaLVokMbnYtmiZBreynGFP,,Europe,Netherlands,1,16
20260610-164405#108950416681,425587565,41,5Cchr1XGEg7dbBXByV5NY2ad8jfxAM7HA3x8D56rq9Ux,Upbit Staking,North America,United States,0,17
20260610-164405#108950416918,425587566,22,5Cchr1XGEg7dbBXByV5NY2ad8jfxAM7HA3x8D56rq9Ux,Upbit Staking,North America,United States,3,14
20260610-164405#108950421011,425587582,19,6yFGGAgYpBxgYPuHW4rv7hJmhKrUiXKyHkpVGaYtKrwE,Watchtower,North America,United States,1,16
20260610-164405#108950432021,425587625,21,3JotfSFPaod4KVK7nj7ULvcq5PjUBdZNVGracNkJNhrt,,Europe,Germany,2,15
20260610-164405#108950432316,425587626,60,3JotfSFPaod4KVK7nj7ULvcq5PjUBdZNVGracNkJNhrt,,Europe,Germany,0,17
20260610-164405#108950439742,425587655,62,3Rv6ZVGUuRczP76322LyhTTYw2iM4avV4B5xFJocQJer,Gaxx Validator,North America,United States,0,17
20260610-164405#108950442524,425587666,28,9W3QTgBhkU4Bwg6cwnDJo6eGZ9BtZafSdu1Lo9JmWws7,Coinbase 03,Asia,Japan,3,14
20260610-164405#108950448428,425587689,44,DTSUkYHd2e9P2HLyZfbLarsbDdPhQUhZnWjRYuJZQRC8,Temporal Emerald,Europe,Netherlands,3,14
20260610-164405#108950459676,425587733,28,2m1A2WM1vte7RWz5xTTw4i1SiXmngVtXhqFERaUjoAAb,,North America,United States,3,14
20260610-164405#108950473226,425587786,10,EvnRmnMrd69kFdbLMxWkTn1icZ7DCceRhvmb2SJXqDo4,Everstake,Europe,Germany,3,14
20260610-164405#108950473495,425587787,23,EvnRmnMrd69kFdbLMxWkTn1icZ7DCceRhvmb2SJXqDo4,Everstake,Europe,Germany,2,15
20260610-164405#108950479900,425587812,28,VQwCCSfW3o5NDx7n5FBr9SoYiLXVgetstHvaWBvv2YH,,North America,United States,3,14
20260610-164405#108950480162,425587813,34,VQwCCSfW3o5NDx7n5FBr9SoYiLXVgetstHvaWBvv2YH,,North America,United States,2,15
20260610-164405#108950481708,425587819,44,GwHH8ciFhR8vejWCqmg8FWZUCNtubPY2esALvy5tBvji,ART3MIS.CLOUD ☘️,Europe,Netherlands,2,15
20260610-164405#108950482210,425587821,34,5TGfVQV1S3wHE9hkgGaQkRoPC7xZxiqwMcjQZxVYsf1j,Sanctum,Europe,Germany,2,15
20260610-164405#108950482750,425587823,62,5TGfVQV1S3wHE9hkgGaQkRoPC7xZxiqwMcjQZxVYsf1j,Sanctum,Europe,Germany,3,14
20260610-164405#108950482960,425587824,16,CAo1dCGYrB6NhHh5xb1cGjUiu86iyCfMTENxgHumSve4,Kraken 2,North America,United States,0,17
20260610-164405#108950498347,425587884,43,Fd7btgySsrjuo25CJCj7oE7VPMyezDhnx7pZkj2v69Nk,Figment,North America,Canada,2,15
20260610-164405#108950529844,425588007,52,5pPRHniefFjkiaArbGX3Y8NUysJmQ9tMZg3FrFGwHzSm,Kiln1,Europe,Netherlands,1,16
20260610-164405#108950536201,425588032,9,DCdTPyDbXNHrmdv4ZyPPzEfY4mPAqH4hDPtowAteoNgv,bloXroute US,North America,United States,0,17
20260610-164405#108950536471,425588033,23,DCdTPyDbXNHrmdv4ZyPPzEfY4mPAqH4hDPtowAteoNgv,bloXroute US,North America,United States,3,14
20260610-164405#108950549001,425588082,9,BUv44cVtsdvU9z2BfFGk6s5JZZWrmVnq5qCaii5ARyyB,,Europe,Netherlands,3,14
20260610-164405#108950552079,425588094,15,Fd7btgySsrjuo25CJCj7oE7VPMyezDhnx7pZkj2v69Nk,Figment,North America,Canada,2,15
20260610-164405#108950556988,425588113,60,9eGrDohdNTAo61DRHyfMuqKWXqYnA3i254Wiszxe8FoY,Galaxy,North America,United States,1,16
20260610-164405#108950565398,425588146,22,GSTampk6BJRKSDkzhaMM49R7qRx98MTPYYWvKbp83XKc,,Europe,Netherlands,3,14
20260610-164405#108950582557,425588213,29,6TkKqq15wXjqEjNg9zqTKADwuVATR9dW3rkNnsYme1ea,melea 🚀 SOL 🤑2K,Europe,Netherlands,3,14
20260610-164405#108950583872,425588218,64,Fc6NNdS2j3EmrWbU6Uqt6wsKB5ef72NjaWfNxKYbULGD,OKX Earn,Asia,Singapore,3,14
20260610-164405#108950590984,425588246,8,6yFGGAgYpBxgYPuHW4rv7hJmhKrUiXKyHkpVGaYtKrwE,Watchtower,North America,United States,2,15
20260610-164405#108950591765,425588249,21,GoeW4aFK4dGoekJySgUynWDxBZiQJqm8GDAF4H53tDK9,Twinstake,North America,,1,16
20260610-164405#108950592019,425588250,19,GoeW4aFK4dGoekJySgUynWDxBZiQJqm8GDAF4H53tDK9,Twinstake,North America,,2,15
20260610-164405#108950594353,425588259,49,HEL1USMZKAL2odpNBj2oCjffnFGaYwmbGmyewGv1e2TU,Helius,Europe,United Kingdom,1,16
20260610-164405#108950597669,425588272,37,6TkKqq15wXjqEjNg9zqTKADwuVATR9dW3rkNnsYme1ea,melea 🚀 SOL 🤑2K,Europe,Netherlands,2,15
20260610-164405#108950609726,425588319,62,7QQGNm3ptwinipDCyaCF7jY5katgmFUu1ieP2f7nwLpE,,Europe,Lithuania,3,14
20260610-164405#108950610236,425588321,60,6aDs9tUm2gErcPn2c1TZnp5cu2bQV9BzyuwW4baWQYd4,Coinbase 05,Europe,Ireland,2,15
20260610-164405#108950615852,425588343,44,ChorusmmK7i1AxXeiTtQgQZhQNiXYU84ULeaYF1EH15n,Bitwise Onchain Solutions 02,Europe,Netherlands,0,17
20260610-164405#108950616082,425588344,18,5TGfVQV1S3wHE9hkgGaQkRoPC7xZxiqwMcjQZxVYsf1j,Sanctum,Europe,Germany,3,14
20260610-164405#108950616326,425588345,6,5TGfVQV1S3wHE9hkgGaQkRoPC7xZxiqwMcjQZxVYsf1j,Sanctum,Europe,Germany,2,15
20260610-164405#108950616624,425588346,48,5TGfVQV1S3wHE9hkgGaQkRoPC7xZxiqwMcjQZxVYsf1j,Sanctum,Europe,Germany,0,17
20260610-164405#108950621991,425588367,39,EvnRmnMrd69kFdbLMxWkTn1icZ7DCceRhvmb2SJXqDo4,Everstake,Europe,Germany,1,16
20260610-164405#108950636852,425588425,52,GSTampk6BJRKSDkzhaMM49R7qRx98MTPYYWvKbp83XKc,,Europe,Netherlands,2,15
20260610-164405#108950647334,425588466,38,CAo1dCGYrB6NhHh5xb1cGjUiu86iyCfMTENxgHumSve4,Kraken 2,North America,United States,3,14
20260610-164405#108950657798,425588507,6,6xWLi1TDSh65fWsSqE1zdvANTSuVDRMx4ghsGJwgunS8,Solana Validator,Europe,Germany,3,14
20260610-164405#108950673686,425588569,22,HEL1USMZKAL2odpNBj2oCjffnFGaYwmbGmyewGv1e2TU,Helius,Europe,United Kingdom,2,15
20260610-164405#108950689281,425588630,1,ChorusmmK7i1AxXeiTtQgQZhQNiXYU84ULeaYF1EH15n,Bitwise Onchain Solutions 02,Europe,Netherlands,1,16
20260610-164405#108950689540,425588631,4,ChorusmmK7i1AxXeiTtQgQZhQNiXYU84ULeaYF1EH15n,Bitwise Onchain Solutions 02,Europe,Netherlands,2,15
20260610-164405#108950692620,425588643,12,shftkxnsXmqAkmLgz9Mn7bNB5Fr6mKgFc58kFHfVikj,blueshift,Europe,Germany,1,16
20260610-164405#108950693387,425588646,11,Fc6NNdS2j3EmrWbU6Uqt6wsKB5ef72NjaWfNxKYbULGD,OKX Earn,Asia,Singapore,1,16
20260610-164405#108950693683,425588647,51,Fc6NNdS2j3EmrWbU6Uqt6wsKB5ef72NjaWfNxKYbULGD,OKX Earn,Asia,Singapore,2,15
20260610-164405#108950695208,425588653,40,EvnRmnMrd69kFdbLMxWkTn1icZ7DCceRhvmb2SJXqDo4,Everstake,Europe,Germany,1,16
20260610-164405#108950695480,425588654,56,EvnRmnMrd69kFdbLMxWkTn1icZ7DCceRhvmb2SJXqDo4,Everstake,Europe,Germany,2,15
20260610-164405#108950695966,425588656,30,Gv9gguvrAkgQtB5g5a3Un7trcHCxLYsk8vSojLmQMsWV,,Europe,United Kingdom,0,17
20260610-164405#108950713380,425588724,36,8GLRbAstsabZuZUx73AoyfGi1FRCWSUhRgMugFyofEz7,Syncnode | 0% Fees  | Genesis Validator,Europe,Netherlands,3,14
20260610-164405#108950716480,425588736,64,3SkE34PVeGck2ArEffFKjihrQgURsvnoTAhitsNXNzXd,,Europe,Sweden,2,15
20260610-164405#108950716718,425588737,46,3SkE34PVeGck2ArEffFKjihrQgURsvnoTAhitsNXNzXd,,Europe,Sweden,3,14
20260610-164405#108950731789,425588796,13,EkvdKhULbMFqjKBKotAzGi3kwMvMpYNDKJXXQQmi6C1f,,Europe,Netherlands,2,15
20260610-164405#108950743082,425588840,42,9jxgosAfHgHzwnxsHw4RAZYaLVokMbnYtmiZBreynGFP,,Europe,Netherlands,0,17
20260610-164405#108950749474,425588865,34,EvnRmnMrd69kFdbLMxWkTn1icZ7DCceRhvmb2SJXqDo4,Everstake,Europe,Germany,1,16
20260610-164405#108950749749,425588866,53,EvnRmnMrd69kFdbLMxWkTn1icZ7DCceRhvmb2SJXqDo4,Everstake,Europe,Germany,3,14
20260610-164405#108950752782,425588878,14,DrifTrN923QaouP89UxkQzFGbumKPCnfkNYQRwmZxatz,Drift,Europe,Netherlands,2,15
20260610-164405#108950753581,425588881,45,3SkE34PVeGck2ArEffFKjihrQgURsvnoTAhitsNXNzXd,,Europe,Sweden,2,15
20260610-164405#108950763834,425588921,58,FbYX2uN573G5WsgiPdHU6fS5PNUyjdXfGfpZNkYUuT4k,,Europe,Sweden,3,14
20260610-164405#108950767164,425588934,60,gotasRuLTuJNZDtLHmaDJpEUjCWZqkHcuwbLhkgCwCX,Gotas,South America,Brazil,1,16
20260610-164405#108950775593,425588967,41,privaEdSEmnMPGPoQACUkcDGkFBbTArVvsEGd7C5wUM,,Europe,Germany,1,16
20260610-164405#108950782229,425588993,21,AHZxzLeRGRfNVFrCmP58iJgEwbcXyZeAkZ32CmbfEmYR,,North America,United States,3,14
20260610-164405#108950782521,425588994,57,AHZxzLeRGRfNVFrCmP58iJgEwbcXyZeAkZ32CmbfEmYR,,North America,United States,0,17
20260610-164405#108950782725,425588995,5,AHZxzLeRGRfNVFrCmP58iJgEwbcXyZeAkZ32CmbfEmYR,,North America,United States,3,14
20260610-164405#108950788867,425589019,3,2m1A2WM1vte7RWz5xTTw4i1SiXmngVtXhqFERaUjoAAb,,North America,United States,2,15
20260610-164405#108950800389,425589064,5,CAo1dCGYrB6NhHh5xb1cGjUiu86iyCfMTENxgHumSve4,Kraken 2,North America,United States,2,15
20260610-164405#108950802224,425589071,48,shftkxnsXmqAkmLgz9Mn7bNB5Fr6mKgFc58kFHfVikj,blueshift,Europe,Germany,2,15
20260610-164405#108950807054,425589090,14,7cVfgArCheMR6Cs4t6vz5rfnqd56vZq4ndaBrY5xkxXy,Blockdaemon 🧱👿 Validator,Europe,Netherlands,3,14
20260610-164405#108950809131,425589098,43,9rkJMARqK6VBkcxGfKBAwnA44gPAfGxPbPsfsggFNDSQ,,Europe,Germany,1,16
20260610-164405#108950809347,425589099,3,9rkJMARqK6VBkcxGfKBAwnA44gPAfGxPbPsfsggFNDSQ,,Europe,Germany,3,14
20260610-164405#108950810652,425589104,28,Fd7btgySsrjuo25CJCj7oE7VPMyezDhnx7pZkj2v69Nk,Figment,North America,Canada,0,17
20260610-164405#108950810932,425589105,52,Fd7btgySsrjuo25CJCj7oE7VPMyezDhnx7pZkj2v69Nk,Figment,North America,Canada,1,16
20260610-164405#108950811150,425589106,14,Fd7btgySsrjuo25CJCj7oE7VPMyezDhnx7pZkj2v69Nk,Figment,North America,Canada,3,14
20260610-164405#108950811690,425589108,42,DNVZMSqeRH18Xa4MCTrb1MndNf3Npg4MEwqswo23eWkf,Firedancer Development,Europe,Germany,1,16
20260610-164405#108950824965,425589160,5,DRpbCBMxVnDK7maPM5tGv6MvB3v1sRMC86PZ8okm21hy,binance staking,North America,United States,3,14
20260610-164405#108950826246,425589165,6,DRpbCBMxVnDK7maPM5tGv6MvB3v1sRMC86PZ8okm21hy,binance staking,North America,United States,3,14
20260610-164405#108950830391,425589181,55,FZrSKKsKfZJovcQWRQFDXz8DbHKCSRZLZqbBAGd1dG57,,Europe,Netherlands,1,16
20260610-164405#108950830654,425589182,62,FZrSKKsKfZJovcQWRQFDXz8DbHKCSRZLZqbBAGd1dG57,,Europe,Netherlands,3,14
20260610-164405#108950830867,425589183,19,FZrSKKsKfZJovcQWRQFDXz8DbHKCSRZLZqbBAGd1dG57,,Europe,Netherlands,1,16
20260610-164405#108950836026,425589203,58,DRpbCBMxVnDK7maPM5tGv6MvB3v1sRMC86PZ8okm21hy,binance staking,North America,United States,0,17
20260610-164405#108950838292,425589212,20,BtsmiEEvnSuUnKxqXj2PZRYpPJAc7C34mGz8gtJ1DAaH,,Europe,Germany,2,15
20260610-164405#108950838578,425589213,50,BtsmiEEvnSuUnKxqXj2PZRYpPJAc7C34mGz8gtJ1DAaH,,Europe,Germany,2,15
20260610-164405#108950851607,425589264,23,BuoZ7q6faiJNTN24r7Kcj8dp96axs5XPEKXmWGsh2pDE,,North America,United States,3,14
20260610-164405#108950851863,425589265,23,BuoZ7q6faiJNTN24r7Kcj8dp96axs5XPEKXmWGsh2pDE,,North America,United States,1,16
20260610-164405#108950852105,425589266,9,BuoZ7q6faiJNTN24r7Kcj8dp96axs5XPEKXmWGsh2pDE,,North America,United States,2,15
20260610-164405#108950852382,425589267,30,BuoZ7q6faiJNTN24r7Kcj8dp96axs5XPEKXmWGsh2pDE,,North America,United States,2,15
20260610-164405#108950852901,425589269,37,EvnRmnMrd69kFdbLMxWkTn1icZ7DCceRhvmb2SJXqDo4,Everstake,Europe,Germany,3,14
20260610-164405#108950862646,425589307,54,AqyRvpjjSN6jWYPxijoJwhmKwJFk6fRYDh9fQZHcJ2o7,STSS Validator,Europe,Germany,2,15
20260610-164405#108950862902,425589308,54,Stakex4B2tpDHPWGvV1dninfiaYCGdakgTknpzPitLh,Stake.org,Europe,Germany,3,14
20260610-164405#108950863106,425589309,2,Stakex4B2tpDHPWGvV1dninfiaYCGdakgTknpzPitLh,Stake.org,Europe,Germany,2,15
20260610-164405#108950863626,425589311,10,Stakex4B2tpDHPWGvV1dninfiaYCGdakgTknpzPitLh,Stake.org,Europe,Germany,3,14
20260610-164405#108950874649,425589354,25,5ZqveVffQPiUbkjBg4KD9kib1MKHLqiFno4ke9jSq9qk,,Europe,Germany,2,15
20260610-164405#108950875660,425589358,12,5TGfVQV1S3wHE9hkgGaQkRoPC7xZxiqwMcjQZxVYsf1j,Sanctum,Europe,Germany,2,15
20260610-164405#108950877248,425589364,64,HaLanfo94ezLc3JZ55qqxr7W3qbe1PprJyv2uEtriEqN,Bella2.0,Europe,Lithuania,3,14
20260610-164405#108950891327,425589419,63,DRpbCBMxVnDK7maPM5tGv6MvB3v1sRMC86PZ8okm21hy,binance staking,North America,United States,2,15
20260610-164405#108950895418,425589435,58,Pid6HQnMCFb9izqX9i7X6ePdUPieGmjHoPxC1Jfooix,Pine Stake,South America,Brazil,2,15
20260610-164405#108950898949,425589449,5,HTeRsa3gm3CGrizMoCrtWj4uBZ1NKYcGqh8jfBu2u3Jo,,Europe,United Kingdom,3,14
20260610-164405#108950899489,425589451,33,HTeRsa3gm3CGrizMoCrtWj4uBZ1NKYcGqh8jfBu2u3Jo,,Europe,United Kingdom,3,14
20260610-164405#108950908706,425589487,34,JupmVLmA8RoyTUbTMMuTtoPWHEiNQobxgTeGTrPNkzT,Jupiter,Europe,Germany,2,15
20260610-164405#108950915365,425589513,37,GoeW4aFK4dGoekJySgUynWDxBZiQJqm8GDAF4H53tDK9,Twinstake,North America,,1,16
20260610-164405#108950919218,425589528,50,9jxgosAfHgHzwnxsHw4RAZYaLVokMbnYtmiZBreynGFP,,Europe,Netherlands,0,17
20260610-164405#108950919444,425589529,20,9jxgosAfHgHzwnxsHw4RAZYaLVokMbnYtmiZBreynGFP,,Europe,Netherlands,3,14
20260610-164405#108950921005,425589535,45,HpcB5Qg8Y9E73dUkot5e8HkgAJbExsYeUzniY4bCuKac,,Europe,Lithuania,3,14
20260610-164405#108950923562,425589545,42,JD549HsbJHeEKKUrKgg4Fj2iyv2RGjsV7NTZjZUrHybB,Forward Industries,North America,United States,1,16
20260610-164405#108950924080,425589547,48,JD549HsbJHeEKKUrKgg4Fj2iyv2RGjsV7NTZjZUrHybB,Forward Industries,North America,United States,2,15
20260610-164405#108950924290,425589548,2,mrgn4sJJu5GBa5wbKyjuASzhyCifvcedGoLtpKjB3Wf,Project 0 Meridian,Europe,Germany,2,15
20260610-164405#108950926357,425589556,21,EXckihF3qmguH5znjhfzLvHsbk2E3nEW2DqNh4MMnDMm,,Europe,Germany,1,16
20260610-164405#108950927136,425589559,32,EXckihF3qmguH5znjhfzLvHsbk2E3nEW2DqNh4MMnDMm,,Europe,Germany,1,16
20260610-164405#108950942763,425589620,43,peNgUgnzs1jGogUPW8SThXMvzNpzKSNf3om78xVPAYx,PENGU Validator,North America,United States,2,15
20260610-164405#108950942990,425589621,14,peNgUgnzs1jGogUPW8SThXMvzNpzKSNf3om78xVPAYx,PENGU Validator,North America,United States,3,14
20260610-164405#108950945587,425589631,51,JD549HsbJHeEKKUrKgg4Fj2iyv2RGjsV7NTZjZUrHybB,Forward Industries,North America,United States,0,17
20260610-164405#108950946596,425589635,36,D4r6Rcua2L7nHHhdaiZe2k2bTfPg2WQqcNYpG6bugvCG,Limitless Systems,Europe,Germany,2,15
20260610-164405#108950949160,425589645,40,6TkKqq15wXjqEjNg9zqTKADwuVATR9dW3rkNnsYme1ea,melea 🚀 SOL 🤑2K,Europe,Netherlands,1,16
20260610-164405#108950949636,425589647,4,6TkKqq15wXjqEjNg9zqTKADwuVATR9dW3rkNnsYme1ea,melea 🚀 SOL 🤑2K,Europe,Netherlands,2,15
20260610-164405#108950949914,425589648,26,58KprHKFNHgH1Cvo4QwxWkDeJNaSQVteCoAAFUWjtESn,Flash,Europe,Lithuania,2,15
20260610-164405#108950963718,425589702,6,3tzpLMWRkWucvTRWU5PjgKzN1iwJuV69yCCjmuuo4gTk,TruFin by Twinstake,Europe,United Kingdom,1,16
20260610-164405#108950975037,425589746,61,Aw5wEMXhbygFLR7jHtHpih8QvxVBGAMTqsQ2SjWPk1ex,,Europe,Netherlands,2,15
20260610-164405#108950975233,425589747,1,Aw5wEMXhbygFLR7jHtHpih8QvxVBGAMTqsQ2SjWPk1ex,,Europe,Netherlands,3,14
20260610-164405#108950991369,425589810,9,3cZSHGfNdaULpFAvGbWbxpVwzXB4gHdk8NFucPNR5pgA,Ghost,North America,United States,3,14
20260610-164405#108950996251,425589829,27,A1vqhA2fS6K7CvHsJKX1ACcHJFEmyRg4KuR5pctHANy4,,Europe,Netherlands,2,15
20260610-164405#108950996746,425589831,10,A1vqhA2fS6K7CvHsJKX1ACcHJFEmyRg4KuR5pctHANy4,,Europe,Netherlands,1,16
20260610-164405#108950996995,425589832,3,HEL1USMZKAL2odpNBj2oCjffnFGaYwmbGmyewGv1e2TU,Helius,Europe,United Kingdom,0,17
20260610-164405#108950999568,425589842,16,FNKgX9dYUhYQFRTM9bkeKoRpsyEtZGNMxbdQLDzfqB8a,Coinbase 04,Europe,Netherlands,2,15
20260610-164405#108950999858,425589843,50,FNKgX9dYUhYQFRTM9bkeKoRpsyEtZGNMxbdQLDzfqB8a,Coinbase 04,Europe,Netherlands,2,15
20260610-164405#108951007523,425589873,35,q9XWcZ7T1wP4bW9SB4XgNNwjnFEJ982nE8aVbbNuwot,Ledger by Figment,Europe,Germany,3,14
20260610-164405#108951014930,425589902,18,J6etcxDdYjPHrtyvDXrbCkx3q9W1UjMj1vy1jBFPJEbK,,North America,United States,2,15
20260610-164405#108951022379,425589931,43,5ZqveVffQPiUbkjBg4KD9kib1MKHLqiFno4ke9jSq9qk,,Europe,Germany,2,15
20260610-164405#108951024412,425589939,28,9jxgosAfHgHzwnxsHw4RAZYaLVokMbnYtmiZBreynGFP,,Europe,Netherlands,3,14
20260610-164405#108951025950,425589945,30,9eGrDohdNTAo61DRHyfMuqKWXqYnA3i254Wiszxe8FoY,Galaxy,North America,United States,1,16
20260610-164405#108951031313,425589966,17,JupmVLmA8RoyTUbTMMuTtoPWHEiNQobxgTeGTrPNkzT,Jupiter,Europe,Germany,3,14
20260610-164405#108951036717,425589987,45,DNVZMSqeRH18Xa4MCTrb1MndNf3Npg4MEwqswo23eWkf,Firedancer Development,Europe,Germany,3,14
20260610-164405#108951037231,425589989,47,ChorusmmK7i1AxXeiTtQgQZhQNiXYU84ULeaYF1EH15n,Bitwise Onchain Solutions 02,Europe,Netherlands,0,17
20260610-164405#108951040529,425590002,17,BoNKmNCGvoHS4CkKvYRnF21iEpUP827pZjhFGdA4t5as,BONK,North America,United States,2,15
20260610-164405#108951043608,425590014,24,GmCxjmjKZoaKN1DKunbYq8RCYib94Nm3sHyncFfofaF5,Rocket,Europe,Lithuania,3,14
20260610-164405#108951044917,425590019,53,CAo1dCGYrB6NhHh5xb1cGjUiu86iyCfMTENxgHumSve4,Kraken 2,North America,United States,2,15
20260610-164405#108951045379,425590021,3,9jxgosAfHgHzwnxsHw4RAZYaLVokMbnYtmiZBreynGFP,,Europe,Netherlands,2,15
20260610-164405#108951045934,425590023,46,9jxgosAfHgHzwnxsHw4RAZYaLVokMbnYtmiZBreynGFP,,Europe,Netherlands,2,15
20260610-164405#108951046190,425590024,46,HEL1USMZKAL2odpNBj2oCjffnFGaYwmbGmyewGv1e2TU,Helius,Europe,United Kingdom,2,15
20260610-164405#108951046404,425590025,4,HEL1USMZKAL2odpNBj2oCjffnFGaYwmbGmyewGv1e2TU,Helius,Europe,United Kingdom,2,15
20260610-164405#108951046700,425590026,44,HEL1USMZKAL2odpNBj2oCjffnFGaYwmbGmyewGv1e2TU,Helius,Europe,United Kingdom,2,15
20260610-164405#108951046934,425590027,22,HEL1USMZKAL2odpNBj2oCjffnFGaYwmbGmyewGv1e2TU,Helius,Europe,United Kingdom,3,14
20260610-164405#108951047223,425590028,55,32ke3uf1qL3xLqbwzU76T2sbG2XaJrGuSCNdUnien3zm,FalconX,North America,Canada,1,16
20260610-164405#108951063572,425590092,20,A1vqhA2fS6K7CvHsJKX1ACcHJFEmyRg4KuR5pctHANy4,,Europe,Netherlands,2,15
20260610-164405#108951069502,425590115,62,icex1C6pnZxznQWiHZZANjGU8nZ8kNquFnjyY7XXrXE,BrewlabsHQ,Asia,Hong Kong S.A.R.,3,14
20260610-164405#108951071007,425590121,31,GSTampk6BJRKSDkzhaMM49R7qRx98MTPYYWvKbp83XKc,,Europe,Netherlands,2,15
20260610-164405#108951072772,425590128,4,shftkxnsXmqAkmLgz9Mn7bNB5Fr6mKgFc58kFHfVikj,blueshift,Europe,Germany,3,14
20260610-164405#108951078940,425590152,28,DRpbCBMxVnDK7maPM5tGv6MvB3v1sRMC86PZ8okm21hy,binance staking,North America,United States,1,16
20260610-164405#108951079188,425590153,20,DRpbCBMxVnDK7maPM5tGv6MvB3v1sRMC86PZ8okm21hy,binance staking,North America,United States,3,14
20260610-164405#108951088924,425590191,28,4NwpynvugnHvyLzr5h9Y7mw44saGJXDNoBjm6wgMiYDr,,Europe,Netherlands,2,15
20260610-164405#108951098130,425590227,18,8uJiHDJ1b7UDQ4KFsQGJXK9nUCkokdKRJymg1Wy9nxvM,Alpha,Europe,Lithuania,3,14
20260610-164405#108951105802,425590257,10,9UM8wQ8F5oMiRcP5YdqD6Lr4krpBWCD8LtgQYoisJd9i,,Europe,United Kingdom,2,15
20260610-164405#108951106110,425590258,62,9UM8wQ8F5oMiRcP5YdqD6Lr4krpBWCD8LtgQYoisJd9i,,Europe,United Kingdom,0,17
20260610-164405#108951107116,425590262,44,Awes4Tr6TX8JDzEhCZY2QVNimT6iD1zWHzf1vNyGvpLM,Staking Facilities | MEV 🔥,Europe,Germany,1,16
20260610-164405#108951117065,425590301,9,CAo1dCGYrB6NhHh5xb1cGjUiu86iyCfMTENxgHumSve4,Kraken 2,North America,United States,3,14
20260610-164405#108951127353,425590341,57,HnfPZDrbJFooiP9vvgWrjx3baXVNAZCgisT58gyMCgML,,Asia,Singapore,3,14
20260610-164405#108951129371,425590349,27,BGAjnivVWqLqByqCVT9dSyPUFicvyJrz7vRvrvui3SEk,,Europe,Germany,3,14
20260610-164405#108951131451,425590357,59,Gv9gguvrAkgQtB5g5a3Un7trcHCxLYsk8vSojLmQMsWV,,Europe,United Kingdom,2,15
20260610-164405#108951134234,425590368,26,7qGNnXKW1e3DsqEaSxwxMdBTFsrK73XtWTmkGitRyMQc,Alchemy,Asia,Singapore,2,15
20260610-164405#108951136532,425590377,20,3Pfubj3ytkRxFAGwFb5vtacuZJUxko5Du39xie9MBXuC,[NODERS],Asia,Japan,1,16
20260610-164405#108951148089,425590422,57,Awes4Tr6TX8JDzEhCZY2QVNimT6iD1zWHzf1vNyGvpLM,Staking Facilities | MEV 🔥,Europe,Germany,0,17
20260610-164405#108951162929,425590480,49,CAo1dCGYrB6NhHh5xb1cGjUiu86iyCfMTENxgHumSve4,Kraken 2,North America,United States,2,15
20260610-164405#108951167770,425590499,26,5pPRHniefFjkiaArbGX3Y8NUysJmQ9tMZg3FrFGwHzSm,Kiln1,Europe,Netherlands,1,16
20260610-164405#108951174938,425590527,26,CXPeim1wQMkcTvEHx9QdhgKREYYJD8bnaCCqPRwJ1to1,Jito1,Asia,Japan,3,14
20260610-164405#108951179313,425590544,49,4uH4G6YiD5G8rU3mtPg73C2Uqamrqedy3FboTZcZrh6x,Windfall,Asia,Hong Kong S.A.R.,1,16
20260610-164405#108951179562,425590545,42,4uH4G6YiD5G8rU3mtPg73C2Uqamrqedy3FboTZcZrh6x,Windfall,Asia,Hong Kong S.A.R.,3,14
20260610-164405#108951185444,425590568,36,DRpbCBMxVnDK7maPM5tGv6MvB3v1sRMC86PZ8okm21hy,binance staking,North America,United States,2,15
20260610-164405#108951185727,425590569,63,DRpbCBMxVnDK7maPM5tGv6MvB3v1sRMC86PZ8okm21hy,binance staking,North America,United States,1,16
20260610-164405#108951194401,425590603,33,ana2y2YvQ3ZPMwm6qhnN3nJoUSiT3qx5Pvetkq9xcfY,Anagram Staking,Europe,France,2,15
20260610-164405#108951202838,425590636,22,JupmVLmA8RoyTUbTMMuTtoPWHEiNQobxgTeGTrPNkzT,Jupiter,Europe,Germany,1,16
20260610-164405#108951203076,425590637,4,JupmVLmA8RoyTUbTMMuTtoPWHEiNQobxgTeGTrPNkzT,Jupiter,Europe,Germany,2,15
20260610-164405#108951204650,425590643,42,23SUe5fzmLws1M58AnGnvnUBRUKJmzCpnFQwv4M4b9Er,Stakin by The Tie,Europe,Germany,3,14
20260610-164405#108951207184,425590653,16,Awes4Tr6TX8JDzEhCZY2QVNimT6iD1zWHzf1vNyGvpLM,Staking Facilities | MEV 🔥,Europe,Germany,1,16
20260610-164405#108951207448,425590654,24,Awes4Tr6TX8JDzEhCZY2QVNimT6iD1zWHzf1vNyGvpLM,Staking Facilities | MEV 🔥,Europe,Germany,3,14
20260610-164405#108951217937,425590695,17,7QQGNm3ptwinipDCyaCF7jY5katgmFUu1ieP2f7nwLpE,,Europe,Lithuania,2,15
20260610-164405#108951219510,425590701,54,J6etcxDdYjPHrtyvDXrbCkx3q9W1UjMj1vy1jBFPJEbK,,North America,United States,2,15
20260610-164405#108951221776,425590710,16,9eGrDohdNTAo61DRHyfMuqKWXqYnA3i254Wiszxe8FoY,Galaxy,North America,United States,0,17
20260610-164405#108951222835,425590714,51,HEL1USMZKAL2odpNBj2oCjffnFGaYwmbGmyewGv1e2TU,Helius,Europe,United Kingdom,0,17
20260610-164405#108951224613,425590721,37,DRpbCBMxVnDK7maPM5tGv6MvB3v1sRMC86PZ8okm21hy,binance staking,North America,United States,1,16
20260610-164405#108951225350,425590724,6,9jxgosAfHgHzwnxsHw4RAZYaLVokMbnYtmiZBreynGFP,,Europe,Netherlands,3,14
20260610-164405#108951233338,425590755,58,q9XWcZ7T1wP4bW9SB4XgNNwjnFEJ982nE8aVbbNuwot,Ledger by Figment,Europe,Germany,3,14
20260610-164405#108951235330,425590763,2,krakeNd6ednDPEXxHAmoBs1qKVM8kLg79PvWF2mhXV1,Kraken,North America,United States,3,14
20260610-164405#108951243283,425590794,19,5TGfVQV1S3wHE9hkgGaQkRoPC7xZxiqwMcjQZxVYsf1j,Sanctum,Europe,Germany,3,14
20260610-164405#108951266600,425590885,40,Awes4Tr6TX8JDzEhCZY2QVNimT6iD1zWHzf1vNyGvpLM,Staking Facilities | MEV 🔥,Europe,Germany,0,17
20260610-164405#108951267842,425590890,2,Awes4Tr6TX8JDzEhCZY2QVNimT6iD1zWHzf1vNyGvpLM,Staking Facilities | MEV 🔥,Europe,Germany,3,14
20260610-164405#108951272249,425590907,57,7PdKhpKz7T39vZHFL1UfcYNDsLvay6hp4KPQq1aUckFf,Alpha Pro | High APY🚀 100% Reliable ⭐ VIP Services,Europe,Germany,2,15
20260610-164405#108951281694,425590944,30,EvnRmnMrd69kFdbLMxWkTn1icZ7DCceRhvmb2SJXqDo4,Everstake,Europe,Germany,2,15
20260610-164405#108951282987,425590949,43,5EhGYUyQNrxgUbuYF4vbL2SZDT6RMfhq3yjeyevvULeC,,Asia,Japan,3,14
20260610-164405#108951283737,425590952,25,HEL1USMZKAL2odpNBj2oCjffnFGaYwmbGmyewGv1e2TU,Helius,Europe,United Kingdom,2,15
20260610-164405#108951285023,425590957,31,22rU5yUmdVThrkoPieVNphqEyAtMQKmZxjwcD8v4bJDU,,Europe,Netherlands,3,14
20260610-164405#108951285254,425590958,6,22rU5yUmdVThrkoPieVNphqEyAtMQKmZxjwcD8v4bJDU,,Europe,Netherlands,2,15
20260610-164405#108951285539,425590959,35,22rU5yUmdVThrkoPieVNphqEyAtMQKmZxjwcD8v4bJDU,,Europe,Netherlands,2,15
20260610-164405#108951288349,425590970,29,Fd7btgySsrjuo25CJCj7oE7VPMyezDhnx7pZkj2v69Nk,Figment,North America,Canada,2,15
20260610-164405#108951288629,425590971,53,Fd7btgySsrjuo25CJCj7oE7VPMyezDhnx7pZkj2v69Nk,Figment,North America,Canada,0,17
20260610-164405#108951291906,425590984,2,9UM8wQ8F5oMiRcP5YdqD6Lr4krpBWCD8LtgQYoisJd9i,,Europe,United Kingdom,2,15
20260610-164405#108951292203,425590985,43,9UM8wQ8F5oMiRcP5YdqD6Lr4krpBWCD8LtgQYoisJd9i,,Europe,United Kingdom,0,17
20260610-164405#108951308049,425591047,17,CAo1dCGYrB6NhHh5xb1cGjUiu86iyCfMTENxgHumSve4,Kraken 2,North America,United States,0,17
20260610-164405#108951309343,425591052,31,DRpbCBMxVnDK7maPM5tGv6MvB3v1sRMC86PZ8okm21hy,binance staking,North America,United States,0,17
20260610-164405#108951312904,425591066,8,9jxgosAfHgHzwnxsHw4RAZYaLVokMbnYtmiZBreynGFP,,Europe,Netherlands,1,16
20260610-164405#108951313214,425591067,62,9jxgosAfHgHzwnxsHw4RAZYaLVokMbnYtmiZBreynGFP,,Europe,Netherlands,0,17
20260610-164405#108951317300,425591083,52,Fd7btgySsrjuo25CJCj7oE7VPMyezDhnx7pZkj2v69Nk,Figment,North America,Canada,0,17
20260610-164405#108951317545,425591084,41,BkoS26vBuaXnSowACdChi4WKid8UwmuPNhEJWa8KsLHd,,Europe,Germany,3,14
20260610-164405#108951317782,425591085,22,BkoS26vBuaXnSowACdChi4WKid8UwmuPNhEJWa8KsLHd,,Europe,Germany,2,15
20260610-164405#108951323180,425591106,44,FNKgX9dYUhYQFRTM9bkeKoRpsyEtZGNMxbdQLDzfqB8a,Coinbase 04,Europe,Netherlands,1,16
20260610-164405#108951325207,425591114,23,FyrwfMaomErzqrFUXMjCJ7mA4u81DsiDdrzC3MJD6d4j,1dad | Solfège,Asia,Singapore,1,16
20260610-164405#108951329341,425591130,61,6TkKqq15wXjqEjNg9zqTKADwuVATR9dW3rkNnsYme1ea,melea 🚀 SOL 🤑2K,Europe,Netherlands,0,17
20260610-164405#108951332416,425591142,64,Awes4Tr6TX8JDzEhCZY2QVNimT6iD1zWHzf1vNyGvpLM,Staking Facilities | MEV 🔥,Europe,Germany,0,17
20260610-164405#108951332622,425591143,14,Awes4Tr6TX8JDzEhCZY2QVNimT6iD1zWHzf1vNyGvpLM,Staking Facilities | MEV 🔥,Europe,Germany,3,14
20260610-164405#108951333181,425591145,61,HM1KjNaXa4w8K4gCXbieoMh5gUTNeUhg9fvdXMKeBW3L,Hello Moon,Europe,Germany,1,16
20260610-164405#108951339032,425591168,24,HEL1USMZKAL2odpNBj2oCjffnFGaYwmbGmyewGv1e2TU,Helius,Europe,United Kingdom,2,15
20260610-164405#108951339839,425591171,63,HEL1USMZKAL2odpNBj2oCjffnFGaYwmbGmyewGv1e2TU,Helius,Europe,United Kingdom,2,15
20260610-164405#108951345921,425591195,1,8T8AJfUCXwPFwEMmjca8gCRSktPrqbUBVa6ggNyhLhFJ,StudentSOL,Asia,Hong Kong S.A.R.,2,15
20260610-164405#108951351570,425591217,18,HEL1USMZKAL2odpNBj2oCjffnFGaYwmbGmyewGv1e2TU,Helius,Europe,United Kingdom,3,14
20260610-164405#108951351822,425591218,14,HEL1USMZKAL2odpNBj2oCjffnFGaYwmbGmyewGv1e2TU,Helius,Europe,United Kingdom,2,15
20260610-164405#108951352112,425591219,48,HEL1USMZKAL2odpNBj2oCjffnFGaYwmbGmyewGv1e2TU,Helius,Europe,United Kingdom,2,15
20260610-164405#108951357985,425591242,33,FNKgX9dYUhYQFRTM9bkeKoRpsyEtZGNMxbdQLDzfqB8a,Coinbase 04,Europe,Netherlands,2,15
20260610-164405#108951361837,425591257,45,A4hyMd3FyvUJSRafDUSwtLLaQcxRP4r1BRC9w2AJ1to2,Jito2 (Experimental),Europe,Netherlands,3,14
20260610-164405#108951363334,425591263,6,CZanBzZHFzrGY5qKzaX3CNhJ5smHEMTWFFnoeUi4J6dr,Omakase,North America,United States,2,15
20260610-164405#108951367727,425591280,47,JD549HsbJHeEKKUrKgg4Fj2iyv2RGjsV7NTZjZUrHybB,Forward Industries,North America,United States,2,15
20260610-164405#108951378233,425591321,57,7cVfgArCheMR6Cs4t6vz5rfnqd56vZq4ndaBrY5xkxXy,Blockdaemon 🧱👿 Validator,Europe,Netherlands,0,17
20260610-164405#108951382333,425591337,61,9eGrDohdNTAo61DRHyfMuqKWXqYnA3i254Wiszxe8FoY,Galaxy,North America,United States,2,15
20260610-164405#108951383316,425591341,20,BtsmiEEvnSuUnKxqXj2PZRYpPJAc7C34mGz8gtJ1DAaH,,Europe,Germany,3,14
20260610-164405#108951385889,425591351,33,J6etcxDdYjPHrtyvDXrbCkx3q9W1UjMj1vy1jBFPJEbK,,North America,United States,0,17
20260610-164405#108951391533,425591373,45,Ha1iade1AH3B12K9SccfWoPdFtQKKQsj2ZyWwxcjqJJU,Ha1iad3,Asia,Japan,3,14
20260610-164405#108951392781,425591378,13,GoeW4aFK4dGoekJySgUynWDxBZiQJqm8GDAF4H53tDK9,Twinstake,North America,,0,17
20260610-164405#108951403838,425591421,62,CkCMabrc3HgBgDkeKPXkbWuQpUuSqW7zs1Mg3HFArx61,Sygnum Validators,Europe,Netherlands,0,17
20260610-164405#108951405317,425591427,5,AEHqTB2RtJjegsR2ePjvoJSm6AA5pnYKWVbcsn6kqTBD,,Europe,Netherlands,2,15
20260610-164405#108951408175,425591438,47,JD549HsbJHeEKKUrKgg4Fj2iyv2RGjsV7NTZjZUrHybB,Forward Industries,North America,United States,1,16
20260610-164405#108951410203,425591446,27,6y7V8dL673XFzm9QyC5vvh3itWkp7wztahBd2yDqsyrK,,Europe,Lithuania,2,15
20260610-164405#108951469630,425591678,62,5ivRNcK1yThcK3koZR1oikAfuNm6rj1LceMskayoVSzc,,Europe,Germany,2,15
20260610-164405#108951489033,425591754,9,shftkxnsXmqAkmLgz9Mn7bNB5Fr6mKgFc58kFHfVikj,blueshift,Europe,Germany,0,17
20260610-164405#108951495176,425591778,8,5ZqveVffQPiUbkjBg4KD9kib1MKHLqiFno4ke9jSq9qk,,Europe,Germany,2,15
20260610-164405#108951498754,425591792,2,3SkE34PVeGck2ArEffFKjihrQgURsvnoTAhitsNXNzXd,,Europe,Sweden,3,14
20260610-164405#108951499033,425591793,25,3SkE34PVeGck2ArEffFKjihrQgURsvnoTAhitsNXNzXd,,Europe,Sweden,1,16
20260610-164405#108951505712,425591819,48,Aw5wEMXhbygFLR7jHtHpih8QvxVBGAMTqsQ2SjWPk1ex,,Europe,Netherlands,0,17
20260610-164405#108951510017,425591836,1,3JotfSFPaod4KVK7nj7ULvcq5PjUBdZNVGracNkJNhrt,,Europe,Germany,3,14
20260610-164405#108951510336,425591837,64,3JotfSFPaod4KVK7nj7ULvcq5PjUBdZNVGracNkJNhrt,,Europe,Germany,0,17
20260610-164405#108951510570,425591838,42,3JotfSFPaod4KVK7nj7ULvcq5PjUBdZNVGracNkJNhrt,,Europe,Germany,3,14
20260610-164405#108951516205,425591860,45,J6etcxDdYjPHrtyvDXrbCkx3q9W1UjMj1vy1jBFPJEbK,,North America,United States,2,15
20260610-164405#108951529523,425591912,51,3psxMyr7rQzywVp1MXKd1XFmFz33NjydzCoJx9t2sMQW,OtterSec,North America,United States,2,15
20260610-164405#108951532068,425591922,36,LitxAVo3RnYXD2sX1TyRJxfnKy48amXgyGiysPZjZwE,Litx - 0% Commission,Europe,Netherlands,2,15
20260610-164405#108951533864,425591929,40,D2RV1q6FgePVVjrMa7AMzVbvvAeg5oS7TAV7qdNKSDsX,Validatore,Europe,Lithuania,3,14
20260610-164405#108951534142,425591930,62,D2RV1q6FgePVVjrMa7AMzVbvvAeg5oS7TAV7qdNKSDsX,Validatore,Europe,Lithuania,2,15
20260610-164405#108951534396,425591931,60,D2RV1q6FgePVVjrMa7AMzVbvvAeg5oS7TAV7qdNKSDsX,Validatore,Europe,Lithuania,1,16
20260610-164405#108951540000,425591953,32,EvnRmnMrd69kFdbLMxWkTn1icZ7DCceRhvmb2SJXqDo4,Everstake,Europe,Germany,1,16
20260610-164405#108951550483,425591994,19,BtsmiEEvnSuUnKxqXj2PZRYpPJAc7C34mGz8gtJ1DAaH,,Europe,Germany,0,17
20260610-164405#108951550755,425591995,35,BtsmiEEvnSuUnKxqXj2PZRYpPJAc7C34mGz8gtJ1DAaH,,Europe,Germany,3,14
20260610-164405#108951552792,425592003,24,LA1NEzryoih6CQW3gwQqJQffK2mKgnXcjSQZSRpM3wc,Laine ❤️  by SOL Strategies,Europe,Netherlands,2,15
20260610-164405#108951553067,425592004,43,2m1A2WM1vte7RWz5xTTw4i1SiXmngVtXhqFERaUjoAAb,,North America,United States,2,15
20260610-164405#108951555091,425592012,19,HEL1USMZKAL2odpNBj2oCjffnFGaYwmbGmyewGv1e2TU,Helius,Europe,United Kingdom,2,15
20260610-164405#108951556659,425592018,51,shftkxnsXmqAkmLgz9Mn7bNB5Fr6mKgFc58kFHfVikj,blueshift,Europe,Germany,2,15
20260610-164405#108951562029,425592039,45,7GkMBmtrTZz8QbjSe1sXvAUtz7Pp42SQxfT5ymmJD4We,Phantom Validator,North America,United States,3,14
20260610-164405#108951571201,425592075,1,CMPSSdrTnRQBiBGTyFpdCc3VMNuLWYWaSkE8Zh5z6gbd,Solana Compass 🧭 Solana For The People,Asia,Japan,2,15
20260610-164405#108951573047,425592082,55,9jxgosAfHgHzwnxsHw4RAZYaLVokMbnYtmiZBreynGFP,,Europe,Netherlands,2,15
20260610-164405#108951573264,425592083,16,9jxgosAfHgHzwnxsHw4RAZYaLVokMbnYtmiZBreynGFP,,Europe,Netherlands,3,14
20260610-164405#108951574079,425592086,63,J6etcxDdYjPHrtyvDXrbCkx3q9W1UjMj1vy1jBFPJEbK,,North America,United States,2,15
20260610-164405#108951574577,425592088,49,2dfgsiSaZ51QYPsECMYMG247PXxyKdwkV9wTHoQb8YEC,Astraeus,Europe,Netherlands,0,17
20260610-164405#108951575041,425592090,1,2dfgsiSaZ51QYPsECMYMG247PXxyKdwkV9wTHoQb8YEC,Astraeus,Europe,Netherlands,2,15
20260610-164405#108951582736,425592120,16,9eGrDohdNTAo61DRHyfMuqKWXqYnA3i254Wiszxe8FoY,Galaxy,North America,United States,2,15
20260610-164405#108951590699,425592151,43,5pPRHniefFjkiaArbGX3Y8NUysJmQ9tMZg3FrFGwHzSm,Kiln1,Europe,Netherlands,0,17
20260610-164405#108951591188,425592153,20,shftkxnsXmqAkmLgz9Mn7bNB5Fr6mKgFc58kFHfVikj,blueshift,Europe,Germany,2,15
20260610-164405#108951594756,425592167,4,43Am3PKFeo9cACpqYL5Sk95rpVdxLw3Mc22PqRqZXEW2,Titan Analytics,Asia,Japan,2,15
20260610-164405#108951595023,425592168,15,5Cchr1XGEg7dbBXByV5NY2ad8jfxAM7HA3x8D56rq9Ux,Upbit Staking,North America,United States,0,17
20260610-164405#108951599118,425592184,14,GSTampk6BJRKSDkzhaMM49R7qRx98MTPYYWvKbp83XKc,,Europe,Netherlands,1,16
20260610-164405#108951600683,425592190,43,ACvL73V4GNnxPVfZ7K89jCrYurLyzpEuE9qirjvh2Xmi,Kiln2,Europe,Netherlands,3,14
20260610-164405#108951603264,425592200,64,6y7V8dL673XFzm9QyC5vvh3itWkp7wztahBd2yDqsyrK,,Europe,Lithuania,1,16
20260610-164405#108951603460,425592201,4,6y7V8dL673XFzm9QyC5vvh3itWkp7wztahBd2yDqsyrK,,Europe,Lithuania,3,14
20260610-164405#108951615021,425592246,45,5RvfTSowms7BTYaBj8SxVjj7ELAAKdQadKsuNpmBAwCs,,Europe,Germany,2,15
20260610-164405#108951618357,425592259,53,mythxvB89eT3C1TKwwhsvdHfYq2aoCt2es8vLoDFYyk,Mythx,Asia,Singapore,3,14
20260610-164405#108951618583,425592260,23,5EhGYUyQNrxgUbuYF4vbL2SZDT6RMfhq3yjeyevvULeC,,Asia,Japan,2,15
20260610-164405#108951621143,425592270,23,4VrjyXQT61WFSjuG3ehgqZUK1jqvYqB46veQbXLotq3n,Vault X | 0% fee +MEV,Europe,Ireland,2,15
20260610-164405#108951627540,425592295,20,BSVckjdW2f8kcXPGcrPPtV9kUDBZ8w8PjrrGVnxgEdwq,,Europe,Lithuania,3,14
20260610-164405#108951627790,425592296,14,FNTPSUuRpDoJx1hwFmB5ncNLLMX42aE83P4hsFYUfNRL,Nodz,North America,United States,0,17
20260610-164405#108951630086,425592305,6,Ee8dX3qtwrDRnxYK6NGQfmMeKT3Qpp2QZHpxiAiw23W9,StakeNode777,North America,United States,2,15
20260610-164405#108951630894,425592308,46,9UM8wQ8F5oMiRcP5YdqD6Lr4krpBWCD8LtgQYoisJd9i,,Europe,United Kingdom,3,14
20260610-164405#108951632959,425592316,63,9jxgosAfHgHzwnxsHw4RAZYaLVokMbnYtmiZBreynGFP,,Europe,Netherlands,2,15
20260610-164405#108951633710,425592319,46,9jxgosAfHgHzwnxsHw4RAZYaLVokMbnYtmiZBreynGFP,,Europe,Netherlands,1,16
20260610-164405#108951639330,425592341,34,Certusm1sa411sMpV9FPqU5dXAYhmmhygvxJ23S6hJ24,Asymmetric Research,Europe,Netherlands,0,17
20260610-164405#108951640637,425592346,61,HEL1USMZKAL2odpNBj2oCjffnFGaYwmbGmyewGv1e2TU,Helius,Europe,United Kingdom,3,14
20260610-164405#108951645246,425592364,62,5ejbTALcBsKQ7Cj1iSuu2mY5jqbYHqh9gF5ERXLiYj1z,,Europe,Lithuania,1,16
20260610-164405#108951648036,425592375,36,CPcDFHCAKkr5Kp9T5aQWJhXV5J6iFj141NMQ87L6poPL,,Europe,Netherlands,0,17
20260610-164405#108951650620,425592385,60,FbYX2uN573G5WsgiPdHU6fS5PNUyjdXfGfpZNkYUuT4k,,Europe,Sweden,0,17
20260610-164405#108951655175,425592403,7,11AMA4mnNbsrPQeuoNN7uiZVJZtqEzQHrTfa5vnbcjk,11ama Validator,Europe,Germany,2,15
20260610-164405#108951656244,425592407,52,GQzMeEMwAR44ugoNCifTb5NdRKos1GduDUPeNh6AgV46,,Asia,Japan,2,15
20260610-164405#108951674645,425592479,21,A1vqhA2fS6K7CvHsJKX1ACcHJFEmyRg4KuR5pctHANy4,,Europe,Netherlands,3,14
20260610-164405#108951696948,425592566,52,7cVfgArCheMR6Cs4t6vz5rfnqd56vZq4ndaBrY5xkxXy,Blockdaemon 🧱👿 Validator,Europe,Netherlands,2,15
20260610-164405#108951701789,425592585,29,9jxgosAfHgHzwnxsHw4RAZYaLVokMbnYtmiZBreynGFP,,Europe,Netherlands,2,15
20260610-164405#108951702070,425592586,54,9jxgosAfHgHzwnxsHw4RAZYaLVokMbnYtmiZBreynGFP,,Europe,Netherlands,3,14
20260610-164405#108951709746,425592616,50,VQwCCSfW3o5NDx7n5FBr9SoYiLXVgetstHvaWBvv2YH,,North America,United States,2,15
20260610-164405#108951714623,425592635,63,krakeNd6ednDPEXxHAmoBs1qKVM8kLg79PvWF2mhXV1,Kraken,North America,United States,1,16
20260610-164405#108951718952,425592652,40,EvnRmnMrd69kFdbLMxWkTn1icZ7DCceRhvmb2SJXqDo4,Everstake,Europe,Germany,2,15
20260610-164405#108951722273,425592665,33,HarmonicyK3BwamKNtWnQAmUeK4GYGXXzeD9FD8WMyZi,Harmonic Major,Asia,Japan,1,16
20260610-164405#108951732771,425592706,35,prt1st4RSxAt32ams4zsXCe1kavzmKeoR7eh1sdYRXW,Portals,Asia,Singapore,3,14
20260610-164405#108951736631,425592721,55,FNKgX9dYUhYQFRTM9bkeKoRpsyEtZGNMxbdQLDzfqB8a,Coinbase 04,Europe,Netherlands,3,14
20260610-164405#108951737124,425592723,36,FNKgX9dYUhYQFRTM9bkeKoRpsyEtZGNMxbdQLDzfqB8a,Coinbase 04,Europe,Netherlands,3,14
20260610-164405#108951738432,425592728,64,Fd7btgySsrjuo25CJCj7oE7VPMyezDhnx7pZkj2v69Nk,Figment,North America,Canada,2,15
20260610-164405#108951750952,425592777,40,krakeNd6ednDPEXxHAmoBs1qKVM8kLg79PvWF2mhXV1,Kraken,North America,United States,1,16
20260610-164405#108951773720,425592866,24,JupmVLmA8RoyTUbTMMuTtoPWHEiNQobxgTeGTrPNkzT,Jupiter,Europe,Germany,2,15
20260610-164405#108951777317,425592880,37,JD549HsbJHeEKKUrKgg4Fj2iyv2RGjsV7NTZjZUrHybB,Forward Industries,North America,United States,2,15
20260610-164405#108951807529,425592998,41,G1bLKfyNm7zsmmYEL9dyxBvMtxpFcwy2s84bHDj2ZFUY,P2P.org Turbo,South America,Brazil,2,15
20260610-164405#108951808811,425593003,43,bay3wXfJsu9ds1zQBoQQ4DUwFGs3NP6q4gca9WM5G1z,Bay3,Europe,Germany,1,16
20260610-164405#108951809821,425593007,29,FBKFWadXZJahGtFitAsBvbqh5968gLY7dMBBJUoUjeNi,,Europe,Ireland,1,16
20260610-164405#108951810111,425593008,63,AWcCdYG7Dy6GX45c6QMPbgGwgRZPKcBDT4bXGb3QrVRV,,Europe,Switzerland,2,15
20260610-164405#108951810309,425593009,5,AWcCdYG7Dy6GX45c6QMPbgGwgRZPKcBDT4bXGb3QrVRV,,Europe,Switzerland,3,14
20260610-164405#108951813407,425593021,31,7tqeaFKsg2K9xKnQWe61w71AtCZVMQvG4hbFAiFAngYw,,Europe,Lithuania,3,14
20260610-164405#108951822348,425593056,12,ETcW7iuVraMKLMJayNCCsr9bLvKrJPDczy1CMVMPmXTc,stakeware.xyz | ferric,Europe,Netherlands,0,17
20260610-164405#108951822644,425593057,52,ETcW7iuVraMKLMJayNCCsr9bLvKrJPDczy1CMVMPmXTc,stakeware.xyz | ferric,Europe,Netherlands,2,15
20260610-164405#108951838266,425593118,58,AoUwfPuiEek2thVRDhMP7HbQb9rguyab4rDiz2NAfwwA,,North America,Canada,3,14
20260610-164405#108951839038,425593121,62,3SkE34PVeGck2ArEffFKjihrQgURsvnoTAhitsNXNzXd,,Europe,Sweden,2,15
20260610-164405#108951840802,425593128,34,BXAxLMMMUNYfC1z166VjWHR3WjTmqzLxB837o5ghmRtH,,Europe,Ireland,2,15
20260610-164405#108951843082,425593137,10,GBQ2GvTzmjXMu97dr7WUnLKYTNim1aoZsYS53KYXAAAA,Bitwise Onchain Solutions | Jito BAM,Europe,Netherlands,2,15
20260610-164405#108951851583,425593170,63,HEL1USMZKAL2odpNBj2oCjffnFGaYwmbGmyewGv1e2TU,Helius,Europe,United Kingdom,2,15
20260610-164405#108951851791,425593171,15,HEL1USMZKAL2odpNBj2oCjffnFGaYwmbGmyewGv1e2TU,Helius,Europe,United Kingdom,3,14
20260610-164405#108951852062,425593172,30,FBbqKvwLfKGZrKrfSbPJz4ymQ7zMarhRyZtu1RBkSe89,,North America,United States,1,16
20260610-164405#108951852323,425593173,35,FBbqKvwLfKGZrKrfSbPJz4ymQ7zMarhRyZtu1RBkSe89,,North America,United States,3,14
20260610-164405#108951853316,425593177,4,G9vCpJUUSpEm4zPwzSNpDmZ8MGwLEbiSLV59EBzCGvzM,AP Node,Asia,Japan,0,17
20260610-164405#108951853571,425593178,3,G9vCpJUUSpEm4zPwzSNpDmZ8MGwLEbiSLV59EBzCGvzM,AP Node,Asia,Japan,2,15
20260610-164405#108951866933,425593230,53,9jxgosAfHgHzwnxsHw4RAZYaLVokMbnYtmiZBreynGFP,,Europe,Netherlands,2,15
20260610-164405#108951867407,425593232,15,CAo1dCGYrB6NhHh5xb1cGjUiu86iyCfMTENxgHumSve4,Kraken 2,North America,United States,2,15
20260610-164405#108951870263,425593243,55,A1vqhA2fS6K7CvHsJKX1ACcHJFEmyRg4KuR5pctHANy4,,Europe,Netherlands,3,14
20260610-164405#108951876411,425593267,59,DRpbCBMxVnDK7maPM5tGv6MvB3v1sRMC86PZ8okm21hy,binance staking,North America,United States,2,15
20260610-164405#108951884324,425593298,36,9jxgosAfHgHzwnxsHw4RAZYaLVokMbnYtmiZBreynGFP,,Europe,Netherlands,3,14
20260610-164405#108951885073,425593301,17,FbYX2uN573G5WsgiPdHU6fS5PNUyjdXfGfpZNkYUuT4k,,Europe,Sweden,2,15
20260610-164405#108951885368,425593302,56,FbYX2uN573G5WsgiPdHU6fS5PNUyjdXfGfpZNkYUuT4k,,Europe,Sweden,2,15
20260610-164405#108951893012,425593332,20,BtsmiEEvnSuUnKxqXj2PZRYpPJAc7C34mGz8gtJ1DAaH,,Europe,Germany,2,15
20260610-164405#108951900444,425593361,28,9UM8wQ8F5oMiRcP5YdqD6Lr4krpBWCD8LtgQYoisJd9i,,Europe,United Kingdom,3,14
20260610-164405#108951903262,425593372,30,EvnRmnMrd69kFdbLMxWkTn1icZ7DCceRhvmb2SJXqDo4,Everstake,Europe,Germany,3,14
20260610-164405#108951903533,425593373,45,EvnRmnMrd69kFdbLMxWkTn1icZ7DCceRhvmb2SJXqDo4,Everstake,Europe,Germany,2,15
20260610-164405#108951918649,425593432,57,HEL1USMZKAL2odpNBj2oCjffnFGaYwmbGmyewGv1e2TU,Helius,Europe,United Kingdom,2,15
20260610-164405#108951927825,425593468,17,J6etcxDdYjPHrtyvDXrbCkx3q9W1UjMj1vy1jBFPJEbK,,North America,United States,0,17
20260610-164405#108951963191,425593606,55,DRpbCBMxVnDK7maPM5tGv6MvB3v1sRMC86PZ8okm21hy,binance staking,North America,United States,1,16
20260610-164405#108951963454,425593607,62,DRpbCBMxVnDK7maPM5tGv6MvB3v1sRMC86PZ8okm21hy,binance staking,North America,United States,3,14
20260610-164405#108951973146,425593645,26,CAo1dCGYrB6NhHh5xb1cGjUiu86iyCfMTENxgHumSve4,Kraken 2,North America,United States,3,14
20260610-164405#108951974689,425593651,33,mXv18ov8qCiQGs3ieoen981LdgZzYJjJak6reK6fpNC,MX Validator,North America,United States,3,14
20260610-164405#108951975214,425593653,46,9eGrDohdNTAo61DRHyfMuqKWXqYnA3i254Wiszxe8FoY,Galaxy,North America,United States,0,17
20260610-164405#108951980081,425593672,49,GBQ2GvTzmjXMu97dr7WUnLKYTNim1aoZsYS53KYXAAAA,Bitwise Onchain Solutions | Jito BAM,Europe,Netherlands,1,16
20260610-164405#108951980337,425593673,49,GBQ2GvTzmjXMu97dr7WUnLKYTNim1aoZsYS53KYXAAAA,Bitwise Onchain Solutions | Jito BAM,Europe,Netherlands,3,14
20260610-164405#108951984432,425593689,48,CAo1dCGYrB6NhHh5xb1cGjUiu86iyCfMTENxgHumSve4,Kraken 2,North America,United States,2,15
20260610-164405#108951985966,425593695,46,Ninja1spj6n9t5hVYgF3PdnYz2PLnkt7rvaw3firmjs,Shinobi Systems 🚀 stakeview.app,North America,United States,0,17
20260610-164405#108952000525,425593752,13,6TkKqq15wXjqEjNg9zqTKADwuVATR9dW3rkNnsYme1ea,melea 🚀 SOL 🤑2K,Europe,Netherlands,3,14
20260610-164405#108952000818,425593753,50,6TkKqq15wXjqEjNg9zqTKADwuVATR9dW3rkNnsYme1ea,melea 🚀 SOL 🤑2K,Europe,Netherlands,2,15
20260610-164405#108952007179,425593778,11,KTMkUG8WCw9FdH44jLMBpc1teGafnYL6SgP4fHHbsNM,⚔️ Epics DAO ⚔️  - ALL 0% Fees ⭐️,Europe,Netherlands,3,14
20260610-164405#108952007987,425593781,51,7HMHSdQkjDwz9Q5zAhEy83uzW3XHJchjdpMYapKXcKt5,GERSIA,North America,United States,2,15
20260610-164405#108952014885,425593808,37,JupmVLmA8RoyTUbTMMuTtoPWHEiNQobxgTeGTrPNkzT,Jupiter,Europe,Germany,1,16
20260610-164405#108952015150,425593809,46,JupmVLmA8RoyTUbTMMuTtoPWHEiNQobxgTeGTrPNkzT,Jupiter,Europe,Germany,1,16
20260610-164405#108952032525,425593877,13,HEL1USMZKAL2odpNBj2oCjffnFGaYwmbGmyewGv1e2TU,Helius,Europe,United Kingdom,3,14
20260610-164405#108952036609,425593893,1,9jxgosAfHgHzwnxsHw4RAZYaLVokMbnYtmiZBreynGFP,,Europe,Netherlands,1,16
20260610-164405#108952048657,425593940,17,DWvDTSh3qfn88UoQTEKRV2JnLt5jtJAVoiCo3ivtMwXP,P2P.org,Europe,Netherlands,2,15
20260610-164405#108952048917,425593941,21,DWvDTSh3qfn88UoQTEKRV2JnLt5jtJAVoiCo3ivtMwXP,P2P.org,Europe,Netherlands,2,15
20260610-164405#108952049195,425593942,43,DWvDTSh3qfn88UoQTEKRV2JnLt5jtJAVoiCo3ivtMwXP,P2P.org,Europe,Netherlands,1,16
20260610-164405#108952059162,425593981,26,HpcB5Qg8Y9E73dUkot5e8HkgAJbExsYeUzniY4bCuKac,,Europe,Lithuania,1,16
20260610-164405#108952060188,425593985,28,dxa6QFqLcByyHykLCAW5tv1VYNVQFV3v6oovM2h8inH,Fidelity Center for Applied Technology (FCAT®),North America,United States,2,15
20260610-164405#108952060420,425593986,4,dxa6QFqLcByyHykLCAW5tv1VYNVQFV3v6oovM2h8inH,Fidelity Center for Applied Technology (FCAT®),North America,United States,3,14
20260610-164405#108952062739,425593995,19,J6etcxDdYjPHrtyvDXrbCkx3q9W1UjMj1vy1jBFPJEbK,,North America,United States,3,14
20260610-164405#108952066312,425594009,8,7EzbSahSfSjeRexHcNDLDpzHBAGBLjLKtjbmuoQnEtjE,Gate Earn,North America,United States,1,16
20260610-164405#108952073490,425594037,18,Fd7btgySsrjuo25CJCj7oE7VPMyezDhnx7pZkj2v69Nk,Figment,North America,Canada,3,14
20260610-164405#108952074025,425594039,41,Fd7btgySsrjuo25CJCj7oE7VPMyezDhnx7pZkj2v69Nk,Figment,North America,Canada,2,15
20260610-164405#108952078888,425594058,40,Hz5aLvpKScNWoe9YZWxBLrQA3qzHJivBGtfciMekk8m5,,Europe,United Kingdom,1,16
20260610-164405#108952092699,425594112,27,5pPRHniefFjkiaArbGX3Y8NUysJmQ9tMZg3FrFGwHzSm,Kiln1,Europe,Netherlands,2,15
20260610-164405#108952093498,425594115,58,5pPRHniefFjkiaArbGX3Y8NUysJmQ9tMZg3FrFGwHzSm,Kiln1,Europe,Netherlands,2,15
20260610-164405#108952098867,425594136,51,Hz5aLvpKScNWoe9YZWxBLrQA3qzHJivBGtfciMekk8m5,,Europe,United Kingdom,0,17
20260610-164405#108952099640,425594139,56,Hz5aLvpKScNWoe9YZWxBLrQA3qzHJivBGtfciMekk8m5,,Europe,United Kingdom,3,14
20260610-164405#108952100361,425594142,9,nymsHergYedT9CJMgtGMvqXUTGcbs5o3MiWTJUbqTGY,Hypo Nyms,Europe,Germany,1,16
20260610-164405#108952100919,425594144,55,nymsHergYedT9CJMgtGMvqXUTGcbs5o3MiWTJUbqTGY,Hypo Nyms,Europe,Germany,0,17
20260610-164405#108952103715,425594155,35,Awes4Tr6TX8JDzEhCZY2QVNimT6iD1zWHzf1vNyGvpLM,Staking Facilities | MEV 🔥,Europe,Germany,0,17
20260610-164405#108952103983,425594156,47,5ejbTALcBsKQ7Cj1iSuu2mY5jqbYHqh9gF5ERXLiYj1z,,Europe,Lithuania,2,15
20260610-164405#108952104214,425594157,22,5ejbTALcBsKQ7Cj1iSuu2mY5jqbYHqh9gF5ERXLiYj1z,,Europe,Lithuania,2,15
20260610-164405#108952104449,425594158,1,5ejbTALcBsKQ7Cj1iSuu2mY5jqbYHqh9gF5ERXLiYj1z,,Europe,Lithuania,0,17
20260610-164405#108952104762,425594159,58,5ejbTALcBsKQ7Cj1iSuu2mY5jqbYHqh9gF5ERXLiYj1z,,Europe,Lithuania,0,17
20260610-164405#108952105264,425594161,48,BtsmiEEvnSuUnKxqXj2PZRYpPJAc7C34mGz8gtJ1DAaH,,Europe,Germany,2,15
20260610-164405#108952105482,425594162,10,BtsmiEEvnSuUnKxqXj2PZRYpPJAc7C34mGz8gtJ1DAaH,,Europe,Germany,3,14
20260610-164405#108952105732,425594163,4,BtsmiEEvnSuUnKxqXj2PZRYpPJAc7C34mGz8gtJ1DAaH,,Europe,Germany,1,16
20260610-164405#108952105992,425594164,8,Fd7btgySsrjuo25CJCj7oE7VPMyezDhnx7pZkj2v69Nk,Figment,North America,Canada,2,15
20260610-164405#108952106246,425594165,6,Fd7btgySsrjuo25CJCj7oE7VPMyezDhnx7pZkj2v69Nk,Figment,North America,Canada,3,14
20260610-164405#108952106524,425594166,28,Fd7btgySsrjuo25CJCj7oE7VPMyezDhnx7pZkj2v69Nk,Figment,North America,Canada,1,16
20260610-164405#108952106785,425594167,33,Fd7btgySsrjuo25CJCj7oE7VPMyezDhnx7pZkj2v69Nk,Figment,North America,Canada,3,14
20260610-164405#108952118556,425594213,28,6yFGGAgYpBxgYPuHW4rv7hJmhKrUiXKyHkpVGaYtKrwE,Watchtower,North America,United States,0,17
20260610-164405#108952118821,425594214,37,6yFGGAgYpBxgYPuHW4rv7hJmhKrUiXKyHkpVGaYtKrwE,Watchtower,North America,United States,1,16
20260610-164405#108952126005,425594242,53,HcZvwZ83PfjrQDiq3GLHxisTs17aGURs6bJ2LwtmL4qv,SolGuardian,North America,Canada,2,15
20260610-164405#108952138518,425594291,22,CW9C7HBwAMgqNdXkNgFg9Ujr3edR2Ab9ymEuQnVacd1A,Coinbase 02,Europe,United Kingdom,3,14
20260610-164405#108952141098,425594301,42,DRpbCBMxVnDK7maPM5tGv6MvB3v1sRMC86PZ8okm21hy,binance staking,North America,United States,2,15
20260610-164405#108952141336,425594302,24,DRpbCBMxVnDK7maPM5tGv6MvB3v1sRMC86PZ8okm21hy,binance staking,North America,United States,1,16
20260610-164405#108952141619,425594303,51,DRpbCBMxVnDK7maPM5tGv6MvB3v1sRMC86PZ8okm21hy,binance staking,North America,United States,1,16
20260610-164405#108952142143,425594305,63,DRpbCBMxVnDK7maPM5tGv6MvB3v1sRMC86PZ8okm21hy,binance staking,North America,United States,2,15
20260610-164405#108952142370,425594306,34,DRpbCBMxVnDK7maPM5tGv6MvB3v1sRMC86PZ8okm21hy,binance staking,North America,United States,3,14
20260610-164405#108952142594,425594307,2,DRpbCBMxVnDK7maPM5tGv6MvB3v1sRMC86PZ8okm21hy,binance staking,North America,United States,3,14
20260610-164405#108952143159,425594309,55,pSoLoZx55zZz61gjxSTwHtwTg4yTwdm7ruBmyjbYgT2,,Europe,Netherlands,2,15
20260610-164405#108952144159,425594313,31,AEHqTB2RtJjegsR2ePjvoJSm6AA5pnYKWVbcsn6kqTBD,,Europe,Netherlands,3,14
20260610-164405#108952146213,425594321,37,HW4zorvt6xDwhU36RqjcWNwU8YMj9tiqnAafBKW4cqV,Moise,Asia,Hong Kong S.A.R.,1,16
20260610-164405#108952146981,425594324,37,shftkxnsXmqAkmLgz9Mn7bNB5Fr6mKgFc58kFHfVikj,blueshift,Europe,Germany,1,16
20260610-164405#108952166670,425594401,14,AEHqTB2RtJjegsR2ePjvoJSm6AA5pnYKWVbcsn6kqTBD,,Europe,Netherlands,2,15
20260610-164405#108952166961,425594402,49,AEHqTB2RtJjegsR2ePjvoJSm6AA5pnYKWVbcsn6kqTBD,,Europe,Netherlands,0,17
20260610-164405#108952175153,425594434,49,YE11a5nVJtUNqsojkphYuWc7StqBzbCeFH6BjhAAUEV,Mellow Yellow,Asia,Singapore,1,16
20260610-164405#108952214291,425594587,19,9W3QTgBhkU4Bwg6cwnDJo6eGZ9BtZafSdu1Lo9JmWws7,Coinbase 03,Asia,Japan,3,14
20260610-164405#108952214816,425594589,32,EvnRmnMrd69kFdbLMxWkTn1icZ7DCceRhvmb2SJXqDo4,Everstake,Europe,Germany,3,14
20260610-164405#108952223037,425594621,61,7y5VhV4fkz6r4zUmH2UiwPjLwXzPL1PcV28or5NWkWRL,Haus – Best APY & No Fees,Europe,Germany,3,14
20260610-164405#108952225029,425594629,5,EUcJwf7jXskRE6NZBtFPVH2EedNvNYko8LL2WT62XctB,StakeBowl,Europe,Germany,3,14
20260610-164405#108952225573,425594631,37,EUcJwf7jXskRE6NZBtFPVH2EedNvNYko8LL2WT62XctB,StakeBowl,Europe,Germany,3,14
20260610-164405#108952230719,425594651,63,GoeW4aFK4dGoekJySgUynWDxBZiQJqm8GDAF4H53tDK9,Twinstake,North America,,2,15
20260610-164405#108952230956,425594652,44,HEL1USMZKAL2odpNBj2oCjffnFGaYwmbGmyewGv1e2TU,Helius,Europe,United Kingdom,2,15
20260610-164405#108952232748,425594659,44,DRpbCBMxVnDK7maPM5tGv6MvB3v1sRMC86PZ8okm21hy,binance staking,North America,United States,1,16
20260610-164405#108952233763,425594663,35,JupmVLmA8RoyTUbTMMuTtoPWHEiNQobxgTeGTrPNkzT,Jupiter,Europe,Germany,2,15
20260610-164405#108952253994,425594742,42,43Am3PKFeo9cACpqYL5Sk95rpVdxLw3Mc22PqRqZXEW2,Titan Analytics,Asia,Japan,0,17
20260610-164405#108952254210,425594743,2,43Am3PKFeo9cACpqYL5Sk95rpVdxLw3Mc22PqRqZXEW2,Titan Analytics,Asia,Japan,3,14
20260610-164405#108952283692,425594858,44,GoeW4aFK4dGoekJySgUynWDxBZiQJqm8GDAF4H53tDK9,Twinstake,North America,,2,15
20260610-164405#108952286006,425594867,54,q9XWcZ7T1wP4bW9SB4XgNNwjnFEJ982nE8aVbbNuwot,Ledger by Figment,Europe,Germany,1,16
20260610-164405#108952286497,425594869,33,DRpbCBMxVnDK7maPM5tGv6MvB3v1sRMC86PZ8okm21hy,binance staking,North America,United States,2,15
20260610-164405#108952286726,425594870,6,DRpbCBMxVnDK7maPM5tGv6MvB3v1sRMC86PZ8okm21hy,binance staking,North America,United States,3,14
20260610-164405#108952287496,425594873,8,32jCuWyy4aJjyv4gd4DSGBHmFU5KUSSfqbmPb9GpMin6,,North America,United States,3,14
20260610-164405#108952297018,425594910,58,AicQr2zCWBLiBwt2r6o7iTemmtyE7q5pTKyuuupbXEQA,,North America,United States,3,14
20260610-164405#108952297275,425594911,59,AicQr2zCWBLiBwt2r6o7iTemmtyE7q5pTKyuuupbXEQA,,North America,United States,2,15
20260610-164405#108952309296,425594958,48,TREEir31FswHK7JZBS5oFQteS72dobi6inpmQha88dA,Tree Validator,Europe,Germany,1,16
20260610-164405#108952321595,425595006,59,DTSUkYHd2e9P2HLyZfbLarsbDdPhQUhZnWjRYuJZQRC8,Temporal Emerald,Europe,Netherlands,3,14
20260610-164405#108952327434,425595029,10,JupmVLmA8RoyTUbTMMuTtoPWHEiNQobxgTeGTrPNkzT,Jupiter,Europe,Germany,2,15
20260610-164405#108952332051,425595047,19,GEM1N1UE3C8BB8EaaEPrcFvT3iLMVrurknjW5AYjUReR,Gemini,North America,United States,1,16
20260610-164405#108952333831,425595054,7,9UM8wQ8F5oMiRcP5YdqD6Lr4krpBWCD8LtgQYoisJd9i,,Europe,United Kingdom,2,15
20260610-164405#108952336386,425595064,2,JupmVLmA8RoyTUbTMMuTtoPWHEiNQobxgTeGTrPNkzT,Jupiter,Europe,Germany,2,15
20260610-164405#108952336683,425595065,43,JupmVLmA8RoyTUbTMMuTtoPWHEiNQobxgTeGTrPNkzT,Jupiter,Europe,Germany,2,15
20260610-164405#108952344077,425595094,13,EvnRmnMrd69kFdbLMxWkTn1icZ7DCceRhvmb2SJXqDo4,Everstake,Europe,Germany,2,15
20260610-164405#108952344323,425595095,3,EvnRmnMrd69kFdbLMxWkTn1icZ7DCceRhvmb2SJXqDo4,Everstake,Europe,Germany,3,14
20260610-164405#108952356654,425595143,46,BeaCHioStqCEFDFxKwAEzyrUPYxqnBPhJ98gDKeEiTPb,Solana Beach Validator,Europe,Germany,2,15
20260610-164405#108952358707,425595151,51,JupmVLmA8RoyTUbTMMuTtoPWHEiNQobxgTeGTrPNkzT,Jupiter,Europe,Germany,0,17
20260610-164405#108952358960,425595152,48,HwN6eoEe9N3kwHi66hpQDBMFPk6ASQGthWKPX5MZmisp,Solya,Asia,Singapore,2,15
20260610-164405#108952361499,425595162,27,JD549HsbJHeEKKUrKgg4Fj2iyv2RGjsV7NTZjZUrHybB,Forward Industries,North America,United States,0,17
20260610-164405#108952369416,425595193,8,CMPSSdrTnRQBiBGTyFpdCc3VMNuLWYWaSkE8Zh5z6gbd,Solana Compass 🧭 Solana For The People,Asia,Japan,2,15
20260610-164405#108952370458,425595197,26,7CR3Jq4ny2tsr3DX3DvyjoU8TYs776MGkU6nLMWjAqCT,Bitcoin Suisse,Europe,Netherlands,3,14
20260610-164405#108952371509,425595201,53,privaEdSEmnMPGPoQACUkcDGkFBbTArVvsEGd7C5wUM,,Europe,Germany,0,17
20260610-164405#108952377638,425595225,38,9UM8wQ8F5oMiRcP5YdqD6Lr4krpBWCD8LtgQYoisJd9i,,Europe,United Kingdom,2,15
20260610-164405#108952377862,425595226,6,9UM8wQ8F5oMiRcP5YdqD6Lr4krpBWCD8LtgQYoisJd9i,,Europe,United Kingdom,2,15
20260610-164405#108952378115,425595227,3,9UM8wQ8F5oMiRcP5YdqD6Lr4krpBWCD8LtgQYoisJd9i,,Europe,United Kingdom,0,17
20260610-164405#108952387104,425595262,32,7y5VhV4fkz6r4zUmH2UiwPjLwXzPL1PcV28or5NWkWRL,Haus – Best APY & No Fees,Europe,Germany,2,15
20260610-164405#108952391990,425595281,54,grptonHnt7YSmJokGK9TJJTBXDT8ca4LSWMHCCfzzPa,gripto,Europe,Germany,2,15
20260610-164405#108952392469,425595283,21,grptonHnt7YSmJokGK9TJJTBXDT8ca4LSWMHCCfzzPa,gripto,Europe,Germany,2,15
20260610-164405#108952392751,425595284,47,5Cchr1XGEg7dbBXByV5NY2ad8jfxAM7HA3x8D56rq9Ux,Upbit Staking,North America,United States,1,16
20260610-164405#108952396830,425595300,30,8uJiHDJ1b7UDQ4KFsQGJXK9nUCkokdKRJymg1Wy9nxvM,Alpha,Europe,Lithuania,3,14
20260610-164405#108952399363,425595310,3,JupmVLmA8RoyTUbTMMuTtoPWHEiNQobxgTeGTrPNkzT,Jupiter,Europe,Germany,3,14
20260610-164405#108952413451,425595365,11,5ZqveVffQPiUbkjBg4KD9kib1MKHLqiFno4ke9jSq9qk,,Europe,Germany,2,15
20260610-164405#108952417077,425595379,53,HpcB5Qg8Y9E73dUkot5e8HkgAJbExsYeUzniY4bCuKac,,Europe,Lithuania,2,15
20260610-164405#108952419379,425595388,51,2mMGsb5uy1Q4Dvezr8HK2E8SJoChcb2X7b61tJPaVHHd,Chainflow,Europe,Sweden,2,15
20260610-164405#108952420097,425595391,1,2mMGsb5uy1Q4Dvezr8HK2E8SJoChcb2X7b61tJPaVHHd,Chainflow,Europe,Sweden,3,14
20260610-164405#108952433467,425595443,59,5pPRHniefFjkiaArbGX3Y8NUysJmQ9tMZg3FrFGwHzSm,Kiln1,Europe,Netherlands,0,17
20260610-164405#108952438075,425595461,59,scb1Z7du8NVSaHFXsafSjRdXr6xBjWR3iugikL739Y1,,Asia,Japan,2,15
20260610-164405#108952439595,425595467,43,7cVfgArCheMR6Cs4t6vz5rfnqd56vZq4ndaBrY5xkxXy,Blockdaemon 🧱👿 Validator,Europe,Netherlands,0,17
20260610-164405#108952439854,425595468,46,shftkxnsXmqAkmLgz9Mn7bNB5Fr6mKgFc58kFHfVikj,blueshift,Europe,Germany,3,14
20260610-164405#108952440578,425595471,2,shftkxnsXmqAkmLgz9Mn7bNB5Fr6mKgFc58kFHfVikj,blueshift,Europe,Germany,0,17
20260610-164405#108952442380,425595478,12,soLStaCk5TiGCpeLKa9Fvv6f5JQGMa6S3uhLh826e9N,SolStack by Corvus Labs,North America,United States,3,14
20260610-164405#108952442627,425595479,3,soLStaCk5TiGCpeLKa9Fvv6f5JQGMa6S3uhLh826e9N,SolStack by Corvus Labs,North America,United States,2,15
20260610-164405#108952443706,425595483,58,ANC1u9sY36q3mi2MyVhtz71un8yLgTsFBUuyLcSPzKsk,Anchorage Digital,Asia,Hong Kong S.A.R.,0,17
20260610-164405#108952452927,425595519,63,9UM8wQ8F5oMiRcP5YdqD6Lr4krpBWCD8LtgQYoisJd9i,,Europe,United Kingdom,1,16
20260610-164405#108952463388,425595560,28,GSTampk6BJRKSDkzhaMM49R7qRx98MTPYYWvKbp83XKc,,Europe,Netherlands,1,16
20260610-164405#108952468998,425595582,6,22rU5yUmdVThrkoPieVNphqEyAtMQKmZxjwcD8v4bJDU,,Europe,Netherlands,3,14
20260610-164405#108952488000,425595656,64,q9XWcZ7T1wP4bW9SB4XgNNwjnFEJ982nE8aVbbNuwot,Ledger by Figment,Europe,Germany,0,17
20260610-164405#108952488214,425595657,22,q9XWcZ7T1wP4bW9SB4XgNNwjnFEJ982nE8aVbbNuwot,Ledger by Figment,Europe,Germany,3,14
20260610-164405#108952497199,425595692,47,FBbqKvwLfKGZrKrfSbPJz4ymQ7zMarhRyZtu1RBkSe89,,North America,United States,1,16
20260610-164405#108952501260,425595708,12,mrgn28BhocwdAUEenen3Sw2MR9cPKDpLkDvzDdR7DBD,Project 0 Horizon,Europe,Netherlands,3,14
20260610-164405#108952501514,425595709,10,mrgn28BhocwdAUEenen3Sw2MR9cPKDpLkDvzDdR7DBD,Project 0 Horizon,Europe,Netherlands,1,16
20260610-164405#108952501762,425595710,2,mrgn28BhocwdAUEenen3Sw2MR9cPKDpLkDvzDdR7DBD,Project 0 Horizon,Europe,Netherlands,3,14
20260610-164405#108952504639,425595721,63,76rcGHdPvgs8G1XrzCXUTWtwgT59AFDvpB4VbTS2TBBJ,,Europe,Netherlands,0,17
20260610-164405#108952510769,425595745,49,Aw5wEMXhbygFLR7jHtHpih8QvxVBGAMTqsQ2SjWPk1ex,,Europe,Netherlands,2,15
20260610-164405#108952515339,425595763,11,7EzbSahSfSjeRexHcNDLDpzHBAGBLjLKtjbmuoQnEtjE,Gate Earn,North America,United States,0,17
20260610-164405#108952516366,425595767,14,Fd7btgySsrjuo25CJCj7oE7VPMyezDhnx7pZkj2v69Nk,Figment,North America,Canada,1,16
20260610-164405#108952519427,425595779,3,DiveRaPKviyDnQyiiMFdV4rujsCBJzMNvPjKfvGNLGvL,Onchain Divers,Europe,Netherlands,3,14
20260610-164405#108952519715,425595780,35,E1r4Psq84tHfQ6aPTvvDka4U3u8zPVD7gEUrH25RdxHL,Bitwise Onchain Solutions,Europe,Germany,2,15
20260610-164405#108952523572,425595795,52,6k5hZkHGa4x3xEU7Wz2LxWwueqZtVvX3fpymGugB14yB,,Europe,Germany,2,15
20260610-164405#108952523837,425595796,61,HTeRsa3gm3CGrizMoCrtWj4uBZ1NKYcGqh8jfBu2u3Jo,,Europe,United Kingdom,1,16
20260610-164405#108952526131,425595805,51,9eGrDohdNTAo61DRHyfMuqKWXqYnA3i254Wiszxe8FoY,Galaxy,North America,United States,2,15
20260610-164405#108952526362,425595806,26,9eGrDohdNTAo61DRHyfMuqKWXqYnA3i254Wiszxe8FoY,Galaxy,North America,United States,3,14
20260610-164405#108952533771,425595835,11,t23p8aBQN6P6tziMuN5XPmzqVRrip9oes7KuQwSmate,Solmate - RockawayX powered,Asia,United Arab Emirates,2,15
20260610-164405#108952536614,425595846,38,6yFGGAgYpBxgYPuHW4rv7hJmhKrUiXKyHkpVGaYtKrwE,Watchtower,North America,United States,0,17
20260610-164405#108952547894,425595890,54,GmCxjmjKZoaKN1DKunbYq8RCYib94Nm3sHyncFfofaF5,Rocket,Europe,Lithuania,2,15
20260610-164405#108952558082,425595930,2,DNVZMSqeRH18Xa4MCTrb1MndNf3Npg4MEwqswo23eWkf,Firedancer Development,Europe,Germany,2,15
20260610-164405#108952572424,425595986,8,5VrW7YNBccVnhnZVmooCePdLFcs2UjfxRT3hoY9mN8Ec,Appleyello,Europe,France,3,14
20260610-164405#108952572687,425595987,15,5VrW7YNBccVnhnZVmooCePdLFcs2UjfxRT3hoY9mN8Ec,Appleyello,Europe,France,0,17
20260610-164405#108952576050,425596000,50,3psxMyr7rQzywVp1MXKd1XFmFz33NjydzCoJx9t2sMQW,OtterSec,North America,United States,0,17
20260610-164405#108952579861,425596015,21,E1r4Psq84tHfQ6aPTvvDka4U3u8zPVD7gEUrH25RdxHL,Bitwise Onchain Solutions,Europe,Germany,0,17
20260610-164405#108952596487,425596080,7,FBKFWadXZJahGtFitAsBvbqh5968gLY7dMBBJUoUjeNi,,Europe,Ireland,3,14
20260610-164405#108952601373,425596099,29,DRpbCBMxVnDK7maPM5tGv6MvB3v1sRMC86PZ8okm21hy,binance staking,North America,United States,2,15
20260610-164405#108952631317,425596216,21,G2TBEh2ahNGS9tGnuBNyDduNjyfUtGhMcssgRb8b6KfH,AG 0% fee + ALL MEV profit share,Europe,Germany,0,17
20260610-164405#108952631810,425596218,2,G2TBEh2ahNGS9tGnuBNyDduNjyfUtGhMcssgRb8b6KfH,AG 0% fee + ALL MEV profit share,Europe,Germany,2,15
20260610-164405#108952632629,425596221,53,BSVckjdW2f8kcXPGcrPPtV9kUDBZ8w8PjrrGVnxgEdwq,,Europe,Lithuania,2,15
20260610-164405#108952635157,425596231,21,8yjHdsCgx3bp2zEwGiWSMgwpFaCSzfYAHT1vk7KJBqhN,JStaking: 0% fee · top returns,Europe,Germany,0,17
20260610-164405#108952640569,425596252,57,5RvfTSowms7BTYaBj8SxVjj7ELAAKdQadKsuNpmBAwCs,,Europe,Germany,2,15
20260610-164405#108952641320,425596255,40,5RvfTSowms7BTYaBj8SxVjj7ELAAKdQadKsuNpmBAwCs,,Europe,Germany,3,14
20260610-164405#108952641595,425596256,59,84gC25fbFKYueR9WEfreUysk1n3ZFxLFDDjbyqeqGpoW,,Europe,Germany,2,15
20260610-164405#108952642817,425596261,1,BtsmiEEvnSuUnKxqXj2PZRYpPJAc7C34mGz8gtJ1DAaH,,Europe,Germany,1,16
20260610-164405#108952648244,425596282,52,MARiKM3t7pDCyXtvLq24ErWDAvYu84yXqCthkR1GS33,🧑‍🍳USDG rewards (6.36% APY),Europe,Lithuania,2,15
20260610-164405#108952649009,425596285,49,5EhGYUyQNrxgUbuYF4vbL2SZDT6RMfhq3yjeyevvULeC,,Asia,Japan,3,14
20260610-164405#108952649751,425596288,23,6XKqyUVUcpe3CNucjF6gk5zonJDqNGvob6kaTy4Ps1U,Solana Mobile Validator,North America,United States,0,17
20260610-164405#108952657717,425596319,53,ChorusmmK7i1AxXeiTtQgQZhQNiXYU84ULeaYF1EH15n,Bitwise Onchain Solutions 02,Europe,Netherlands,0,17
20260610-164405#108952658185,425596321,9,VQwCCSfW3o5NDx7n5FBr9SoYiLXVgetstHvaWBvv2YH,,North America,United States,0,17
20260610-164405#108952678664,425596401,8,22rU5yUmdVThrkoPieVNphqEyAtMQKmZxjwcD8v4bJDU,,Europe,Netherlands,2,15
20260610-164405#108952678923,425596402,11,22rU5yUmdVThrkoPieVNphqEyAtMQKmZxjwcD8v4bJDU,,Europe,Netherlands,3,14
20260610-164405#108952679208,425596403,40,22rU5yUmdVThrkoPieVNphqEyAtMQKmZxjwcD8v4bJDU,,Europe,Netherlands,0,17
20260610-164405#108952681019,425596410,59,5RvfTSowms7BTYaBj8SxVjj7ELAAKdQadKsuNpmBAwCs,,Europe,Germany,3,14
20260610-164405#108952683794,425596421,18,EKgSCR3ahdypkxXcBY43ZNxdmyZqPkKNPey3rwKjqbz7,,North America,United States,2,15
20260610-164405#108952690481,425596447,49,EkvdKhULbMFqjKBKotAzGi3kwMvMpYNDKJXXQQmi6C1f,,Europe,Netherlands,1,16
20260610-164405#108952691989,425596453,21,CVvaeDPR2o7P1eawG5c9TPFLzSXAewwPovPmREaEL4Cm,Lion3d | 0% Forever + Block Rewards Sharing,Europe,United Kingdom,0,17
20260610-164405#108952723480,425596576,24,JupmVLmA8RoyTUbTMMuTtoPWHEiNQobxgTeGTrPNkzT,Jupiter,Europe,Germany,2,15
20260610-164405#108952723722,425596577,10,JupmVLmA8RoyTUbTMMuTtoPWHEiNQobxgTeGTrPNkzT,Jupiter,Europe,Germany,1,16
20260610-164405#108952723987,425596578,19,JupmVLmA8RoyTUbTMMuTtoPWHEiNQobxgTeGTrPNkzT,Jupiter,Europe,Germany,2,15
20260610-164405#108952730625,425596604,1,6WgdYhhGE53WrZ7ywJA15hBVkw7CRbQ8yDBBTwmBtAHN,Luganodes,Europe,Germany,3,14
20260610-164405#108952730921,425596605,41,6WgdYhhGE53WrZ7ywJA15hBVkw7CRbQ8yDBBTwmBtAHN,Luganodes,Europe,Germany,0,17
20260610-164405#108952744739,425596659,35,ana2y2YvQ3ZPMwm6qhnN3nJoUSiT3qx5Pvetkq9xcfY,Anagram Staking,Europe,France,3,14
20260610-164405#108952750622,425596682,30,Fd7btgySsrjuo25CJCj7oE7VPMyezDhnx7pZkj2v69Nk,Figment,North America,Canada,1,16
20260610-164405#108952750874,425596683,26,Fd7btgySsrjuo25CJCj7oE7VPMyezDhnx7pZkj2v69Nk,Figment,North America,Canada,1,16
20260610-164405#108952751116,425596684,12,q9XWcZ7T1wP4bW9SB4XgNNwjnFEJ982nE8aVbbNuwot,Ledger by Figment,Europe,Germany,3,14
20260610-164405#108952752956,425596691,60,Ninja1spj6n9t5hVYgF3PdnYz2PLnkt7rvaw3firmjs,Shinobi Systems 🚀 stakeview.app,North America,United States,2,15
20260610-164405#108952754435,425596697,3,BUv44cVtsdvU9z2BfFGk6s5JZZWrmVnq5qCaii5ARyyB,,Europe,Netherlands,2,15
20260610-164405#108952758813,425596714,29,GBQ2GvTzmjXMu97dr7WUnLKYTNim1aoZsYS53KYXAAAA,Bitwise Onchain Solutions | Jito BAM,Europe,Netherlands,2,15
20260610-164405#108952759051,425596715,11,GBQ2GvTzmjXMu97dr7WUnLKYTNim1aoZsYS53KYXAAAA,Bitwise Onchain Solutions | Jito BAM,Europe,Netherlands,3,14
20260610-164405#108952763917,425596734,13,BkoS26vBuaXnSowACdChi4WKid8UwmuPNhEJWa8KsLHd,,Europe,Germany,2,15
20260610-164405#108952764683,425596737,11,q9XWcZ7T1wP4bW9SB4XgNNwjnFEJ982nE8aVbbNuwot,Ledger by Figment,Europe,Germany,3,14
20260610-164405#108952767758,425596749,14,EvnRmnMrd69kFdbLMxWkTn1icZ7DCceRhvmb2SJXqDo4,Everstake,Europe,Germany,0,17
20260610-164405#108952768034,425596750,34,EvnRmnMrd69kFdbLMxWkTn1icZ7DCceRhvmb2SJXqDo4,Everstake,Europe,Germany,0,17
20260610-164405#108952778516,425596791,20,GBQ2GvTzmjXMu97dr7WUnLKYTNim1aoZsYS53KYXAAAA,Bitwise Onchain Solutions | Jito BAM,Europe,Netherlands,3,14
20260610-164405#108952784445,425596814,61,Fd7btgySsrjuo25CJCj7oE7VPMyezDhnx7pZkj2v69Nk,Figment,North America,Canada,2,15
20260610-164405#108952793347,425596849,3,9jxgosAfHgHzwnxsHw4RAZYaLVokMbnYtmiZBreynGFP,,Europe,Netherlands,2,15
20260610-164405#108952793664,425596850,64,9jxgosAfHgHzwnxsHw4RAZYaLVokMbnYtmiZBreynGFP,,Europe,Netherlands,1,16
20260610-164405#108952795677,425596858,29,BtsmiEEvnSuUnKxqXj2PZRYpPJAc7C34mGz8gtJ1DAaH,,Europe,Germany,1,16
20260610-164405#108952795947,425596859,43,BtsmiEEvnSuUnKxqXj2PZRYpPJAc7C34mGz8gtJ1DAaH,,Europe,Germany,2,15
20260610-164405#108952814877,425596933,29,FCWkGAHDWK41ANjiaoPudkCZRkvTecaEkoZQugezUnpr,maxfillipov,Europe,France,3,14
20260610-164405#108952815873,425596937,1,GREEDkgav1ox1jYyd9Anv6exLqKV2vYnxMw5prGwmNKc,GREED Academy - funding education,Asia,Singapore,3,14
20260610-164405#108952816160,425596938,32,GREEDkgav1ox1jYyd9Anv6exLqKV2vYnxMw5prGwmNKc,GREED Academy - funding education,Asia,Singapore,2,15
20260610-164405#108952816956,425596941,60,5Cchr1XGEg7dbBXByV5NY2ad8jfxAM7HA3x8D56rq9Ux,Upbit Staking,North America,United States,3,14
20260610-164405#108952841503,425597037,31,EvnRmnMrd69kFdbLMxWkTn1icZ7DCceRhvmb2SJXqDo4,Everstake,Europe,Germany,3,14
20260610-164405#108952842764,425597042,12,BUokhb8pPF9MZuzW3rHLr6jzakgcz3NDq2PZkpiVv3jb,DeFi Dev Corp (NASDAQ: DFDV),Europe,Germany,3,14
20260610-164405#108952845886,425597054,62,9eGrDohdNTAo61DRHyfMuqKWXqYnA3i254Wiszxe8FoY,Galaxy,North America,United States,3,14
20260610-164405#108952849957,425597070,37,H8fHToVcZPi5bupGZohGPX2SWs8NHzgFKQ31wi5n6oux,,Europe,Netherlands,1,16
20260610-164405#108952852772,425597081,36,Fd7btgySsrjuo25CJCj7oE7VPMyezDhnx7pZkj2v69Nk,Figment,North America,Canada,3,14
20260610-164405#108952862002,425597117,50,privaEdSEmnMPGPoQACUkcDGkFBbTArVvsEGd7C5wUM,,Europe,Germany,2,15
20260610-164405#108952865072,425597129,48,Hz5aLvpKScNWoe9YZWxBLrQA3qzHJivBGtfciMekk8m5,,Europe,United Kingdom,1,16
20260610-164405#108952865825,425597132,33,Awes4Tr6TX8JDzEhCZY2QVNimT6iD1zWHzf1vNyGvpLM,Staking Facilities | MEV 🔥,Europe,Germany,0,17
20260610-164405#108952866049,425597133,1,Awes4Tr6TX8JDzEhCZY2QVNimT6iD1zWHzf1vNyGvpLM,Staking Facilities | MEV 🔥,Europe,Germany,0,17
20260610-164405#108952876302,425597173,14,J6etcxDdYjPHrtyvDXrbCkx3q9W1UjMj1vy1jBFPJEbK,,North America,United States,2,15
20260610-164405#108952876856,425597175,56,J6etcxDdYjPHrtyvDXrbCkx3q9W1UjMj1vy1jBFPJEbK,,North America,United States,1,16
20260610-164405#108952882192,425597196,16,5essVpBYvocZkQnkrWsMDfRPwtp4BeihJRaweKLR4dRn,Certora Validator,North America,United States,1,16
20260610-164405#108952887561,425597217,9,JupmVLmA8RoyTUbTMMuTtoPWHEiNQobxgTeGTrPNkzT,Jupiter,Europe,Germany,3,14
20260610-164405#108952887825,425597218,17,JupmVLmA8RoyTUbTMMuTtoPWHEiNQobxgTeGTrPNkzT,Jupiter,Europe,Germany,1,16
20260610-164405#108952896284,425597251,28,JupmVLmA8RoyTUbTMMuTtoPWHEiNQobxgTeGTrPNkzT,Jupiter,Europe,Germany,3,14
20260610-164405#108952930084,425597383,36,32ke3uf1qL3xLqbwzU76T2sbG2XaJrGuSCNdUnien3zm,FalconX,North America,Canada,0,17
20260610-164405#108952934428,425597400,28,DrifTrN923QaouP89UxkQzFGbumKPCnfkNYQRwmZxatz,Drift,Europe,Netherlands,2,15
20260610-164405#108952940307,425597423,19,3DaifGfDESUzer5ggUeo6UDjqEKMkCpdNSrrvyuggHVe,Speedlanding Validator,Asia,Japan,2,15
20260610-164405#108952940551,425597424,7,Aw5wEMXhbygFLR7jHtHpih8QvxVBGAMTqsQ2SjWPk1ex,,Europe,Netherlands,3,14
20260610-164405#108952945974,425597445,54,5ejbTALcBsKQ7Cj1iSuu2mY5jqbYHqh9gF5ERXLiYj1z,,Europe,Lithuania,3,14
20260610-164405#108952946434,425597447,2,5ejbTALcBsKQ7Cj1iSuu2mY5jqbYHqh9gF5ERXLiYj1z,,Europe,Lithuania,3,14
20260610-164405#108952954133,425597477,21,23SUe5fzmLws1M58AnGnvnUBRUKJmzCpnFQwv4M4b9Er,Stakin by The Tie,Europe,Germany,3,14
20260610-164405#108952954371,425597478,3,23SUe5fzmLws1M58AnGnvnUBRUKJmzCpnFQwv4M4b9Er,Stakin by The Tie,Europe,Germany,3,14
20260610-164405#108952954663,425597479,39,23SUe5fzmLws1M58AnGnvnUBRUKJmzCpnFQwv4M4b9Er,Stakin by The Tie,Europe,Germany,1,16
20260610-164405#108952956942,425597488,14,DRpbCBMxVnDK7maPM5tGv6MvB3v1sRMC86PZ8okm21hy,binance staking,North America,United States,2,15
20260610-164405#108952961074,425597504,50,FzQqaDStQQHs52YKeCnDovwSqvyZBCgs2kJcmvoFZwaS,,Asia,Singapore,2,15
20260610-164405#108952961557,425597506,21,FzQqaDStQQHs52YKeCnDovwSqvyZBCgs2kJcmvoFZwaS,,Asia,Singapore,1,16
20260610-164405#108952965639,425597522,7,shftkxnsXmqAkmLgz9Mn7bNB5Fr6mKgFc58kFHfVikj,blueshift,Europe,Germany,2,15
20260610-164405#108952965931,425597523,43,shftkxnsXmqAkmLgz9Mn7bNB5Fr6mKgFc58kFHfVikj,blueshift,Europe,Germany,2,15
20260610-164405#108952966711,425597526,55,HbidP4hpQdwhkzrxder3x3VNPt6DQnE25gFG46napD2p,,Europe,Netherlands,3,14
20260610-164405#108952967185,425597528,17,9jxgosAfHgHzwnxsHw4RAZYaLVokMbnYtmiZBreynGFP,,Europe,Netherlands,0,17
20260610-164405#108952967443,425597529,19,9jxgosAfHgHzwnxsHw4RAZYaLVokMbnYtmiZBreynGFP,,Europe,Netherlands,2,15
20260610-164405#108952967688,425597530,8,9jxgosAfHgHzwnxsHw4RAZYaLVokMbnYtmiZBreynGFP,,Europe,Netherlands,3,14
20260610-164405#108952970290,425597540,50,EkvdKhULbMFqjKBKotAzGi3kwMvMpYNDKJXXQQmi6C1f,,Europe,Netherlands,1,16
20260610-164405#108952970811,425597542,59,EkvdKhULbMFqjKBKotAzGi3kwMvMpYNDKJXXQQmi6C1f,,Europe,Netherlands,3,14
20260610-164405#108952971038,425597543,30,EkvdKhULbMFqjKBKotAzGi3kwMvMpYNDKJXXQQmi6C1f,,Europe,Netherlands,2,15
20260610-164405#108952971266,425597544,2,5Cchr1XGEg7dbBXByV5NY2ad8jfxAM7HA3x8D56rq9Ux,Upbit Staking,North America,United States,1,16
20260610-164405#108952971564,425597545,44,5Cchr1XGEg7dbBXByV5NY2ad8jfxAM7HA3x8D56rq9Ux,Upbit Staking,North America,United States,2,15
20260610-164405#108952971794,425597546,18,5Cchr1XGEg7dbBXByV5NY2ad8jfxAM7HA3x8D56rq9Ux,Upbit Staking,North America,United States,3,14
20260610-164405#108952972299,425597548,11,BSVckjdW2f8kcXPGcrPPtV9kUDBZ8w8PjrrGVnxgEdwq,,Europe,Lithuania,3,14
20260610-164405#108952972575,425597549,31,BSVckjdW2f8kcXPGcrPPtV9kUDBZ8w8PjrrGVnxgEdwq,,Europe,Lithuania,2,15
20260610-164405#108952972849,425597550,49,BSVckjdW2f8kcXPGcrPPtV9kUDBZ8w8PjrrGVnxgEdwq,,Europe,Lithuania,3,14
20260610-164405#108952973886,425597554,62,CG4tRANBKrzUmpv93V5sgftjQznBdiJsc2yPCzZWWuS9,Bybit Staking,Europe,Netherlands,1,16
20260610-164405#108952974905,425597558,57,AMukCLCr52XxsEjXoDxKKxjNg4FpnsReXNaQx8aR6DJF,,Europe,Netherlands,1,16
20260610-164405#108952975152,425597559,48,AMukCLCr52XxsEjXoDxKKxjNg4FpnsReXNaQx8aR6DJF,,Europe,Netherlands,3,14
20260610-164405#108952979006,425597574,62,Fd7btgySsrjuo25CJCj7oE7VPMyezDhnx7pZkj2v69Nk,Figment,North America,Canada,0,17
20260610-164405#108952980267,425597579,43,mineL1YNwcRnxN93B2sX6q22R11WfRqxnY4NBV8KfFY,Exo Tech,North America,United States,2,15
20260610-164405#108952981250,425597583,2,9jxgosAfHgHzwnxsHw4RAZYaLVokMbnYtmiZBreynGFP,,Europe,Netherlands,2,15
20260610-164405#108952982563,425597588,35,AEHqTB2RtJjegsR2ePjvoJSm6AA5pnYKWVbcsn6kqTBD,,Europe,Netherlands,0,17
20260610-164405#108952983054,425597590,14,AEHqTB2RtJjegsR2ePjvoJSm6AA5pnYKWVbcsn6kqTBD,,Europe,Netherlands,2,15
20260610-164405#108952983819,425597593,11,9iFPQbP1jGkj67sXg6YLLGRUBVEDMcapdS6jmCZSnz8R,,Europe,Germany,2,15
20260610-164405#108952984076,425597594,12,9iFPQbP1jGkj67sXg6YLLGRUBVEDMcapdS6jmCZSnz8R,,Europe,Germany,3,14
20260610-164405#108952984582,425597596,6,GoeW4aFK4dGoekJySgUynWDxBZiQJqm8GDAF4H53tDK9,Twinstake,North America,,3,14
20260610-164405#108952985398,425597599,54,GoeW4aFK4dGoekJySgUynWDxBZiQJqm8GDAF4H53tDK9,Twinstake,North America,,0,17
20260610-164405#108952987437,425597607,45,22rU5yUmdVThrkoPieVNphqEyAtMQKmZxjwcD8v4bJDU,,Europe,Netherlands,0,17
20260610-164405#108952987651,425597608,3,A1vqhA2fS6K7CvHsJKX1ACcHJFEmyRg4KuR5pctHANy4,,Europe,Netherlands,3,14
20260610-164405#108952987925,425597609,21,A1vqhA2fS6K7CvHsJKX1ACcHJFEmyRg4KuR5pctHANy4,,Europe,Netherlands,2,15
20260610-164405#108952989700,425597616,4,6XKqyUVUcpe3CNucjF6gk5zonJDqNGvob6kaTy4Ps1U,Solana Mobile Validator,North America,United States,3,14
20260610-164405#108952990013,425597617,61,6XKqyUVUcpe3CNucjF6gk5zonJDqNGvob6kaTy4Ps1U,Solana Mobile Validator,North America,United States,2,15
20260610-164405#108952990729,425597620,9,7QQGNm3ptwinipDCyaCF7jY5katgmFUu1ieP2f7nwLpE,,Europe,Lithuania,2,15
20260610-164405#108952991008,425597621,32,7QQGNm3ptwinipDCyaCF7jY5katgmFUu1ieP2f7nwLpE,,Europe,Lithuania,1,16
20260610-164405#108952991250,425597622,18,7QQGNm3ptwinipDCyaCF7jY5katgmFUu1ieP2f7nwLpE,,Europe,Lithuania,3,14
20260610-164405#108952991517,425597623,29,7QQGNm3ptwinipDCyaCF7jY5katgmFUu1ieP2f7nwLpE,,Europe,Lithuania,2,15
20260610-164405#108952992034,425597625,34,Aw5wEMXhbygFLR7jHtHpih8QvxVBGAMTqsQ2SjWPk1ex,,Europe,Netherlands,2,15
20260610-164405#108952992825,425597628,57,5Cchr1XGEg7dbBXByV5NY2ad8jfxAM7HA3x8D56rq9Ux,Upbit Staking,North America,United States,1,16
20260610-164405#108952993047,425597629,23,5Cchr1XGEg7dbBXByV5NY2ad8jfxAM7HA3x8D56rq9Ux,Upbit Staking,North America,United States,0,17
20260610-164405#108952993584,425597631,48,5Cchr1XGEg7dbBXByV5NY2ad8jfxAM7HA3x8D56rq9Ux,Upbit Staking,North America,United States,2,15
20260610-164405#108952993797,425597632,5,22rU5yUmdVThrkoPieVNphqEyAtMQKmZxjwcD8v4bJDU,,Europe,Netherlands,3,14
20260610-164405#108952994059,425597633,11,22rU5yUmdVThrkoPieVNphqEyAtMQKmZxjwcD8v4bJDU,,Europe,Netherlands,0,17
20260610-164405#108952994337,425597634,33,22rU5yUmdVThrkoPieVNphqEyAtMQKmZxjwcD8v4bJDU,,Europe,Netherlands,3,14
20260610-164405#108952994589,425597635,29,22rU5yUmdVThrkoPieVNphqEyAtMQKmZxjwcD8v4bJDU,,Europe,Netherlands,2,15
20260610-164405#108952994872,425597636,56,JD549HsbJHeEKKUrKgg4Fj2iyv2RGjsV7NTZjZUrHybB,Forward Industries,North America,United States,0,17
20260610-164405#108952995103,425597637,31,JD549HsbJHeEKKUrKgg4Fj2iyv2RGjsV7NTZjZUrHybB,Forward Industries,North America,United States,3,14
20260610-164405#108952999941,425597656,5,Awes4Tr6TX8JDzEhCZY2QVNimT6iD1zWHzf1vNyGvpLM,Staking Facilities | MEV 🔥,Europe,Germany,0,17
20260610-164405#108953000506,425597658,58,Awes4Tr6TX8JDzEhCZY2QVNimT6iD1zWHzf1vNyGvpLM,Staking Facilities | MEV 🔥,Europe,Germany,2,15
20260610-164405#108953000746,425597659,42,Awes4Tr6TX8JDzEhCZY2QVNimT6iD1zWHzf1vNyGvpLM,Staking Facilities | MEV 🔥,Europe,Germany,2,15
20260610-164405#108953001238,425597661,22,shftkxnsXmqAkmLgz9Mn7bNB5Fr6mKgFc58kFHfVikj,blueshift,Europe,Germany,1,16
20260610-164405#108953001494,425597662,22,shftkxnsXmqAkmLgz9Mn7bNB5Fr6mKgFc58kFHfVikj,blueshift,Europe,Germany,2,15
20260610-164405#108953002802,425597667,50,HpcB5Qg8Y9E73dUkot5e8HkgAJbExsYeUzniY4bCuKac,,Europe,Lithuania,1,16
20260610-164405#108953003055,425597668,47,DWvDTSh3qfn88UoQTEKRV2JnLt5jtJAVoiCo3ivtMwXP,P2P.org,Europe,Netherlands,3,14
20260610-164405#108953004068,425597672,36,9jxgosAfHgHzwnxsHw4RAZYaLVokMbnYtmiZBreynGFP,,Europe,Netherlands,2,15
20260610-164405#108953004813,425597675,13,9jxgosAfHgHzwnxsHw4RAZYaLVokMbnYtmiZBreynGFP,,Europe,Netherlands,3,14
20260610-164405#108953005862,425597679,38,AMukCLCr52XxsEjXoDxKKxjNg4FpnsReXNaQx8aR6DJF,,Europe,Netherlands,3,14
20260610-164405#108953006344,425597681,8,FBKFWadXZJahGtFitAsBvbqh5968gLY7dMBBJUoUjeNi,,Europe,Ireland,3,14
20260610-164405#108953009720,425597694,56,3RXKQBRv7xKTQeNdLSPhCiD4QcUfxEQ12rtgUkMf5LnS,Chainode Tech & MEV(0% Fee),Europe,Lithuania,3,14
20260610-164405#108953010479,425597697,47,DUND26mEDfFeaPsVof3YvbXDRvpuQX7HMUJrLgEWzYw4,,Asia,Japan,3,14
20260610-164405#108953010723,425597698,35,DUND26mEDfFeaPsVof3YvbXDRvpuQX7HMUJrLgEWzYw4,,Asia,Japan,2,15
20260610-164405#108953010997,425597699,53,DUND26mEDfFeaPsVof3YvbXDRvpuQX7HMUJrLgEWzYw4,,Asia,Japan,1,16
20260610-164405#108953011223,425597700,23,22rU5yUmdVThrkoPieVNphqEyAtMQKmZxjwcD8v4bJDU,,Europe,Netherlands,2,15
20260610-164405#108953011470,425597701,14,22rU5yUmdVThrkoPieVNphqEyAtMQKmZxjwcD8v4bJDU,,Europe,Netherlands,0,17
20260610-164405#108953012491,425597705,11,Aw5wEMXhbygFLR7jHtHpih8QvxVBGAMTqsQ2SjWPk1ex,,Europe,Netherlands,3,14
20260610-164405#108953013262,425597708,14,PRGNnb8DxVcP2WjSHfVRGgc8SkA5u6dbMwoTVV1BGKN,Paragon,Asia,Hong Kong S.A.R.,1,16
20260610-164405#108953013805,425597710,45,PRGNnb8DxVcP2WjSHfVRGgc8SkA5u6dbMwoTVV1BGKN,Paragon,Asia,Hong Kong S.A.R.,2,15
20260610-164405#108953014562,425597713,34,CAo1dCGYrB6NhHh5xb1cGjUiu86iyCfMTENxgHumSve4,Kraken 2,North America,United States,3,14
20260610-164405#108953014834,425597714,50,CAo1dCGYrB6NhHh5xb1cGjUiu86iyCfMTENxgHumSve4,Kraken 2,North America,United States,2,15
20260610-164405#108953016364,425597720,44,GQzMeEMwAR44ugoNCifTb5NdRKos1GduDUPeNh6AgV46,,Asia,Japan,1,16
20260610-164405#108953016886,425597722,54,GQzMeEMwAR44ugoNCifTb5NdRKos1GduDUPeNh6AgV46,,Asia,Japan,0,17
20260610-164405#108953017117,425597723,29,GQzMeEMwAR44ugoNCifTb5NdRKos1GduDUPeNh6AgV46,,Asia,Japan,3,14
20260610-164405#108953017405,425597724,61,9W3QTgBhkU4Bwg6cwnDJo6eGZ9BtZafSdu1Lo9JmWws7,Coinbase 03,Asia,Japan,1,16
20260610-164405#108953017902,425597726,46,9W3QTgBhkU4Bwg6cwnDJo6eGZ9BtZafSdu1Lo9JmWws7,Coinbase 03,Asia,Japan,2,15
20260610-164405#108953019147,425597731,11,9jxgosAfHgHzwnxsHw4RAZYaLVokMbnYtmiZBreynGFP,,Europe,Netherlands,2,15
20260610-164405#108953020419,425597736,3,8ZQg3K1V1Z2BVJkjmnxpi43WKhjPGXphzu5QmBkJibSP,P2P.org Labs,South America,Brazil,0,17
20260610-164405#108953021186,425597739,2,8ZQg3K1V1Z2BVJkjmnxpi43WKhjPGXphzu5QmBkJibSP,P2P.org Labs,South America,Brazil,1,16
20260610-164405#108953021484,425597740,44,2mMGsb5uy1Q4Dvezr8HK2E8SJoChcb2X7b61tJPaVHHd,Chainflow,Europe,Sweden,2,15
20260610-164405#108953022007,425597742,55,2mMGsb5uy1Q4Dvezr8HK2E8SJoChcb2X7b61tJPaVHHd,Chainflow,Europe,Sweden,0,17
20260610-164405#108953022734,425597745,14,XkCriyrNwS3G4rzAXtG5B1nnvb5Ka1JtCku93VqeKAr,Coinbase,Europe,Netherlands,3,14
20260610-164405#108953022980,425597746,4,XkCriyrNwS3G4rzAXtG5B1nnvb5Ka1JtCku93VqeKAr,Coinbase,Europe,Netherlands,3,14
20260610-164405#108953023542,425597748,54,J6etcxDdYjPHrtyvDXrbCkx3q9W1UjMj1vy1jBFPJEbK,,North America,United States,2,15
20260610-164405#108953023767,425597749,23,J6etcxDdYjPHrtyvDXrbCkx3q9W1UjMj1vy1jBFPJEbK,,North America,United States,3,14
20260610-164405#108953024057,425597750,57,J6etcxDdYjPHrtyvDXrbCkx3q9W1UjMj1vy1jBFPJEbK,,North America,United States,1,16
20260610-164405#108953024264,425597751,8,J6etcxDdYjPHrtyvDXrbCkx3q9W1UjMj1vy1jBFPJEbK,,North America,United States,0,17
20260610-164405#108953024808,425597753,40,2GUnfxZavKoPfS9s3VSEjaWDzB3vNf5RojUhprCS1rSx,,Asia,Japan,3,14
20260610-164405#108953025076,425597754,52,2GUnfxZavKoPfS9s3VSEjaWDzB3vNf5RojUhprCS1rSx,,Asia,Japan,0,17
20260610-164405#108953025539,425597756,3,q9XWcZ7T1wP4bW9SB4XgNNwjnFEJ982nE8aVbbNuwot,Ledger by Figment,Europe,Germany,3,14
20260610-164405#108953026089,425597758,41,q9XWcZ7T1wP4bW9SB4XgNNwjnFEJ982nE8aVbbNuwot,Ledger by Figment,Europe,Germany,1,16
20260610-164405#108953026567,425597760,7,shftkxnsXmqAkmLgz9Mn7bNB5Fr6mKgFc58kFHfVikj,blueshift,Europe,Germany,3,14
20260610-164405#108953027612,425597764,28,ChorusmmK7i1AxXeiTtQgQZhQNiXYU84ULeaYF1EH15n,Bitwise Onchain Solutions 02,Europe,Netherlands,2,15
20260610-164405#108953028135,425597766,39,ChorusmmK7i1AxXeiTtQgQZhQNiXYU84ULeaYF1EH15n,Bitwise Onchain Solutions 02,Europe,Netherlands,3,14
20260610-164405#108953028367,425597767,15,ChorusmmK7i1AxXeiTtQgQZhQNiXYU84ULeaYF1EH15n,Bitwise Onchain Solutions 02,Europe,Netherlands,3,14
20260610-164405#108953028647,425597768,39,43Am3PKFeo9cACpqYL5Sk95rpVdxLw3Mc22PqRqZXEW2,Titan Analytics,Asia,Japan,2,15
20260610-164405#108953028885,425597769,21,43Am3PKFeo9cACpqYL5Sk95rpVdxLw3Mc22PqRqZXEW2,Titan Analytics,Asia,Japan,2,15
20260610-164405#108953029126,425597770,6,43Am3PKFeo9cACpqYL5Sk95rpVdxLw3Mc22PqRqZXEW2,Titan Analytics,Asia,Japan,2,15
20260610-164405#108953029635,425597772,3,CW9C7HBwAMgqNdXkNgFg9Ujr3edR2Ab9ymEuQnVacd1A,Coinbase 02,Europe,United Kingdom,2,15
20260610-164405#108953029926,425597773,38,CW9C7HBwAMgqNdXkNgFg9Ujr3edR2Ab9ymEuQnVacd1A,Coinbase 02,Europe,United Kingdom,0,17
20260610-164405#108953030158,425597774,14,CW9C7HBwAMgqNdXkNgFg9Ujr3edR2Ab9ymEuQnVacd1A,Coinbase 02,Europe,United Kingdom,3,14
20260610-164405#108953030424,425597775,24,CW9C7HBwAMgqNdXkNgFg9Ujr3edR2Ab9ymEuQnVacd1A,Coinbase 02,Europe,United Kingdom,2,15
20260610-164405#108953030670,425597776,14,EkvdKhULbMFqjKBKotAzGi3kwMvMpYNDKJXXQQmi6C1f,,Europe,Netherlands,3,14
20260610-164405#108953032964,425597785,4,G9vCpJUUSpEm4zPwzSNpDmZ8MGwLEbiSLV59EBzCGvzM,AP Node,Asia,Japan,3,14
20260610-164405#108953034816,425597792,64,BtsmiEEvnSuUnKxqXj2PZRYpPJAc7C34mGz8gtJ1DAaH,,Europe,Germany,2,15
20260610-164405#108953035791,425597796,15,FzQqaDStQQHs52YKeCnDovwSqvyZBCgs2kJcmvoFZwaS,,Asia,Singapore,2,15
20260610-164405#108953036849,425597800,49,5essVpBYvocZkQnkrWsMDfRPwtp4BeihJRaweKLR4dRn,Certora Validator,North America,United States,3,14
20260610-164405#108953038104,425597805,24,aXiomFkk6VzXaBhPuhMqTLZZguCFzzbyP9LTtZ7ZHLQ,Axiom,Europe,Germany,2,15
20260610-164405#108953038397,425597806,61,aXiomFkk6VzXaBhPuhMqTLZZguCFzzbyP9LTtZ7ZHLQ,Axiom,Europe,Germany,0,17
20260610-164405#108953042238,425597821,62,1Link6hB1NpkCwJt3ZtpQKZszKauhEcKgiWjaU8PRDG,OneLink Solutions,Europe,Germany,0,17
20260610-164405#108953043733,425597827,21,5ZqveVffQPiUbkjBg4KD9kib1MKHLqiFno4ke9jSq9qk,,Europe,Germany,3,14
20260610-164405#108953046281,425597837,9,5pPRHniefFjkiaArbGX3Y8NUysJmQ9tMZg3FrFGwHzSm,Kiln1,Europe,Netherlands,1,16
20260610-164405#108953048113,425597844,49,ALp2GdA1eJV8vZHMHazCtTxNXe3BLUSco9LDASgjDs8R,🌸 SOLGirl MEV ⚡️👩‍💻,Asia,Hong Kong S.A.R.,2,15
20260610-164405#108953048353,425597845,33,ALp2GdA1eJV8vZHMHazCtTxNXe3BLUSco9LDASgjDs8R,🌸 SOLGirl MEV ⚡️👩‍💻,Asia,Hong Kong S.A.R.,3,14
20260610-164405#108953048607,425597846,31,ALp2GdA1eJV8vZHMHazCtTxNXe3BLUSco9LDASgjDs8R,🌸 SOLGirl MEV ⚡️👩‍💻,Asia,Hong Kong S.A.R.,1,16
20260610-164405#108953048890,425597847,58,ALp2GdA1eJV8vZHMHazCtTxNXe3BLUSco9LDASgjDs8R,🌸 SOLGirl MEV ⚡️👩‍💻,Asia,Hong Kong S.A.R.,1,16
20260610-164405#108953051434,425597857,42,97jbhVBYcSmwGXjrx5PPWXucDsVBqwyoQ6rzP3B6eeMt,anarcheuz,Asia,Singapore,2,15
20260610-164405#108953052731,425597862,59,AMukCLCr52XxsEjXoDxKKxjNg4FpnsReXNaQx8aR6DJF,,Europe,Netherlands,0,17
20260610-164405#108953052979,425597863,51,AMukCLCr52XxsEjXoDxKKxjNg4FpnsReXNaQx8aR6DJF,,Europe,Netherlands,3,14
20260610-164405#108953053186,425597864,2,6y7V8dL673XFzm9QyC5vvh3itWkp7wztahBd2yDqsyrK,,Europe,Lithuania,2,15
20260610-164405#108953053455,425597865,15,6y7V8dL673XFzm9QyC5vvh3itWkp7wztahBd2yDqsyrK,,Europe,Lithuania,3,14
20260610-164405#108953054220,425597868,12,privaEdSEmnMPGPoQACUkcDGkFBbTArVvsEGd7C5wUM,,Europe,Germany,2,15
20260610-164405#108953054727,425597870,7,privaEdSEmnMPGPoQACUkcDGkFBbTArVvsEGd7C5wUM,,Europe,Germany,1,16
20260610-164405#108953055546,425597873,58,sCANXAaS1a7yB8jz3USvGNLfd8DSc9r7TNzNSKKPkfY,Range,South America,Chile,2,15
20260610-164405#108953056537,425597877,25,8tjFeSApQ85ThoQXT28acfF2KUfQr3TvTdirSkzNnYC7,,North America,Canada,2,15
20260610-164405#108953058111,425597883,63,DRpbCBMxVnDK7maPM5tGv6MvB3v1sRMC86PZ8okm21hy,binance staking,North America,United States,2,15
20260610-164405#108953059118,425597887,46,AEAJtnjjB19XFreJH21UP8rfd12f9kxMmngwZG3tGXbP,Black Sand,North America,United States,1,16
20260610-164405#108953061428,425597896,52,DRpbCBMxVnDK7maPM5tGv6MvB3v1sRMC86PZ8okm21hy,binance staking,North America,United States,0,17
20260610-164405#108953062712,425597901,56,HTeRsa3gm3CGrizMoCrtWj4uBZ1NKYcGqh8jfBu2u3Jo,,Europe,United Kingdom,0,17
20260610-164405#108953063480,425597904,56,Aw5wEMXhbygFLR7jHtHpih8QvxVBGAMTqsQ2SjWPk1ex,,Europe,Netherlands,1,16
20260610-164405#108953064454,425597908,6,EvnRmnMrd69kFdbLMxWkTn1icZ7DCceRhvmb2SJXqDo4,Everstake,Europe,Germany,2,15
20260610-164405#108953066521,425597916,25,5essVpBYvocZkQnkrWsMDfRPwtp4BeihJRaweKLR4dRn,Certora Validator,North America,United States,3,14
20260610-164405#108953066784,425597917,32,5essVpBYvocZkQnkrWsMDfRPwtp4BeihJRaweKLR4dRn,Certora Validator,North America,United States,0,17
20260610-164405#108953068328,425597923,40,DWvDTSh3qfn88UoQTEKRV2JnLt5jtJAVoiCo3ivtMwXP,P2P.org,Europe,Netherlands,2,15
20260610-164405#108953068864,425597925,64,Ninja1spj6n9t5hVYgF3PdnYz2PLnkt7rvaw3firmjs,Shinobi Systems 🚀 stakeview.app,North America,United States,2,15
20260610-164405#108953069630,425597928,62,7cVfgArCheMR6Cs4t6vz5rfnqd56vZq4ndaBrY5xkxXy,Blockdaemon 🧱👿 Validator,Europe,Netherlands,0,17
20260610-164405#108953074959,425597949,15,4SNKY7GCp7ohY4AawND5Cc2D71sWMWN3Uifo854yvtks,,North America,United States,3,14
20260610-164405#108953078574,425597963,46,JupmVLmA8RoyTUbTMMuTtoPWHEiNQobxgTeGTrPNkzT,Jupiter,Europe,Germany,2,15
20260610-164405#108953082638,425597979,14,BkoS26vBuaXnSowACdChi4WKid8UwmuPNhEJWa8KsLHd,,Europe,Germany,3,14
20260610-164405#108953083699,425597983,51,5ejbTALcBsKQ7Cj1iSuu2mY5jqbYHqh9gF5ERXLiYj1z,,Europe,Lithuania,2,15
20260610-164405#108953083951,425597984,47,A1vqhA2fS6K7CvHsJKX1ACcHJFEmyRg4KuR5pctHANy4,,Europe,Netherlands,2,15
20260610-164405#108953084980,425597988,52,EkvdKhULbMFqjKBKotAzGi3kwMvMpYNDKJXXQQmi6C1f,,Europe,Netherlands,3,14
20260610-164405#108953085216,425597989,32,EkvdKhULbMFqjKBKotAzGi3kwMvMpYNDKJXXQQmi6C1f,,Europe,Netherlands,1,16
20260610-164405#108953085473,425597990,33,EkvdKhULbMFqjKBKotAzGi3kwMvMpYNDKJXXQQmi6C1f,,Europe,Netherlands,2,15
20260610-164405#108953086252,425597993,44,9UM8wQ8F5oMiRcP5YdqD6Lr4krpBWCD8LtgQYoisJd9i,,Europe,United Kingdom,0,17
20260610-164405#108953087499,425597998,11,EdFUcP2f6j9iBg5BqsgJn3WDr1JieiKCo41hZ5Zrsk6w,Bitget Wallet,Asia,Japan,3,14
20260610-164405#108953090613,425598010,53,GQzMeEMwAR44ugoNCifTb5NdRKos1GduDUPeNh6AgV46,,Asia,Japan,1,16
20260610-164405#108953090858,425598011,42,GQzMeEMwAR44ugoNCifTb5NdRKos1GduDUPeNh6AgV46,,Asia,Japan,3,14
20260610-164405#108953092357,425598017,5,DNVZMSqeRH18Xa4MCTrb1MndNf3Npg4MEwqswo23eWkf,Firedancer Development,Europe,Germany,3,14
20260610-164405#108953092612,425598018,4,DNVZMSqeRH18Xa4MCTrb1MndNf3Npg4MEwqswo23eWkf,Firedancer Development,Europe,Germany,2,15
20260610-164405#108953102090,425598055,10,GoeW4aFK4dGoekJySgUynWDxBZiQJqm8GDAF4H53tDK9,Twinstake,North America,,1,16
20260610-164405#108953102857,425598058,9,7Nn8qBJey7vXtVFMNBbbuN8UkujU8Y6nWzbHVGuf49yV,livechanger,North America,United States,2,15
20260610-164405#108953103881,425598062,9,22rU5yUmdVThrkoPieVNphqEyAtMQKmZxjwcD8v4bJDU,,Europe,Netherlands,1,16
20260610-164405#108953104446,425598064,62,Awes4Tr6TX8JDzEhCZY2QVNimT6iD1zWHzf1vNyGvpLM,Staking Facilities | MEV 🔥,Europe,Germany,3,14
20260610-164405#108953104903,425598066,7,Awes4Tr6TX8JDzEhCZY2QVNimT6iD1zWHzf1vNyGvpLM,Staking Facilities | MEV 🔥,Europe,Germany,1,16
20260610-164405#108953105198,425598067,46,Awes4Tr6TX8JDzEhCZY2QVNimT6iD1zWHzf1vNyGvpLM,Staking Facilities | MEV 🔥,Europe,Germany,0,17
20260610-164405#108953106488,425598072,56,9jxgosAfHgHzwnxsHw4RAZYaLVokMbnYtmiZBreynGFP,,Europe,Netherlands,1,16
20260610-164405#108953106718,425598073,30,9jxgosAfHgHzwnxsHw4RAZYaLVokMbnYtmiZBreynGFP,,Europe,Netherlands,3,14
20260610-164405#108953107207,425598075,7,9jxgosAfHgHzwnxsHw4RAZYaLVokMbnYtmiZBreynGFP,,Europe,Netherlands,3,14
20260610-164405#108953107463,425598076,7,2GUnfxZavKoPfS9s3VSEjaWDzB3vNf5RojUhprCS1rSx,,Asia,Japan,1,16
20260610-164405#108953108277,425598079,53,2GUnfxZavKoPfS9s3VSEjaWDzB3vNf5RojUhprCS1rSx,,Asia,Japan,1,16
20260610-164405#108953109288,425598083,40,9WzPWqKSqbE5PT9hMsmCDFjzpurAXEYCE9qrpVWp28KR,,Europe,Netherlands,2,15
20260610-164405#108953109804,425598085,44,aXiomFkk6VzXaBhPuhMqTLZZguCFzzbyP9LTtZ7ZHLQ,Axiom,Europe,Germany,0,17
20260610-164405#108953110822,425598089,38,BUv44cVtsdvU9z2BfFGk6s5JZZWrmVnq5qCaii5ARyyB,,Europe,Netherlands,2,15
20260610-164405#108953111609,425598092,57,EvnRmnMrd69kFdbLMxWkTn1icZ7DCceRhvmb2SJXqDo4,Everstake,Europe,Germany,3,14
20260610-164405#108953112109,425598094,45,EvnRmnMrd69kFdbLMxWkTn1icZ7DCceRhvmb2SJXqDo4,Everstake,Europe,Germany,2,15
20260610-164405#108953120554,425598127,42,DNVZMSqeRH18Xa4MCTrb1MndNf3Npg4MEwqswo23eWkf,Firedancer Development,Europe,Germany,0,17
20260610-164405#108953121074,425598129,50,sce2zXNjLpPMcSCATTrLiQhAAvHNNMKypTFVtg2H37U,,North America,United States,0,17
20260610-164405#108953121339,425598130,59,sce2zXNjLpPMcSCATTrLiQhAAvHNNMKypTFVtg2H37U,,North America,United States,0,17
20260610-164405#108953123390,425598138,62,q9XWcZ7T1wP4bW9SB4XgNNwjnFEJ982nE8aVbbNuwot,Ledger by Figment,Europe,Germany,0,17
20260610-164405#108953124103,425598141,7,9jxgosAfHgHzwnxsHw4RAZYaLVokMbnYtmiZBreynGFP,,Europe,Netherlands,1,16
20260610-164405#108953124896,425598144,32,AicQr2zCWBLiBwt2r6o7iTemmtyE7q5pTKyuuupbXEQA,,North America,United States,1,16
20260610-164405#108953125440,425598146,64,AicQr2zCWBLiBwt2r6o7iTemmtyE7q5pTKyuuupbXEQA,,North America,United States,3,14
20260610-164405#108953127218,425598153,50,Hz5aLvpKScNWoe9YZWxBLrQA3qzHJivBGtfciMekk8m5,,Europe,United Kingdom,0,17
20260610-164405#108953127475,425598154,51,Hz5aLvpKScNWoe9YZWxBLrQA3qzHJivBGtfciMekk8m5,,Europe,United Kingdom,3,14
20260610-164405#108953127719,425598155,39,Hz5aLvpKScNWoe9YZWxBLrQA3qzHJivBGtfciMekk8m5,,Europe,United Kingdom,0,17
20260610-164405#108953128965,425598160,5,fishfishrD9BwrQQiAcG6YeYZVUYVJf3tb9QGQPMJqF,stakefish 🐟,North America,United States,2,15
20260610-164405#108953130296,425598165,56,6y7V8dL673XFzm9QyC5vvh3itWkp7wztahBd2yDqsyrK,,Europe,Lithuania,2,15
20260610-164405#108953130507,425598166,11,6y7V8dL673XFzm9QyC5vvh3itWkp7wztahBd2yDqsyrK,,Europe,Lithuania,3,14
20260610-164405#108953130779,425598167,27,6y7V8dL673XFzm9QyC5vvh3itWkp7wztahBd2yDqsyrK,,Europe,Lithuania,2,15
20260610-164405#108953132299,425598173,11,9jxgosAfHgHzwnxsHw4RAZYaLVokMbnYtmiZBreynGFP,,Europe,Netherlands,3,14
20260610-164405#108953132569,425598174,25,9jxgosAfHgHzwnxsHw4RAZYaLVokMbnYtmiZBreynGFP,,Europe,Netherlands,2,15
20260610-164405#108953132835,425598175,35,9jxgosAfHgHzwnxsHw4RAZYaLVokMbnYtmiZBreynGFP,,Europe,Netherlands,3,14
20260610-164405#108953138208,425598196,32,Fc6NNdS2j3EmrWbU6Uqt6wsKB5ef72NjaWfNxKYbULGD,OKX Earn,Asia,Singapore,3,14
20260610-164405#108953139763,425598202,51,Awes4Tr6TX8JDzEhCZY2QVNimT6iD1zWHzf1vNyGvpLM,Staking Facilities | MEV 🔥,Europe,Germany,2,15
20260610-164405#108953139980,425598203,12,Awes4Tr6TX8JDzEhCZY2QVNimT6iD1zWHzf1vNyGvpLM,Staking Facilities | MEV 🔥,Europe,Germany,1,16
20260610-164405#108953140269,425598204,45,3WDh9HgusCujDmXCVhophLrHvoKHQd1Sd4uFHz1Awo35,Absolute Guard,Europe,Germany,2,15
20260610-164405#108953141250,425598208,2,3psxMyr7rQzywVp1MXKd1XFmFz33NjydzCoJx9t2sMQW,OtterSec,North America,United States,2,15
20260610-164405#108953141553,425598209,49,3psxMyr7rQzywVp1MXKd1XFmFz33NjydzCoJx9t2sMQW,OtterSec,North America,United States,0,17
20260610-164405#108953143827,425598218,19,GoeW4aFK4dGoekJySgUynWDxBZiQJqm8GDAF4H53tDK9,Twinstake,North America,,3,14
20260610-164405#108953147144,425598231,8,2oHUYyW2PU9VJh4XBs5TbGgzdernunvGqyKth3kxW4ns,,Europe,Netherlands,1,16
20260610-164405#108953147412,425598232,20,CW9C7HBwAMgqNdXkNgFg9Ujr3edR2Ab9ymEuQnVacd1A,Coinbase 02,Europe,United Kingdom,2,15
20260610-164405#108953149242,425598239,58,GmCxjmjKZoaKN1DKunbYq8RCYib94Nm3sHyncFfofaF5,Rocket,Europe,Lithuania,2,15
20260610-164405#108953150758,425598245,38,FBKFWadXZJahGtFitAsBvbqh5968gLY7dMBBJUoUjeNi,,Europe,Ireland,0,17
20260610-164405#108953152264,425598251,8,Fd7btgySsrjuo25CJCj7oE7VPMyezDhnx7pZkj2v69Nk,Figment,North America,Canada,2,15
20260610-164405#108953152528,425598252,16,FNKgX9dYUhYQFRTM9bkeKoRpsyEtZGNMxbdQLDzfqB8a,Coinbase 04,Europe,Netherlands,1,16
20260610-164405#108953152822,425598253,54,FNKgX9dYUhYQFRTM9bkeKoRpsyEtZGNMxbdQLDzfqB8a,Coinbase 04,Europe,Netherlands,2,15
20260610-164405#108953157144,425598270,24,FzQqaDStQQHs52YKeCnDovwSqvyZBCgs2kJcmvoFZwaS,,Asia,Singapore,2,15
20260610-164405#108953158950,425598277,38,C1ocKDYMCm2ooWptMMnpd5VEB2Nx4UMJgRuYofysyzcA,Overclock,North America,United States,0,17
20260610-164405#108953162782,425598292,30,bkpk9KVsDRfrArzzmkJ9mPEvbXfQxczzQYR3QMGiR8Z,Backpack,North America,United States,0,17
20260610-164405#108953164325,425598298,37,2GUnfxZavKoPfS9s3VSEjaWDzB3vNf5RojUhprCS1rSx,,Asia,Japan,1,16
20260610-164405#108953164591,425598299,47,2GUnfxZavKoPfS9s3VSEjaWDzB3vNf5RojUhprCS1rSx,,Asia,Japan,1,16
20260610-164405#108953165608,425598303,40,privaEdSEmnMPGPoQACUkcDGkFBbTArVvsEGd7C5wUM,,Europe,Germany,2,15
20260610-164405#108953166096,425598305,16,J6etcxDdYjPHrtyvDXrbCkx3q9W1UjMj1vy1jBFPJEbK,,North America,United States,3,14
20260610-164405#108953166617,425598307,25,J6etcxDdYjPHrtyvDXrbCkx3q9W1UjMj1vy1jBFPJEbK,,North America,United States,0,17
20260610-164405#108953167898,425598312,26,HTeRsa3gm3CGrizMoCrtWj4uBZ1NKYcGqh8jfBu2u3Jo,,Europe,United Kingdom,3,14
20260610-164405#108953169935,425598320,15,7PdKhpKz7T39vZHFL1UfcYNDsLvay6hp4KPQq1aUckFf,Alpha Pro | High APY🚀 100% Reliable ⭐ VIP Services,Europe,Germany,3,14
20260610-164405#108953170462,425598322,30,7PdKhpKz7T39vZHFL1UfcYNDsLvay6hp4KPQq1aUckFf,Alpha Pro | High APY🚀 100% Reliable ⭐ VIP Services,Europe,Germany,3,14
20260610-164405#108953172266,425598329,42,BtsmiEEvnSuUnKxqXj2PZRYpPJAc7C34mGz8gtJ1DAaH,,Europe,Germany,1,16
20260610-164405#108953172529,425598330,49,BtsmiEEvnSuUnKxqXj2PZRYpPJAc7C34mGz8gtJ1DAaH,,Europe,Germany,2,15
20260610-164405#108953173312,425598333,64,5Cchr1XGEg7dbBXByV5NY2ad8jfxAM7HA3x8D56rq9Ux,Upbit Staking,North America,United States,2,15
20260610-164405#108953173761,425598335,1,5Cchr1XGEg7dbBXByV5NY2ad8jfxAM7HA3x8D56rq9Ux,Upbit Staking,North America,United States,0,17
20260610-164405#108953181486,425598365,46,3tzpLMWRkWucvTRWU5PjgKzN1iwJuV69yCCjmuuo4gTk,TruFin by Twinstake,Europe,United Kingdom,2,15
20260610-164405#108953183272,425598372,40,CoG8d9Fp2TFJRkAmrPMiPsGhQWHzdTTVoegEp9svRgmJ,Nansen | Stake to Stack Points,Asia,Singapore,0,17
20260610-164405#108953185034,425598379,10,GoeW4aFK4dGoekJySgUynWDxBZiQJqm8GDAF4H53tDK9,Twinstake,North America,,3,14
20260610-164405#108953186077,425598383,29,JupmVLmA8RoyTUbTMMuTtoPWHEiNQobxgTeGTrPNkzT,Jupiter,Europe,Germany,1,16
20260610-164405#108953188121,425598391,25,DRpbCBMxVnDK7maPM5tGv6MvB3v1sRMC86PZ8okm21hy,binance staking,North America,United States,1,16
20260610-164405#108953192234,425598407,42,722RdWmHC5TGXBjTejzNjbc8xEiduVDLqZvoUGz6Xzbp,Solflare,Europe,Netherlands,1,16
20260610-164405#108953192449,425598408,1,HEL1USMZKAL2odpNBj2oCjffnFGaYwmbGmyewGv1e2TU,Helius,Europe,United Kingdom,1,16
20260610-164405#108953194509,425598416,13,JD549HsbJHeEKKUrKgg4Fj2iyv2RGjsV7NTZjZUrHybB,Forward Industries,North America,United States,2,15
20260610-164405#108953194783,425598417,31,JD549HsbJHeEKKUrKgg4Fj2iyv2RGjsV7NTZjZUrHybB,Forward Industries,North America,United States,3,14
20260610-164405#108953195018,425598418,10,JD549HsbJHeEKKUrKgg4Fj2iyv2RGjsV7NTZjZUrHybB,Forward Industries,North America,United States,0,17
20260610-164405#108953195798,425598421,22,Fd7btgySsrjuo25CJCj7oE7VPMyezDhnx7pZkj2v69Nk,Figment,North America,Canada,0,17
20260610-164405#108953196352,425598423,64,Fd7btgySsrjuo25CJCj7oE7VPMyezDhnx7pZkj2v69Nk,Figment,North America,Canada,2,15
20260610-164405#108953196598,425598424,54,GiYSnFRrXrmkJMC54A1j3K4xT6ZMfx1NSThEe5X2WpDe,MonkeDAO,Asia,Japan,1,16
20260610-164405#108953196842,425598425,42,GiYSnFRrXrmkJMC54A1j3K4xT6ZMfx1NSThEe5X2WpDe,MonkeDAO,Asia,Japan,3,14
20260610-164405#108953197094,425598426,38,GiYSnFRrXrmkJMC54A1j3K4xT6ZMfx1NSThEe5X2WpDe,MonkeDAO,Asia,Japan,2,15
20260610-164405#108953201183,425598442,31,5Cchr1XGEg7dbBXByV5NY2ad8jfxAM7HA3x8D56rq9Ux,Upbit Staking,North America,United States,1,16
20260610-164405#108953201939,425598445,19,BPKAfGkkzF5u1QRjjB1nWYYbPMUCMPJe1xZPmwEMNMCT,GateOmega | SolCircl.app,Europe,Germany,3,14
20260610-164405#108953202705,425598448,17,Hz5aLvpKScNWoe9YZWxBLrQA3qzHJivBGtfciMekk8m5,,Europe,United Kingdom,2,15
20260610-164405#108953203476,425598451,20,Hz5aLvpKScNWoe9YZWxBLrQA3qzHJivBGtfciMekk8m5,,Europe,United Kingdom,0,17
20260610-164405#108953204786,425598456,50,6WgdYhhGE53WrZ7ywJA15hBVkw7CRbQ8yDBBTwmBtAHN,Luganodes,Europe,Germany,1,16
20260610-164405#108953205310,425598458,62,6WgdYhhGE53WrZ7ywJA15hBVkw7CRbQ8yDBBTwmBtAHN,Luganodes,Europe,Germany,2,15
20260610-164405#108953205779,425598460,19,84gC25fbFKYueR9WEfreUysk1n3ZFxLFDDjbyqeqGpoW,,Europe,Germany,0,17
20260610-164405#108953206334,425598462,62,84gC25fbFKYueR9WEfreUysk1n3ZFxLFDDjbyqeqGpoW,,Europe,Germany,0,17
20260610-164405#108953209620,425598475,20,GmCxjmjKZoaKN1DKunbYq8RCYib94Nm3sHyncFfofaF5,Rocket,Europe,Lithuania,1,16
20260610-164405#108953210154,425598477,42,EvnRmnMrd69kFdbLMxWkTn1icZ7DCceRhvmb2SJXqDo4,Everstake,Europe,Germany,2,15
20260610-164405#108953211402,425598482,10,A1vqhA2fS6K7CvHsJKX1ACcHJFEmyRg4KuR5pctHANy4,,Europe,Netherlands,3,14
20260610-164405#108953211949,425598484,45,FBbqKvwLfKGZrKrfSbPJz4ymQ7zMarhRyZtu1RBkSe89,,North America,United States,2,15
20260610-164405#108953212442,425598486,26,FBbqKvwLfKGZrKrfSbPJz4ymQ7zMarhRyZtu1RBkSe89,,North America,United States,1,16
20260610-164405#108953215245,425598497,13,5ZqveVffQPiUbkjBg4KD9kib1MKHLqiFno4ke9jSq9qk,,Europe,Germany,0,17
20260610-164405#108953216258,425598501,2,HyperSPG8w4jgdHgmA8ExrhRL1L1BriRTHD9UFdXJUud,Hyper 🫨,North America,Mexico,2,15
20260610-164405#108953216774,425598503,6,HyperSPG8w4jgdHgmA8ExrhRL1L1BriRTHD9UFdXJUud,Hyper 🫨,North America,Mexico,3,14
20260610-164405#108953217302,425598505,22,HTeRsa3gm3CGrizMoCrtWj4uBZ1NKYcGqh8jfBu2u3Jo,,Europe,United Kingdom,3,14
20260610-164405#108953217822,425598507,30,HTeRsa3gm3CGrizMoCrtWj4uBZ1NKYcGqh8jfBu2u3Jo,,Europe,United Kingdom,3,14
20260610-164405#108953218319,425598509,15,5ZqveVffQPiUbkjBg4KD9kib1MKHLqiFno4ke9jSq9qk,,Europe,Germany,0,17
20260610-164405#108953218838,425598511,22,5ZqveVffQPiUbkjBg4KD9kib1MKHLqiFno4ke9jSq9qk,,Europe,Germany,3,14
20260610-164405#108953219903,425598515,63,DRpbCBMxVnDK7maPM5tGv6MvB3v1sRMC86PZ8okm21hy,binance staking,North America,United States,3,14
20260610-164405#108953220896,425598519,32,5Cchr1XGEg7dbBXByV5NY2ad8jfxAM7HA3x8D56rq9Ux,Upbit Staking,North America,United States,0,17
20260610-164405#108953221696,425598522,64,E1r4Psq84tHfQ6aPTvvDka4U3u8zPVD7gEUrH25RdxHL,Bitwise Onchain Solutions,Europe,Germany,1,16
20260610-164405#108953221915,425598523,27,E1r4Psq84tHfQ6aPTvvDka4U3u8zPVD7gEUrH25RdxHL,Bitwise Onchain Solutions,Europe,Germany,3,14
20260610-164405#108953223479,425598529,55,5TGfVQV1S3wHE9hkgGaQkRoPC7xZxiqwMcjQZxVYsf1j,Sanctum,Europe,Germany,0,17
20260610-164405#108953223697,425598530,17,5TGfVQV1S3wHE9hkgGaQkRoPC7xZxiqwMcjQZxVYsf1j,Sanctum,Europe,Germany,1,16
20260610-164405#108953224251,425598532,59,radM7PKUpZwJ9bYPAJ7V8FXHeUmH1zim6iaXUKkftP9,Radiants,Asia,Singapore,0,17
20260610-164405#108953224709,425598534,5,radM7PKUpZwJ9bYPAJ7V8FXHeUmH1zim6iaXUKkftP9,Radiants,Asia,Singapore,3,14
20260610-164405#108953227067,425598543,59,EUcJwf7jXskRE6NZBtFPVH2EedNvNYko8LL2WT62XctB,StakeBowl,Europe,Germany,0,17
20260610-164405#108953230362,425598556,26,q9XWcZ7T1wP4bW9SB4XgNNwjnFEJ982nE8aVbbNuwot,Ledger by Figment,Europe,Germany,2,15
20260610-164405#108953230852,425598558,4,q9XWcZ7T1wP4bW9SB4XgNNwjnFEJ982nE8aVbbNuwot,Ledger by Figment,Europe,Germany,3,14
20260610-164405#108953233669,425598569,5,Hz5aLvpKScNWoe9YZWxBLrQA3qzHJivBGtfciMekk8m5,,Europe,United Kingdom,0,17
20260610-164405#108953233980,425598570,60,Hz5aLvpKScNWoe9YZWxBLrQA3qzHJivBGtfciMekk8m5,,Europe,United Kingdom,0,17
20260610-164405#108953234438,425598572,6,VQwCCSfW3o5NDx7n5FBr9SoYiLXVgetstHvaWBvv2YH,,North America,United States,0,17
20260610-164405#108953234726,425598573,38,VQwCCSfW3o5NDx7n5FBr9SoYiLXVgetstHvaWBvv2YH,,North America,United States,1,16
20260610-164405#108953234957,425598574,13,VQwCCSfW3o5NDx7n5FBr9SoYiLXVgetstHvaWBvv2YH,,North America,United States,2,15
20260610-164405#108953235222,425598575,22,VQwCCSfW3o5NDx7n5FBr9SoYiLXVgetstHvaWBvv2YH,,North America,United States,1,16
20260610-164405#108953235460,425598576,4,3Rv6ZVGUuRczP76322LyhTTYw2iM4avV4B5xFJocQJer,Gaxx Validator,North America,United States,3,14
20260610-164405#108953235984,425598578,16,3Rv6ZVGUuRczP76322LyhTTYw2iM4avV4B5xFJocQJer,Gaxx Validator,North America,United States,3,14
20260610-164405#108953237258,425598583,10,t23p8aBQN6P6tziMuN5XPmzqVRrip9oes7KuQwSmate,Solmate - RockawayX powered,Asia,United Arab Emirates,3,14
20260610-164405#108953238315,425598587,43,Fd7btgySsrjuo25CJCj7oE7VPMyezDhnx7pZkj2v69Nk,Figment,North America,Canada,3,14
20260610-164405#108953239085,425598590,45,22rU5yUmdVThrkoPieVNphqEyAtMQKmZxjwcD8v4bJDU,,Europe,Netherlands,0,17
20260610-164405#108953239297,425598591,1,22rU5yUmdVThrkoPieVNphqEyAtMQKmZxjwcD8v4bJDU,,Europe,Netherlands,3,14
20260610-164405#108953240069,425598594,5,BSVckjdW2f8kcXPGcrPPtV9kUDBZ8w8PjrrGVnxgEdwq,,Europe,Lithuania,1,16
20260610-164405#108953240345,425598595,25,BSVckjdW2f8kcXPGcrPPtV9kUDBZ8w8PjrrGVnxgEdwq,,Europe,Lithuania,3,14
20260610-164405#108953241389,425598599,45,sTepQGoReJq2tBKStL19DT6nnGHcGiAvFjyYaokLyuM,Step Finance,Asia,Singapore,2,15
20260610-164405#108953243179,425598606,43,GoeW4aFK4dGoekJySgUynWDxBZiQJqm8GDAF4H53tDK9,Twinstake,North America,,2,15
20260610-164405#108953243453,425598607,61,GoeW4aFK4dGoekJySgUynWDxBZiQJqm8GDAF4H53tDK9,Twinstake,North America,,1,16
20260610-164405#108953244206,425598610,46,A1vqhA2fS6K7CvHsJKX1ACcHJFEmyRg4KuR5pctHANy4,,Europe,Netherlands,2,15
20260610-164405#108953244736,425598612,64,Hz5aLvpKScNWoe9YZWxBLrQA3qzHJivBGtfciMekk8m5,,Europe,United Kingdom,3,14
20260610-164405#108953244952,425598613,24,Hz5aLvpKScNWoe9YZWxBLrQA3qzHJivBGtfciMekk8m5,,Europe,United Kingdom,2,15
20260610-164405#108953245484,425598615,44,Hz5aLvpKScNWoe9YZWxBLrQA3qzHJivBGtfciMekk8m5,,Europe,United Kingdom,3,14
20260610-164405#108953247005,425598621,29,Awes4Tr6TX8JDzEhCZY2QVNimT6iD1zWHzf1vNyGvpLM,Staking Facilities | MEV 🔥,Europe,Germany,0,17
20260610-164405#108953247511,425598623,23,Awes4Tr6TX8JDzEhCZY2QVNimT6iD1zWHzf1vNyGvpLM,Staking Facilities | MEV 🔥,Europe,Germany,2,15
20260610-164405#108953248270,425598626,14,FBKFWadXZJahGtFitAsBvbqh5968gLY7dMBBJUoUjeNi,,Europe,Ireland,3,14
20260610-164405#108953251104,425598637,32,JupmVLmA8RoyTUbTMMuTtoPWHEiNQobxgTeGTrPNkzT,Jupiter,Europe,Germany,2,15
20260610-164405#108953255204,425598653,36,HpcB5Qg8Y9E73dUkot5e8HkgAJbExsYeUzniY4bCuKac,,Europe,Lithuania,3,14
20260610-164405#108953256993,425598660,33,DRpbCBMxVnDK7maPM5tGv6MvB3v1sRMC86PZ8okm21hy,binance staking,North America,United States,0,17
20260610-164405#108953258501,425598666,5,EkvdKhULbMFqjKBKotAzGi3kwMvMpYNDKJXXQQmi6C1f,,Europe,Netherlands,3,14
20260610-164405#108953258801,425598667,49,EkvdKhULbMFqjKBKotAzGi3kwMvMpYNDKJXXQQmi6C1f,,Europe,Netherlands,2,15
20260610-164405#108953259042,425598668,34,GQzMeEMwAR44ugoNCifTb5NdRKos1GduDUPeNh6AgV46,,Asia,Japan,0,17
20260610-164405#108953260328,425598673,40,BtsmiEEvnSuUnKxqXj2PZRYpPJAc7C34mGz8gtJ1DAaH,,Europe,Germany,2,15
20260610-164405#108953260600,425598674,56,BtsmiEEvnSuUnKxqXj2PZRYpPJAc7C34mGz8gtJ1DAaH,,Europe,Germany,2,15
20260610-164405#108953261363,425598677,51,E5UXkzUxqEXpeDf3WsrMZHTs2ZSSBpAz7G4hpGwgRGDT,QubitNexus,Europe,Germany,0,17
20260610-164405#108953263141,425598684,37,7EzbSahSfSjeRexHcNDLDpzHBAGBLjLKtjbmuoQnEtjE,Gate Earn,North America,United States,2,15
20260610-164405#108953265208,425598692,56,Awes4Tr6TX8JDzEhCZY2QVNimT6iD1zWHzf1vNyGvpLM,Staking Facilities | MEV 🔥,Europe,Germany,2,15
20260610-164405#108953265690,425598694,26,Awes4Tr6TX8JDzEhCZY2QVNimT6iD1zWHzf1vNyGvpLM,Staking Facilities | MEV 🔥,Europe,Germany,2,15
20260610-164405#108953266469,425598697,37,HnfPZDrbJFooiP9vvgWrjx3baXVNAZCgisT58gyMCgML,,Asia,Singapore,3,14
20260610-164405#108953266689,425598698,1,HnfPZDrbJFooiP9vvgWrjx3baXVNAZCgisT58gyMCgML,,Asia,Singapore,3,14
20260610-164405#108953267209,425598700,9,DRpbCBMxVnDK7maPM5tGv6MvB3v1sRMC86PZ8okm21hy,binance staking,North America,United States,2,15
20260610-164405#108953267765,425598702,53,DRpbCBMxVnDK7maPM5tGv6MvB3v1sRMC86PZ8okm21hy,binance staking,North America,United States,2,15
20260610-164405#108953268286,425598704,62,G9vCpJUUSpEm4zPwzSNpDmZ8MGwLEbiSLV59EBzCGvzM,AP Node,Asia,Japan,1,16
20260610-164405#108953273647,425598725,47,GoeW4aFK4dGoekJySgUynWDxBZiQJqm8GDAF4H53tDK9,Twinstake,North America,,1,16
20260610-164405#108953273857,425598726,1,GoeW4aFK4dGoekJySgUynWDxBZiQJqm8GDAF4H53tDK9,Twinstake,North America,,2,15
20260610-164405#108953274122,425598727,10,GoeW4aFK4dGoekJySgUynWDxBZiQJqm8GDAF4H53tDK9,Twinstake,North America,,2,15
20260610-164405#108953274663,425598729,39,7Zm1pE4FubFYZDyAQ5Labh3A4cxDcvve1s3WCRgEAZ84,7Zm1pE4FubFYZDyAQ5Labh3A4cxDcvve1s3WCRgEAZ84,Europe,Netherlands,0,17
20260610-164405#108953276179,425598735,19,5Cchr1XGEg7dbBXByV5NY2ad8jfxAM7HA3x8D56rq9Ux,Upbit Staking,North America,United States,3,14
20260610-164405#108953279800,425598749,56,FBKFWadXZJahGtFitAsBvbqh5968gLY7dMBBJUoUjeNi,,Europe,Ireland,1,16
20260610-164405#108953280264,425598751,8,FBKFWadXZJahGtFitAsBvbqh5968gLY7dMBBJUoUjeNi,,Europe,Ireland,1,16
20260610-164405#108953282596,425598760,36,9iFPQbP1jGkj67sXg6YLLGRUBVEDMcapdS6jmCZSnz8R,,Europe,Germany,2,15
20260610-164405#108953283099,425598762,27,9iFPQbP1jGkj67sXg6YLLGRUBVEDMcapdS6jmCZSnz8R,,Europe,Germany,2,15
20260610-164405#108953283342,425598763,14,9iFPQbP1jGkj67sXg6YLLGRUBVEDMcapdS6jmCZSnz8R,,Europe,Germany,3,14
20260610-164405#108953283898,425598765,58,7cVfgArCheMR6Cs4t6vz5rfnqd56vZq4ndaBrY5xkxXy,Blockdaemon 🧱👿 Validator,Europe,Netherlands,1,16
20260610-164405#108953294083,425598805,3,9W3QTgBhkU4Bwg6cwnDJo6eGZ9BtZafSdu1Lo9JmWws7,Coinbase 03,Asia,Japan,3,14
20260610-164405#108953296182,425598813,54,5TGfVQV1S3wHE9hkgGaQkRoPC7xZxiqwMcjQZxVYsf1j,Sanctum,Europe,Germany,2,15
20260610-164405#108953297954,425598820,34,bitHUmbKSQDTGoyoiW3BeqaGWdyV5sS3nYt5SduUHfb,,Asia,South Korea,0,17
20260610-164405#108953298215,425598821,39,bitHUmbKSQDTGoyoiW3BeqaGWdyV5sS3nYt5SduUHfb,,Asia,South Korea,3,14
20260610-164405#108953298461,425598822,29,bitHUmbKSQDTGoyoiW3BeqaGWdyV5sS3nYt5SduUHfb,,Asia,South Korea,2,15
20260610-164405#108953298709,425598823,21,bitHUmbKSQDTGoyoiW3BeqaGWdyV5sS3nYt5SduUHfb,,Asia,South Korea,3,14
20260610-164405#108953299258,425598825,58,mALL2W6DUgDDtcyurC9v5YTF2CMMeuRwPBkf6tEoG3y,mallow,Asia,Singapore,3,14
20260610-164405#108953299510,425598826,54,mALL2W6DUgDDtcyurC9v5YTF2CMMeuRwPBkf6tEoG3y,mallow,Asia,Singapore,2,15
20260610-164405#108953300027,425598828,59,5d9Mdc2Zk8as8GL1AxQeXxv5htBBvC5bjfmsXC7UUWwG,Maera,Asia,Japan,1,16
20260610-164405#108953300246,425598829,22,5d9Mdc2Zk8as8GL1AxQeXxv5htBBvC5bjfmsXC7UUWwG,Maera,Asia,Japan,0,17
20260610-164405#108953302826,425598839,42,GBQ2GvTzmjXMu97dr7WUnLKYTNim1aoZsYS53KYXAAAA,Bitwise Onchain Solutions | Jito BAM,Europe,Netherlands,2,15
20260610-164405#108953303051,425598840,11,EkvdKhULbMFqjKBKotAzGi3kwMvMpYNDKJXXQQmi6C1f,,Europe,Netherlands,0,17
20260610-164405#108953306139,425598852,27,5TGfVQV1S3wHE9hkgGaQkRoPC7xZxiqwMcjQZxVYsf1j,Sanctum,Europe,Germany,2,15
20260610-164405#108953308222,425598860,62,AicQr2zCWBLiBwt2r6o7iTemmtyE7q5pTKyuuupbXEQA,,North America,United States,2,15
20260610-164405#108953308437,425598861,21,AicQr2zCWBLiBwt2r6o7iTemmtyE7q5pTKyuuupbXEQA,,North America,United States,3,14
20260610-164405#108953308717,425598862,45,AicQr2zCWBLiBwt2r6o7iTemmtyE7q5pTKyuuupbXEQA,,North America,United States,1,16
20260610-164405#108953310269,425598868,61,DrifTrN923QaouP89UxkQzFGbumKPCnfkNYQRwmZxatz,Drift,Europe,Netherlands,2,15
20260610-164405#108953311512,425598873,24,FNKgX9dYUhYQFRTM9bkeKoRpsyEtZGNMxbdQLDzfqB8a,Coinbase 04,Europe,Netherlands,2,15
20260610-164405#108953312030,425598875,30,FNKgX9dYUhYQFRTM9bkeKoRpsyEtZGNMxbdQLDzfqB8a,Coinbase 04,Europe,Netherlands,2,15
20260610-164405#108953313342,425598880,62,HarmonicyK3BwamKNtWnQAmUeK4GYGXXzeD9FD8WMyZi,Harmonic Major,Asia,Japan,1,16
20260610-164405#108953313811,425598882,19,HarmonicyK3BwamKNtWnQAmUeK4GYGXXzeD9FD8WMyZi,Harmonic Major,Asia,Japan,2,15
20260610-164405#108953314092,425598883,44,HarmonicyK3BwamKNtWnQAmUeK4GYGXXzeD9FD8WMyZi,Harmonic Major,Asia,Japan,2,15
20260610-164405#108953314329,425598884,25,6TkKqq15wXjqEjNg9zqTKADwuVATR9dW3rkNnsYme1ea,melea 🚀 SOL 🤑2K,Europe,Netherlands,0,17
20260610-164405#108953317919,425598898,31,9eGrDohdNTAo61DRHyfMuqKWXqYnA3i254Wiszxe8FoY,Galaxy,North America,United States,3,14
20260610-164405#108953319446,425598904,22,DRpbCBMxVnDK7maPM5tGv6MvB3v1sRMC86PZ8okm21hy,binance staking,North America,United States,0,17
20260610-164405#108953321222,425598911,6,DRpbCBMxVnDK7maPM5tGv6MvB3v1sRMC86PZ8okm21hy,binance staking,North America,United States,3,14
20260610-164405#108953321495,425598912,23,Fd7btgySsrjuo25CJCj7oE7VPMyezDhnx7pZkj2v69Nk,Figment,North America,Canada,2,15
20260610-164405#108953323020,425598918,12,EfPYQ4BUMiKa6736qqrtnCBGkUSRDGSr1WvtyUgWHuyp,,Europe,Ireland,2,15
20260610-164405#108953324087,425598922,55,EvnRmnMrd69kFdbLMxWkTn1icZ7DCceRhvmb2SJXqDo4,Everstake,Europe,Germany,3,14
20260610-164405#108953324580,425598924,36,Ee8dX3qtwrDRnxYK6NGQfmMeKT3Qpp2QZHpxiAiw23W9,StakeNode777,North America,United States,0,17
20260610-164405#108953325846,425598929,22,5Cchr1XGEg7dbBXByV5NY2ad8jfxAM7HA3x8D56rq9Ux,Upbit Staking,North America,United States,3,14
20260610-164405#108953326116,425598930,36,5Cchr1XGEg7dbBXByV5NY2ad8jfxAM7HA3x8D56rq9Ux,Upbit Staking,North America,United States,2,15
20260610-164405#108953328422,425598939,38,FBKFWadXZJahGtFitAsBvbqh5968gLY7dMBBJUoUjeNi,,Europe,Ireland,1,16
20260610-164405#108953332227,425598954,3,AMukCLCr52XxsEjXoDxKKxjNg4FpnsReXNaQx8aR6DJF,,Europe,Netherlands,1,16
20260610-164405#108953332496,425598955,16,AMukCLCr52XxsEjXoDxKKxjNg4FpnsReXNaQx8aR6DJF,,Europe,Netherlands,2,15
20260610-164405#108953334824,425598964,40,pSoLoZx55zZz61gjxSTwHtwTg4yTwdm7ruBmyjbYgT2,,Europe,Netherlands,2,15
20260610-164405#108953335837,425598968,29,HEL1USMZKAL2odpNBj2oCjffnFGaYwmbGmyewGv1e2TU,Helius,Europe,United Kingdom,3,14
20260610-164405#108953337117,425598973,29,DRpbCBMxVnDK7maPM5tGv6MvB3v1sRMC86PZ8okm21hy,binance staking,North America,United States,3,14
20260610-164405#108953338649,425598979,25,PUmpKiNnSVAZ3w4KaFX6jKSjXUNHFShGkXbERo54xjb,Pumpkin's Pool ❤️,Asia,Singapore,2,15
20260610-164405#108953339181,425598981,45,JupmVLmA8RoyTUbTMMuTtoPWHEiNQobxgTeGTrPNkzT,Jupiter,Europe,Germany,2,15
20260610-164405#108953339671,425598983,23,JupmVLmA8RoyTUbTMMuTtoPWHEiNQobxgTeGTrPNkzT,Jupiter,Europe,Germany,2,15
20260610-164405#108953340473,425598986,57,5HYjArGt81naevDdwMaEx8yeGNw9jYBSDJa8YavT9Mp4,Sol Hack3rs,Asia,Hong Kong S.A.R.,2,15
20260610-164405#108953340736,425598987,64,5HYjArGt81naevDdwMaEx8yeGNw9jYBSDJa8YavT9Mp4,Sol Hack3rs,Asia,Hong Kong S.A.R.,1,16
20260610-164405#108953341188,425598989,4,HEL1USMZKAL2odpNBj2oCjffnFGaYwmbGmyewGv1e2TU,Helius,Europe,United Kingdom,3,14
20260610-164405#108953341990,425598992,38,JupmVLmA8RoyTUbTMMuTtoPWHEiNQobxgTeGTrPNkzT,Jupiter,Europe,Germany,0,17
20260610-164405#108953344041,425599000,41,9eGrDohdNTAo61DRHyfMuqKWXqYnA3i254Wiszxe8FoY,Galaxy,North America,United States,1,16
20260610-164405#108953344266,425599001,10,9eGrDohdNTAo61DRHyfMuqKWXqYnA3i254Wiszxe8FoY,Galaxy,North America,United States,0,17
20260610-164405#108953344828,425599003,60,9eGrDohdNTAo61DRHyfMuqKWXqYnA3i254Wiszxe8FoY,Galaxy,North America,United States,0,17
20260610-164405#108953345559,425599006,23,Fd7btgySsrjuo25CJCj7oE7VPMyezDhnx7pZkj2v69Nk,Figment,North America,Canada,3,14
20260610-164405#108953346365,425599009,61,HnfPZDrbJFooiP9vvgWrjx3baXVNAZCgisT58gyMCgML,,Asia,Singapore,2,15
20260610-164405#108953348355,425599017,3,AEHqTB2RtJjegsR2ePjvoJSm6AA5pnYKWVbcsn6kqTBD,,Europe,Netherlands,3,14
20260610-164405#108953348914,425599019,50,AEHqTB2RtJjegsR2ePjvoJSm6AA5pnYKWVbcsn6kqTBD,,Europe,Netherlands,2,15
20260610-164405#108953349681,425599022,49,9jxgosAfHgHzwnxsHw4RAZYaLVokMbnYtmiZBreynGFP,,Europe,Netherlands,0,17
20260610-164405#108953352242,425599032,50,Awes4Tr6TX8JDzEhCZY2QVNimT6iD1zWHzf1vNyGvpLM,Staking Facilities | MEV 🔥,Europe,Germany,3,14
20260610-164405#108953352495,425599033,47,Awes4Tr6TX8JDzEhCZY2QVNimT6iD1zWHzf1vNyGvpLM,Staking Facilities | MEV 🔥,Europe,Germany,2,15
20260610-164405#108953353790,425599038,62,EvnRmnMrd69kFdbLMxWkTn1icZ7DCceRhvmb2SJXqDo4,Everstake,Europe,Germany,0,17
20260610-164405#108953354007,425599039,23,EvnRmnMrd69kFdbLMxWkTn1icZ7DCceRhvmb2SJXqDo4,Everstake,Europe,Germany,0,17
20260610-164405#108953354792,425599042,40,BSVckjdW2f8kcXPGcrPPtV9kUDBZ8w8PjrrGVnxgEdwq,,Europe,Lithuania,0,17
20260610-164405#108953355797,425599046,21,BSVckjdW2f8kcXPGcrPPtV9kUDBZ8w8PjrrGVnxgEdwq,,Europe,Lithuania,1,16
20260610-164405#108953357586,425599053,18,9jxgosAfHgHzwnxsHw4RAZYaLVokMbnYtmiZBreynGFP,,Europe,Netherlands,1,16
20260610-164405#108953357852,425599054,28,9jxgosAfHgHzwnxsHw4RAZYaLVokMbnYtmiZBreynGFP,,Europe,Netherlands,2,15
20260610-164405#108953358624,425599057,32,E1r4Psq84tHfQ6aPTvvDka4U3u8zPVD7gEUrH25RdxHL,Bitwise Onchain Solutions,Europe,Germany,3,14
20260610-164405#108953358910,425599058,62,E1r4Psq84tHfQ6aPTvvDka4U3u8zPVD7gEUrH25RdxHL,Bitwise Onchain Solutions,Europe,Germany,0,17
20260610-164405#108953359418,425599060,58,9GHvMeJ4ZWuAX6sDGscFL1TBMszx2EehnrcTVUy4MZJQ,,Asia,Japan,0,17
20260610-164405#108953359658,425599061,42,9GHvMeJ4ZWuAX6sDGscFL1TBMszx2EehnrcTVUy4MZJQ,,Asia,Japan,3,14
20260610-164405#108953360136,425599063,8,9GHvMeJ4ZWuAX6sDGscFL1TBMszx2EehnrcTVUy4MZJQ,,Asia,Japan,3,14
20260610-164405#108953361167,425599067,15,Pid6HQnMCFb9izqX9i7X6ePdUPieGmjHoPxC1Jfooix,Pine Stake,South America,Brazil,0,17
20260610-164405#108953362741,425599073,53,q9XWcZ7T1wP4bW9SB4XgNNwjnFEJ982nE8aVbbNuwot,Ledger by Figment,Europe,Germany,2,15
20260610-164405#108953364761,425599081,25,HM1KjNaXa4w8K4gCXbieoMh5gUTNeUhg9fvdXMKeBW3L,Hello Moon,Europe,Germany,2,15
20260610-164405#108953365268,425599083,20,HM1KjNaXa4w8K4gCXbieoMh5gUTNeUhg9fvdXMKeBW3L,Hello Moon,Europe,Germany,3,14
20260610-164405#108953366331,425599087,59,3psxMyr7rQzywVp1MXKd1XFmFz33NjydzCoJx9t2sMQW,OtterSec,North America,United States,1,16
20260610-164405#108953367097,425599090,57,ALp2GdA1eJV8vZHMHazCtTxNXe3BLUSco9LDASgjDs8R,🌸 SOLGirl MEV ⚡️👩‍💻,Asia,Hong Kong S.A.R.,2,15
20260610-164405#108953367823,425599093,15,EkvdKhULbMFqjKBKotAzGi3kwMvMpYNDKJXXQQmi6C1f,,Europe,Netherlands,3,14
20260610-164405#108953369385,425599099,41,4mtXJ5pUcMMB4t8cLbi7zfDJCHfYLRrQb4qSLmh57sKL,,Europe,Ireland,0,17
20260610-164405#108953369646,425599100,46,2mMGsb5uy1Q4Dvezr8HK2E8SJoChcb2X7b61tJPaVHHd,Chainflow,Europe,Sweden,3,14
20260610-164405#108953369888,425599101,32,2mMGsb5uy1Q4Dvezr8HK2E8SJoChcb2X7b61tJPaVHHd,Chainflow,Europe,Sweden,2,15
20260610-164405#108953370139,425599102,27,2mMGsb5uy1Q4Dvezr8HK2E8SJoChcb2X7b61tJPaVHHd,Chainflow,Europe,Sweden,3,14
20260610-164405#108953370383,425599103,15,2mMGsb5uy1Q4Dvezr8HK2E8SJoChcb2X7b61tJPaVHHd,Chainflow,Europe,Sweden,0,17
20260610-164405#108953371191,425599106,55,Awes4Tr6TX8JDzEhCZY2QVNimT6iD1zWHzf1vNyGvpLM,Staking Facilities | MEV 🔥,Europe,Germany,1,16
20260610-164405#108953373230,425599114,46,rsbp8zMHbGCpLoRktmsjspYv77VcjxAzH1KxPCD9BiU,Albert is Great,Europe,Netherlands,0,17
20260610-164405#108953374469,425599119,5,GoeW4aFK4dGoekJySgUynWDxBZiQJqm8GDAF4H53tDK9,Twinstake,North America,,3,14
20260610-164405#108953377041,425599129,17,ALp2GdA1eJV8vZHMHazCtTxNXe3BLUSco9LDASgjDs8R,🌸 SOLGirl MEV ⚡️👩‍💻,Asia,Hong Kong S.A.R.,3,14
20260610-164405#108953378360,425599134,56,BtsmiEEvnSuUnKxqXj2PZRYpPJAc7C34mGz8gtJ1DAaH,,Europe,Germany,3,14
20260610-164405#108953378827,425599136,11,9eGrDohdNTAo61DRHyfMuqKWXqYnA3i254Wiszxe8FoY,Galaxy,North America,United States,2,15
20260610-164405#108953379595,425599139,11,9eGrDohdNTAo61DRHyfMuqKWXqYnA3i254Wiszxe8FoY,Galaxy,North America,United States,2,15
20260610-164405#108953380379,425599142,27,HnfPZDrbJFooiP9vvgWrjx3baXVNAZCgisT58gyMCgML,,Asia,Singapore,2,15
20260610-164405#108953381164,425599145,44,Cogent51kHgGLHr7zpkpRjGYFXM57LgjHjDdqXd4ypdA,Cogent ⚙️  by SOL Strategies,Europe,Netherlands,1,16
20260610-164405#108953381437,425599146,61,Cogent51kHgGLHr7zpkpRjGYFXM57LgjHjDdqXd4ypdA,Cogent ⚙️  by SOL Strategies,Europe,Netherlands,0,17
20260610-164405#108953381640,425599147,8,Cogent51kHgGLHr7zpkpRjGYFXM57LgjHjDdqXd4ypdA,Cogent ⚙️  by SOL Strategies,Europe,Netherlands,2,15
20260610-164405#108953382166,425599149,22,DTSUkYHd2e9P2HLyZfbLarsbDdPhQUhZnWjRYuJZQRC8,Temporal Emerald,Europe,Netherlands,1,16
20260610-164405#108953383963,425599156,27,5ejbTALcBsKQ7Cj1iSuu2mY5jqbYHqh9gF5ERXLiYj1z,,Europe,Lithuania,0,17
20260610-164405#108953385491,425599162,19,aXiomFkk6VzXaBhPuhMqTLZZguCFzzbyP9LTtZ7ZHLQ,Axiom,Europe,Germany,2,15
20260610-164405#108953387833,425599171,57,Awes4Tr6TX8JDzEhCZY2QVNimT6iD1zWHzf1vNyGvpLM,Staking Facilities | MEV 🔥,Europe,Germany,2,15
20260610-164405#108953389874,425599179,50,EkvdKhULbMFqjKBKotAzGi3kwMvMpYNDKJXXQQmi6C1f,,Europe,Netherlands,1,16
20260610-164405#108953390131,425599180,51,Hz5aLvpKScNWoe9YZWxBLrQA3qzHJivBGtfciMekk8m5,,Europe,United Kingdom,3,14
20260610-164405#108953390626,425599182,34,Hz5aLvpKScNWoe9YZWxBLrQA3qzHJivBGtfciMekk8m5,,Europe,United Kingdom,1,16
20260610-164405#108953391422,425599185,62,5Cchr1XGEg7dbBXByV5NY2ad8jfxAM7HA3x8D56rq9Ux,Upbit Staking,North America,United States,0,17
20260610-164405#108953391661,425599186,45,5Cchr1XGEg7dbBXByV5NY2ad8jfxAM7HA3x8D56rq9Ux,Upbit Staking,North America,United States,3,14
20260610-164405#108953391899,425599187,27,5Cchr1XGEg7dbBXByV5NY2ad8jfxAM7HA3x8D56rq9Ux,Upbit Staking,North America,United States,2,15
20260610-164405#108953392386,425599189,2,GQzMeEMwAR44ugoNCifTb5NdRKos1GduDUPeNh6AgV46,,Asia,Japan,1,16
20260610-164405#108953394468,425599197,36,EkvdKhULbMFqjKBKotAzGi3kwMvMpYNDKJXXQQmi6C1f,,Europe,Netherlands,2,15
20260610-164405#108953394979,425599199,35,EkvdKhULbMFqjKBKotAzGi3kwMvMpYNDKJXXQQmi6C1f,,Europe,Netherlands,1,16
20260610-164405#108953396288,425599204,64,2GUnfxZavKoPfS9s3VSEjaWDzB3vNf5RojUhprCS1rSx,,Asia,Japan,3,14
20260610-164405#108953396509,425599205,29,2GUnfxZavKoPfS9s3VSEjaWDzB3vNf5RojUhprCS1rSx,,Asia,Japan,2,15
20260610-164405#108953397053,425599207,61,2GUnfxZavKoPfS9s3VSEjaWDzB3vNf5RojUhprCS1rSx,,Asia,Japan,2,15
20260610-164405#108953397817,425599210,57,shftkxnsXmqAkmLgz9Mn7bNB5Fr6mKgFc58kFHfVikj,blueshift,Europe,Germany,1,16
20260610-164405#108953399089,425599215,49,HEL1USMZKAL2odpNBj2oCjffnFGaYwmbGmyewGv1e2TU,Helius,Europe,United Kingdom,2,15
20260610-164405#108953399343,425599216,47,rsbp8zMHbGCpLoRktmsjspYv77VcjxAzH1KxPCD9BiU,Albert is Great,Europe,Netherlands,3,14
20260610-164405#108953400615,425599221,39,E1r4Psq84tHfQ6aPTvvDka4U3u8zPVD7gEUrH25RdxHL,Bitwise Onchain Solutions,Europe,Germany,0,17
20260610-164405#108953400877,425599222,45,E1r4Psq84tHfQ6aPTvvDka4U3u8zPVD7gEUrH25RdxHL,Bitwise Onchain Solutions,Europe,Germany,3,14
20260610-164405#108953401614,425599225,14,zeroT6PTAEjipvZuACTh1mbGCqTHgA6i1ped9DcuidX,0base.vc 🇰🇷 | MEV 🔥,North America,United States,1,16
20260610-164405#108953402145,425599227,33,zeroT6PTAEjipvZuACTh1mbGCqTHgA6i1ped9DcuidX,0base.vc 🇰🇷 | MEV 🔥,North America,United States,1,16
20260610-164405#108953403166,425599231,30,sTepQGoReJq2tBKStL19DT6nnGHcGiAvFjyYaokLyuM,Step Finance,Asia,Singapore,2,15
20260610-164405#108953403963,425599234,59,HTeRsa3gm3CGrizMoCrtWj4uBZ1NKYcGqh8jfBu2u3Jo,,Europe,United Kingdom,2,15
20260610-164405#108953404215,425599235,55,HTeRsa3gm3CGrizMoCrtWj4uBZ1NKYcGqh8jfBu2u3Jo,,Europe,United Kingdom,0,17
20260610-164405#108953404455,425599236,39,7cVfgArCheMR6Cs4t6vz5rfnqd56vZq4ndaBrY5xkxXy,Blockdaemon 🧱👿 Validator,Europe,Netherlands,1,16
20260610-164405#108953405467,425599240,27,EUcJwf7jXskRE6NZBtFPVH2EedNvNYko8LL2WT62XctB,StakeBowl,Europe,Germany,0,17
20260610-164405#108953407751,425599249,7,DUND26mEDfFeaPsVof3YvbXDRvpuQX7HMUJrLgEWzYw4,,Asia,Japan,2,15
20260610-164405#108953408055,425599250,55,DUND26mEDfFeaPsVof3YvbXDRvpuQX7HMUJrLgEWzYw4,,Asia,Japan,1,16
20260610-164405#108953408574,425599252,62,Awes4Tr6TX8JDzEhCZY2QVNimT6iD1zWHzf1vNyGvpLM,Staking Facilities | MEV 🔥,Europe,Germany,2,15
20260610-164405#108953409084,425599254,60,Awes4Tr6TX8JDzEhCZY2QVNimT6iD1zWHzf1vNyGvpLM,Staking Facilities | MEV 🔥,Europe,Germany,1,16
20260610-164405#108953411643,425599264,59,EKgSCR3ahdypkxXcBY43ZNxdmyZqPkKNPey3rwKjqbz7,,North America,United States,1,16
20260610-164405#108953412126,425599266,30,EKgSCR3ahdypkxXcBY43ZNxdmyZqPkKNPey3rwKjqbz7,,North America,United States,2,15
20260610-164405#108953414206,425599274,62,CoG8d9Fp2TFJRkAmrPMiPsGhQWHzdTTVoegEp9svRgmJ,Nansen | Stake to Stack Points,Asia,Singapore,3,14
20260610-164405#108953415955,425599281,19,GSTampk6BJRKSDkzhaMM49R7qRx98MTPYYWvKbp83XKc,,Europe,Netherlands,2,15
20260610-164405#108953416714,425599284,10,DRpbCBMxVnDK7maPM5tGv6MvB3v1sRMC86PZ8okm21hy,binance staking,North America,United States,1,16
20260610-164405#108953417525,425599287,53,DRpbCBMxVnDK7maPM5tGv6MvB3v1sRMC86PZ8okm21hy,binance staking,North America,United States,1,16
20260610-164405#108953418274,425599290,34,AMukCLCr52XxsEjXoDxKKxjNg4FpnsReXNaQx8aR6DJF,,Europe,Netherlands,0,17
20260610-164405#108953418504,425599291,8,AMukCLCr52XxsEjXoDxKKxjNg4FpnsReXNaQx8aR6DJF,,Europe,Netherlands,1,16
20260610-164405#108953418794,425599292,42,privaEdSEmnMPGPoQACUkcDGkFBbTArVvsEGd7C5wUM,,Europe,Germany,2,15
20260610-164405#108953419010,425599293,2,privaEdSEmnMPGPoQACUkcDGkFBbTArVvsEGd7C5wUM,,Europe,Germany,3,14
20260610-164405#108953419555,425599295,35,privaEdSEmnMPGPoQACUkcDGkFBbTArVvsEGd7C5wUM,,Europe,Germany,2,15
20260610-164405#108953419794,425599296,18,Fc6NNdS2j3EmrWbU6Uqt6wsKB5ef72NjaWfNxKYbULGD,OKX Earn,Asia,Singapore,3,14
20260610-164405#108953420569,425599299,25,Fc6NNdS2j3EmrWbU6Uqt6wsKB5ef72NjaWfNxKYbULGD,OKX Earn,Asia,Singapore,0,17
20260610-164405#108953420833,425599300,33,9eGrDohdNTAo61DRHyfMuqKWXqYnA3i254Wiszxe8FoY,Galaxy,North America,United States,2,15
20260610-164405#108953421601,425599303,33,9eGrDohdNTAo61DRHyfMuqKWXqYnA3i254Wiszxe8FoY,Galaxy,North America,United States,3,14
20260610-164405#108953424172,425599313,44,7QQGNm3ptwinipDCyaCF7jY5katgmFUu1ieP2f7nwLpE,,Europe,Lithuania,3,14
20260610-164405#108953425961,425599320,41,A1vqhA2fS6K7CvHsJKX1ACcHJFEmyRg4KuR5pctHANy4,,Europe,Netherlands,3,14
20260610-164405#108953426195,425599321,19,A1vqhA2fS6K7CvHsJKX1ACcHJFEmyRg4KuR5pctHANy4,,Europe,Netherlands,2,15
20260610-164405#108953426732,425599323,44,A1vqhA2fS6K7CvHsJKX1ACcHJFEmyRg4KuR5pctHANy4,,Europe,Netherlands,3,14
20260610-164405#108953427203,425599325,3,BUokhb8pPF9MZuzW3rHLr6jzakgcz3NDq2PZkpiVv3jb,DeFi Dev Corp (NASDAQ: DFDV),Europe,Germany,3,14
20260610-164405#108953427720,425599327,8,BUokhb8pPF9MZuzW3rHLr6jzakgcz3NDq2PZkpiVv3jb,DeFi Dev Corp (NASDAQ: DFDV),Europe,Germany,0,17
20260610-164405#108953428520,425599330,40,6WgdYhhGE53WrZ7ywJA15hBVkw7CRbQ8yDBBTwmBtAHN,Luganodes,Europe,Germany,2,15
20260610-164405#108953428993,425599332,1,mD1afZhSisoXfJLT8nYwSFANqjr1KPoDUEpYTEfFX1e,Block Parliament 🦉,Asia,Japan,2,15
20260610-164405#108953429271,425599333,23,mD1afZhSisoXfJLT8nYwSFANqjr1KPoDUEpYTEfFX1e,Block Parliament 🦉,Asia,Japan,2,15
20260610-164405#108953429790,425599335,30,mD1afZhSisoXfJLT8nYwSFANqjr1KPoDUEpYTEfFX1e,Block Parliament 🦉,Asia,Japan,3,14
20260610-164405#108953430077,425599336,61,EkvdKhULbMFqjKBKotAzGi3kwMvMpYNDKJXXQQmi6C1f,,Europe,Netherlands,0,17
20260610-164405#108953430297,425599337,25,EkvdKhULbMFqjKBKotAzGi3kwMvMpYNDKJXXQQmi6C1f,,Europe,Netherlands,3,14
20260610-164405#108953431093,425599340,53,6y7V8dL673XFzm9QyC5vvh3itWkp7wztahBd2yDqsyrK,,Europe,Lithuania,1,16
20260610-164405#108953431612,425599342,60,6y7V8dL673XFzm9QyC5vvh3itWkp7wztahBd2yDqsyrK,,Europe,Lithuania,0,17
20260610-164405#108953431831,425599343,23,6y7V8dL673XFzm9QyC5vvh3itWkp7wztahBd2yDqsyrK,,Europe,Lithuania,3,14
20260610-164405#108953433909,425599351,53,FyrwfMaomErzqrFUXMjCJ7mA4u81DsiDdrzC3MJD6d4j,1dad | Solfège,Asia,Singapore,1,16
20260610-164405#108953434652,425599354,28,hykfH9jUQqe2yqv3VqVAK5AmMYqrmMWmdwDcbfsm6My,Hayek,Asia,Japan,2,15
20260610-164405#108953434913,425599355,33,hykfH9jUQqe2yqv3VqVAK5AmMYqrmMWmdwDcbfsm6My,Hayek,Asia,Japan,1,16
20260610-164405#108953435174,425599356,38,GYx8kpp7SsRwtQEEsGQjAxb4hFMMmT91kFJuDeky3YGQ,,Asia,Japan,2,15
20260610-164405#108953437215,425599364,31,FNKgX9dYUhYQFRTM9bkeKoRpsyEtZGNMxbdQLDzfqB8a,Coinbase 04,Europe,Netherlands,3,14
20260610-164405#108953437464,425599365,24,FNKgX9dYUhYQFRTM9bkeKoRpsyEtZGNMxbdQLDzfqB8a,Coinbase 04,Europe,Netherlands,2,15
20260610-164405#108953437728,425599366,32,FNKgX9dYUhYQFRTM9bkeKoRpsyEtZGNMxbdQLDzfqB8a,Coinbase 04,Europe,Netherlands,1,16
20260610-164405#108953439035,425599371,59,sCANXAaS1a7yB8jz3USvGNLfd8DSc9r7TNzNSKKPkfY,Range,South America,Chile,3,14
20260610-164405#108953441591,425599381,55,GYx8kpp7SsRwtQEEsGQjAxb4hFMMmT91kFJuDeky3YGQ,,Asia,Japan,1,16
20260610-164405#108953441793,425599382,1,GYx8kpp7SsRwtQEEsGQjAxb4hFMMmT91kFJuDeky3YGQ,,Asia,Japan,3,14
20260610-164405#108953442073,425599383,25,GYx8kpp7SsRwtQEEsGQjAxb4hFMMmT91kFJuDeky3YGQ,,Asia,Japan,2,15
20260610-164405#108953442367,425599384,63,9eGrDohdNTAo61DRHyfMuqKWXqYnA3i254Wiszxe8FoY,Galaxy,North America,United States,0,17
20260610-164405#108953442846,425599386,30,9eGrDohdNTAo61DRHyfMuqKWXqYnA3i254Wiszxe8FoY,Galaxy,North America,United States,3,14
20260610-164405#108953443110,425599387,38,9eGrDohdNTAo61DRHyfMuqKWXqYnA3i254Wiszxe8FoY,Galaxy,North America,United States,0,17
20260610-164405#108953448255,425599407,63,DWvDTSh3qfn88UoQTEKRV2JnLt5jtJAVoiCo3ivtMwXP,P2P.org,Europe,Netherlands,2,15
20260610-164405#108953449493,425599412,21,E1r4Psq84tHfQ6aPTvvDka4U3u8zPVD7gEUrH25RdxHL,Bitwise Onchain Solutions,Europe,Germany,3,14
20260610-164405#108953450757,425599417,5,9eGrDohdNTAo61DRHyfMuqKWXqYnA3i254Wiszxe8FoY,Galaxy,North America,United States,0,17
20260610-164405#108953452835,425599425,35,HEL1USMZKAL2odpNBj2oCjffnFGaYwmbGmyewGv1e2TU,Helius,Europe,United Kingdom,2,15
20260610-164405#108953454640,425599432,48,FNKgX9dYUhYQFRTM9bkeKoRpsyEtZGNMxbdQLDzfqB8a,Coinbase 04,Europe,Netherlands,0,17
20260610-164405#108953454890,425599433,42,FNKgX9dYUhYQFRTM9bkeKoRpsyEtZGNMxbdQLDzfqB8a,Coinbase 04,Europe,Netherlands,2,15
20260610-164405#108953455381,425599435,21,FNKgX9dYUhYQFRTM9bkeKoRpsyEtZGNMxbdQLDzfqB8a,Coinbase 04,Europe,Netherlands,3,14
20260610-164405#108953455623,425599436,7,EkvdKhULbMFqjKBKotAzGi3kwMvMpYNDKJXXQQmi6C1f,,Europe,Netherlands,0,17
20260610-164405#108953455921,425599437,49,EkvdKhULbMFqjKBKotAzGi3kwMvMpYNDKJXXQQmi6C1f,,Europe,Netherlands,2,15
20260610-164405#108953456132,425599438,4,EkvdKhULbMFqjKBKotAzGi3kwMvMpYNDKJXXQQmi6C1f,,Europe,Netherlands,3,14
20260610-164405#108953456423,425599439,39,EkvdKhULbMFqjKBKotAzGi3kwMvMpYNDKJXXQQmi6C1f,,Europe,Netherlands,0,17
20260610-164405#108953456910,425599441,14,DWvDTSh3qfn88UoQTEKRV2JnLt5jtJAVoiCo3ivtMwXP,P2P.org,Europe,Netherlands,2,15
20260610-164405#108953457418,425599443,10,DWvDTSh3qfn88UoQTEKRV2JnLt5jtJAVoiCo3ivtMwXP,P2P.org,Europe,Netherlands,0,17
20260610-164405#108953457941,425599445,21,8hAYbagNt7CMBooFfqVJhBgLqLffpjXTWJMk8yybjJsN,0xNull,Asia,Hong Kong S.A.R.,1,16
20260610-164405#108953459474,425599451,18,AMukCLCr52XxsEjXoDxKKxjNg4FpnsReXNaQx8aR6DJF,,Europe,Netherlands,2,15
20260610-164405#108953463344,425599466,48,Cogent51kHgGLHr7zpkpRjGYFXM57LgjHjDdqXd4ypdA,Cogent ⚙️  by SOL Strategies,Europe,Netherlands,2,15
20260610-164405#108953464089,425599469,25,JupmVLmA8RoyTUbTMMuTtoPWHEiNQobxgTeGTrPNkzT,Jupiter,Europe,Germany,3,14
20260610-164405#108953465623,425599475,23,FwnWx7x99rGwLmipzz8ii15NqcHkKRo2oS1Y7j6LivgZ,Prompt Logic,Asia,Japan,3,14
20260610-164405#108953466159,425599477,47,DRpbCBMxVnDK7maPM5tGv6MvB3v1sRMC86PZ8okm21hy,binance staking,North America,United States,1,16
20260610-164405#108953467663,425599483,15,ALp2GdA1eJV8vZHMHazCtTxNXe3BLUSco9LDASgjDs8R,🌸 SOLGirl MEV ⚡️👩‍💻,Asia,Hong Kong S.A.R.,0,17
20260610-164405#108953469990,425599492,38,J6etcxDdYjPHrtyvDXrbCkx3q9W1UjMj1vy1jBFPJEbK,,North America,United States,2,15
20260610-164405#108953470742,425599495,22,J6etcxDdYjPHrtyvDXrbCkx3q9W1UjMj1vy1jBFPJEbK,,North America,United States,3,14
20260610-164405#108953471019,425599496,43,3DaPk6TdeGnEBwTR8fEyZSLkdayk6vZXrqGZhAgYK8BV,Stand With Ukraine,Asia,Japan,0,17
20260610-164405#108953471243,425599497,11,3DaPk6TdeGnEBwTR8fEyZSLkdayk6vZXrqGZhAgYK8BV,Stand With Ukraine,Asia,Japan,3,14
20260610-164405#108953472062,425599500,62,mD1afZhSisoXfJLT8nYwSFANqjr1KPoDUEpYTEfFX1e,Block Parliament 🦉,Asia,Japan,1,16
20260610-164405#108953472292,425599501,36,mD1afZhSisoXfJLT8nYwSFANqjr1KPoDUEpYTEfFX1e,Block Parliament 🦉,Asia,Japan,3,14
20260610-164405#108953472786,425599503,18,mD1afZhSisoXfJLT8nYwSFANqjr1KPoDUEpYTEfFX1e,Block Parliament 🦉,Asia,Japan,2,15
20260610-164405#108953475610,425599514,26,5pPRHniefFjkiaArbGX3Y8NUysJmQ9tMZg3FrFGwHzSm,Kiln1,Europe,Netherlands,0,17
20260610-164405#108953476357,425599517,5,4NwpynvugnHvyLzr5h9Y7mw44saGJXDNoBjm6wgMiYDr,,Europe,Netherlands,3,14
20260610-164405#108953476617,425599518,9,4NwpynvugnHvyLzr5h9Y7mw44saGJXDNoBjm6wgMiYDr,,Europe,Netherlands,1,16
20260610-164405#108953477409,425599521,33,G1bLKfyNm7zsmmYEL9dyxBvMtxpFcwy2s84bHDj2ZFUY,P2P.org Turbo,South America,Brazil,1,16
20260610-164405#108953477686,425599522,54,G1bLKfyNm7zsmmYEL9dyxBvMtxpFcwy2s84bHDj2ZFUY,P2P.org Turbo,South America,Brazil,2,15
20260610-164405#108953478419,425599525,19,mastWEbKEMjvBCd1uaUBpNjWcfSPhXMWnH9tTrgzn1g,MAS DeFi,North America,Mexico,3,14
20260610-164405#108953478692,425599526,36,mastWEbKEMjvBCd1uaUBpNjWcfSPhXMWnH9tTrgzn1g,MAS DeFi,North America,Mexico,2,15
20260610-164405#108953478917,425599527,5,mastWEbKEMjvBCd1uaUBpNjWcfSPhXMWnH9tTrgzn1g,MAS DeFi,North America,Mexico,3,14
20260610-164405#108953479991,425599531,55,EvnRmnMrd69kFdbLMxWkTn1icZ7DCceRhvmb2SJXqDo4,Everstake,Europe,Germany,3,14
20260610-164405#108953481250,425599536,34,CMPSSdrTnRQBiBGTyFpdCc3VMNuLWYWaSkE8Zh5z6gbd,Solana Compass 🧭 Solana For The People,Asia,Japan,2,15
20260610-164405#108953481479,425599537,7,CMPSSdrTnRQBiBGTyFpdCc3VMNuLWYWaSkE8Zh5z6gbd,Solana Compass 🧭 Solana For The People,Asia,Japan,4,13
20260610-164405#108953484590,425599549,46,AqyRvpjjSN6jWYPxijoJwhmKwJFk6fRYDh9fQZHcJ2o7,STSS Validator,Europe,Germany,4,13
20260610-164405#108953486095,425599555,15,9rkJMARqK6VBkcxGfKBAwnA44gPAfGxPbPsfsggFNDSQ,,Europe,Germany,4,13
20260610-164405#108953486647,425599557,55,Fd7btgySsrjuo25CJCj7oE7VPMyezDhnx7pZkj2v69Nk,Figment,North America,Canada,3,14
20260610-164405#108953487159,425599559,55,Fd7btgySsrjuo25CJCj7oE7VPMyezDhnx7pZkj2v69Nk,Figment,North America,Canada,1,16
20260610-164405#108953487378,425599560,18,2GUnfxZavKoPfS9s3VSEjaWDzB3vNf5RojUhprCS1rSx,,Asia,Japan,4,13
20260610-164405#108953488132,425599563,4,2GUnfxZavKoPfS9s3VSEjaWDzB3vNf5RojUhprCS1rSx,,Asia,Japan,2,15
20260610-164405#108953488432,425599564,48,6y7V8dL673XFzm9QyC5vvh3itWkp7wztahBd2yDqsyrK,,Europe,Lithuania,3,14
20260610-164405#108953488956,425599566,60,6y7V8dL673XFzm9QyC5vvh3itWkp7wztahBd2yDqsyrK,,Europe,Lithuania,2,15
20260610-164405#108953490446,425599572,14,3cZSHGfNdaULpFAvGbWbxpVwzXB4gHdk8NFucPNR5pgA,Ghost,North America,United States,4,13
20260610-164405#108953490735,425599573,47,3cZSHGfNdaULpFAvGbWbxpVwzXB4gHdk8NFucPNR5pgA,Ghost,North America,United States,1,16
20260610-164405#108953491203,425599575,3,3cZSHGfNdaULpFAvGbWbxpVwzXB4gHdk8NFucPNR5pgA,Ghost,North America,United States,2,15
20260610-164405#108953491735,425599577,23,DUND26mEDfFeaPsVof3YvbXDRvpuQX7HMUJrLgEWzYw4,,Asia,Japan,2,15
20260610-164405#108953492523,425599580,43,ChorusmmK7i1AxXeiTtQgQZhQNiXYU84ULeaYF1EH15n,Bitwise Onchain Solutions 02,Europe,Netherlands,1,16
20260610-164405#108953492745,425599581,9,ChorusmmK7i1AxXeiTtQgQZhQNiXYU84ULeaYF1EH15n,Bitwise Onchain Solutions 02,Europe,Netherlands,4,13
20260610-164405#108953493050,425599582,58,ChorusmmK7i1AxXeiTtQgQZhQNiXYU84ULeaYF1EH15n,Bitwise Onchain Solutions 02,Europe,Netherlands,3,14
20260610-164405#108953493545,425599584,41,BuoZ7q6faiJNTN24r7Kcj8dp96axs5XPEKXmWGsh2pDE,,North America,United States,2,15
20260610-164405#108953493778,425599585,18,BuoZ7q6faiJNTN24r7Kcj8dp96axs5XPEKXmWGsh2pDE,,North America,United States,4,13
20260610-164405#108953495354,425599591,58,DRpbCBMxVnDK7maPM5tGv6MvB3v1sRMC86PZ8okm21hy,binance staking,North America,United States,2,15
20260610-164405#108953496084,425599594,20,5pPRHniefFjkiaArbGX3Y8NUysJmQ9tMZg3FrFGwHzSm,Kiln1,Europe,Netherlands,2,15
20260610-164405#108953496592,425599596,16,FWwwP9tNttSy9dJFxwf6ebXWfc6VJXqFNMTccrMiLFTH,Quatro,Europe,Lithuania,3,14
20260610-164405#108953497859,425599601,3,FBbqKvwLfKGZrKrfSbPJz4ymQ7zMarhRyZtu1RBkSe89,,North America,United States,4,13
20260610-164405#108953498161,425599602,49,FBbqKvwLfKGZrKrfSbPJz4ymQ7zMarhRyZtu1RBkSe89,,North America,United States,2,15
20260610-164405#108953498405,425599603,37,FBbqKvwLfKGZrKrfSbPJz4ymQ7zMarhRyZtu1RBkSe89,,North America,United States,4,13
20260610-164405#108953499393,425599607,1,DViARWAWKkxAzp4UCgbw5B9pLSrBY3PaztFErcwgVUKX,Code-Breader,North America,United States,3,14
20260610-164405#108953499698,425599608,50,dmMwc4RazLHkvDZYrWAfbHQ6cViAvNa5szCJKaiun8S,Ded Monkes,South America,Brazil,0,17
20260610-164405#108953500168,425599610,8,dmMwc4RazLHkvDZYrWAfbHQ6cViAvNa5szCJKaiun8S,Ded Monkes,South America,Brazil,3,14
20260610-164405#108953501245,425599614,61,DrifTrN923QaouP89UxkQzFGbumKPCnfkNYQRwmZxatz,Drift,Europe,Netherlands,3,14
20260610-164405#108953501956,425599617,4,BoNKmNCGvoHS4CkKvYRnF21iEpUP827pZjhFGdA4t5as,BONK,North America,United States,1,16
20260610-164405#108953502268,425599618,60,BoNKmNCGvoHS4CkKvYRnF21iEpUP827pZjhFGdA4t5as,BONK,North America,United States,1,16
20260610-164405#108953503549,425599623,61,FNTPSUuRpDoJx1hwFmB5ncNLLMX42aE83P4hsFYUfNRL,Nodz,North America,United States,3,14
20260610-164405#108953505599,425599631,63,GmCxjmjKZoaKN1DKunbYq8RCYib94Nm3sHyncFfofaF5,Rocket,Europe,Lithuania,3,14
20260610-164405#108953505822,425599632,30,BUokhb8pPF9MZuzW3rHLr6jzakgcz3NDq2PZkpiVv3jb,DeFi Dev Corp (NASDAQ: DFDV),Europe,Germany,2,15
20260610-164405#108953506090,425599633,42,BUokhb8pPF9MZuzW3rHLr6jzakgcz3NDq2PZkpiVv3jb,DeFi Dev Corp (NASDAQ: DFDV),Europe,Germany,3,14
20260610-164405#108953506354,425599634,50,BUokhb8pPF9MZuzW3rHLr6jzakgcz3NDq2PZkpiVv3jb,DeFi Dev Corp (NASDAQ: DFDV),Europe,Germany,0,17
20260610-164405#108953507634,425599639,50,CoG8d9Fp2TFJRkAmrPMiPsGhQWHzdTTVoegEp9svRgmJ,Nansen | Stake to Stack Points,Asia,Singapore,3,14
20260610-164405#108953508355,425599642,3,Awes4Tr6TX8JDzEhCZY2QVNimT6iD1zWHzf1vNyGvpLM,Staking Facilities | MEV 🔥,Europe,Germany,2,15
20260610-164405#108953508898,425599644,34,HEL1USMZKAL2odpNBj2oCjffnFGaYwmbGmyewGv1e2TU,Helius,Europe,United Kingdom,3,14
20260610-164405#108953510147,425599649,3,FBKFWadXZJahGtFitAsBvbqh5968gLY7dMBBJUoUjeNi,,Europe,Ireland,3,14
20260610-164405#108953510448,425599650,48,FBKFWadXZJahGtFitAsBvbqh5968gLY7dMBBJUoUjeNi,,Europe,Ireland,2,15
20260610-164405#108953510668,425599651,12,FBKFWadXZJahGtFitAsBvbqh5968gLY7dMBBJUoUjeNi,,Europe,Ireland,2,15
20260610-164405#108953514048,425599664,64,JupmVLmA8RoyTUbTMMuTtoPWHEiNQobxgTeGTrPNkzT,Jupiter,Europe,Germany,1,16
20260610-164405#108953517626,425599678,58,JD549HsbJHeEKKUrKgg4Fj2iyv2RGjsV7NTZjZUrHybB,Forward Industries,North America,United States,2,15
20260610-164405#108953518398,425599681,62,8hAYbagNt7CMBooFfqVJhBgLqLffpjXTWJMk8yybjJsN,0xNull,Asia,Hong Kong S.A.R.,3,14
20260610-164405#108953518656,425599682,64,8hAYbagNt7CMBooFfqVJhBgLqLffpjXTWJMk8yybjJsN,0xNull,Asia,Hong Kong S.A.R.,2,15
20260610-164405#108953518901,425599683,53,8hAYbagNt7CMBooFfqVJhBgLqLffpjXTWJMk8yybjJsN,0xNull,Asia,Hong Kong S.A.R.,2,15
20260610-164405#108953521723,425599694,59,VQwCCSfW3o5NDx7n5FBr9SoYiLXVgetstHvaWBvv2YH,,North America,United States,0,17
20260610-164405#108953521960,425599695,40,VQwCCSfW3o5NDx7n5FBr9SoYiLXVgetstHvaWBvv2YH,,North America,United States,3,14
20260610-164405#108953522733,425599698,45,Pid6HQnMCFb9izqX9i7X6ePdUPieGmjHoPxC1Jfooix,Pine Stake,South America,Brazil,1,16
20260610-164405#108953522967,425599699,23,Pid6HQnMCFb9izqX9i7X6ePdUPieGmjHoPxC1Jfooix,Pine Stake,South America,Brazil,3,14
20260610-164405#108953523224,425599700,24,9W3QTgBhkU4Bwg6cwnDJo6eGZ9BtZafSdu1Lo9JmWws7,Coinbase 03,Asia,Japan,2,15
20260610-164405#108953523503,425599701,47,9W3QTgBhkU4Bwg6cwnDJo6eGZ9BtZafSdu1Lo9JmWws7,Coinbase 03,Asia,Japan,2,15
20260610-164405#108953523723,425599702,11,9W3QTgBhkU4Bwg6cwnDJo6eGZ9BtZafSdu1Lo9JmWws7,Coinbase 03,Asia,Japan,2,15
20260610-164405#108953524001,425599703,33,9W3QTgBhkU4Bwg6cwnDJo6eGZ9BtZafSdu1Lo9JmWws7,Coinbase 03,Asia,Japan,2,15
20260610-164405#108953525263,425599708,15,2GUnfxZavKoPfS9s3VSEjaWDzB3vNf5RojUhprCS1rSx,,Asia,Japan,1,16
20260610-164405#108953527099,425599715,59,FzQqaDStQQHs52YKeCnDovwSqvyZBCgs2kJcmvoFZwaS,,Asia,Singapore,2,15
20260610-164405#108953527321,425599716,25,BFmqBsaGjeYA7gHpReKmnVkRyhqiMmHoR9ttv1crWmzy,,North America,United States,2,15
20260610-164405#108953527594,425599717,42,BFmqBsaGjeYA7gHpReKmnVkRyhqiMmHoR9ttv1crWmzy,,North America,United States,2,15
20260610-164405#108953528624,425599721,48,EkvdKhULbMFqjKBKotAzGi3kwMvMpYNDKJXXQQmi6C1f,,Europe,Netherlands,3,14
20260610-164405#108953529112,425599723,24,EkvdKhULbMFqjKBKotAzGi3kwMvMpYNDKJXXQQmi6C1f,,Europe,Netherlands,2,15
20260610-164405#108953530161,425599727,49,EATpCzQNs8BzZh1mx1hXMAJm3o1MLXakTXr4UEmcsY7f,EAT TRIBE,North America,United States,3,14
20260610-164405#108953531141,425599731,5,GYx8kpp7SsRwtQEEsGQjAxb4hFMMmT91kFJuDeky3YGQ,,Asia,Japan,3,14
20260610-164405#108953534271,425599743,63,JupmVLmA8RoyTUbTMMuTtoPWHEiNQobxgTeGTrPNkzT,Jupiter,Europe,Germany,0,17
20260610-164405#108953535008,425599746,32,5Cchr1XGEg7dbBXByV5NY2ad8jfxAM7HA3x8D56rq9Ux,Upbit Staking,North America,United States,3,14
20260610-164405#108953535234,425599747,2,5Cchr1XGEg7dbBXByV5NY2ad8jfxAM7HA3x8D56rq9Ux,Upbit Staking,North America,United States,1,16
20260610-164405#108953535537,425599748,49,Hz5aLvpKScNWoe9YZWxBLrQA3qzHJivBGtfciMekk8m5,,Europe,United Kingdom,2,15
20260610-164405#108953536273,425599751,17,Hz5aLvpKScNWoe9YZWxBLrQA3qzHJivBGtfciMekk8m5,,Europe,United Kingdom,1,16
20260610-164405#108953536568,425599752,56,ALPHA6rdHZkx1om79xp47vX1iZXcbM3qfEwLyttZ1T7R,Lifetime 0% fee + full MEV payout | Alphasearch,Europe,Germany,0,17
20260610-164405#108953536813,425599753,45,ALPHA6rdHZkx1om79xp47vX1iZXcbM3qfEwLyttZ1T7R,Lifetime 0% fee + full MEV payout | Alphasearch,Europe,Germany,2,15
20260610-164405#108953537060,425599754,36,ALPHA6rdHZkx1om79xp47vX1iZXcbM3qfEwLyttZ1T7R,Lifetime 0% fee + full MEV payout | Alphasearch,Europe,Germany,0,17
20260610-164405#108953537306,425599755,26,ALPHA6rdHZkx1om79xp47vX1iZXcbM3qfEwLyttZ1T7R,Lifetime 0% fee + full MEV payout | Alphasearch,Europe,Germany,3,14
20260610-164405#108953537818,425599757,26,mrgn28BhocwdAUEenen3Sw2MR9cPKDpLkDvzDdR7DBD,Project 0 Horizon,Europe,Netherlands,0,17
20260610-164405#108953540132,425599766,36,HT41udB8mLZZf7tev9tUoHYJ41TP8GWZ6zFMbjiviXk5,Neumann,Asia,Japan,0,17
20260610-164405#108953540356,425599767,4,HT41udB8mLZZf7tev9tUoHYJ41TP8GWZ6zFMbjiviXk5,Neumann,Asia,Japan,3,14
20260610-164405#108953544217,425599782,25,Av8EnYrPBnSJHK5e2wmTdnCpSy7nzmBgyFaUKSyLnBfe,AndrewInUA,North America,Canada,2,15
20260610-164405#108953548034,425599797,2,22rU5yUmdVThrkoPieVNphqEyAtMQKmZxjwcD8v4bJDU,,Europe,Netherlands,2,15
20260610-164405#108953548583,425599799,39,22rU5yUmdVThrkoPieVNphqEyAtMQKmZxjwcD8v4bJDU,,Europe,Netherlands,3,14
20260610-164405#108953549320,425599802,8,Ha1iade1AH3B12K9SccfWoPdFtQKKQsj2ZyWwxcjqJJU,Ha1iad3,Asia,Japan,2,15
20260610-164405#108953550122,425599805,42,FbYX2uN573G5WsgiPdHU6fS5PNUyjdXfGfpZNkYUuT4k,,Europe,Sweden,2,15
20260610-164405#108953550904,425599808,56,3RXKQBRv7xKTQeNdLSPhCiD4QcUfxEQ12rtgUkMf5LnS,Chainode Tech & MEV(0% Fee),Europe,Lithuania,1,16
20260610-164405#108953552949,425599816,53,Awes4Tr6TX8JDzEhCZY2QVNimT6iD1zWHzf1vNyGvpLM,Staking Facilities | MEV 🔥,Europe,Germany,3,14
20260610-164405#108953553460,425599818,52,Awes4Tr6TX8JDzEhCZY2QVNimT6iD1zWHzf1vNyGvpLM,Staking Facilities | MEV 🔥,Europe,Germany,3,14
20260610-164405#108953554230,425599821,54,EvnRmnMrd69kFdbLMxWkTn1icZ7DCceRhvmb2SJXqDo4,Everstake,Europe,Germany,3,14
20260610-164405#108953554487,425599822,55,EvnRmnMrd69kFdbLMxWkTn1icZ7DCceRhvmb2SJXqDo4,Everstake,Europe,Germany,0,17
20260610-164405#108953558305,425599837,33,2t53LvZfskcpXkdwLaBnfZLbNgyVHPu2BNFpcRBaEBhM,Kevred,Europe,Germany,3,14
20260610-164405#108953563671,425599858,23,22rU5yUmdVThrkoPieVNphqEyAtMQKmZxjwcD8v4bJDU,,Europe,Netherlands,1,16
20260610-164405#108953564214,425599860,54,A1vqhA2fS6K7CvHsJKX1ACcHJFEmyRg4KuR5pctHANy4,,Europe,Netherlands,2,15
20260610-164405#108953564467,425599861,51,A1vqhA2fS6K7CvHsJKX1ACcHJFEmyRg4KuR5pctHANy4,,Europe,Netherlands,2,15
20260610-164405#108953564966,425599863,38,A1vqhA2fS6K7CvHsJKX1ACcHJFEmyRg4KuR5pctHANy4,,Europe,Netherlands,3,14
20260610-164405#108953566734,425599870,14,CAo1dCGYrB6NhHh5xb1cGjUiu86iyCfMTENxgHumSve4,Kraken 2,North America,United States,3,14
20260610-164405#108953567248,425599872,16,5ZqveVffQPiUbkjBg4KD9kib1MKHLqiFno4ke9jSq9qk,,Europe,Germany,3,14
20260610-164405#108953569543,425599881,7,HEL1USMZKAL2odpNBj2oCjffnFGaYwmbGmyewGv1e2TU,Helius,Europe,United Kingdom,3,14
20260610-164405#108953571631,425599889,47,9UbU7oaVXX6t7bMthxzzGPnWumFNxoWqUwX3qsrxb4pp,,Europe,United Kingdom,1,16
20260610-164405#108953571866,425599890,26,9UbU7oaVXX6t7bMthxzzGPnWumFNxoWqUwX3qsrxb4pp,,Europe,United Kingdom,3,14
20260610-164405#108953572130,425599891,34,9UbU7oaVXX6t7bMthxzzGPnWumFNxoWqUwX3qsrxb4pp,,Europe,United Kingdom,0,17
20260610-164405#108953572872,425599894,8,DUND26mEDfFeaPsVof3YvbXDRvpuQX7HMUJrLgEWzYw4,,Asia,Japan,2,15
20260610-164405#108953576222,425599907,30,3psxMyr7rQzywVp1MXKd1XFmFz33NjydzCoJx9t2sMQW,OtterSec,North America,United States,0,17
20260610-164405#108953577515,425599912,43,JD549HsbJHeEKKUrKgg4Fj2iyv2RGjsV7NTZjZUrHybB,Forward Industries,North America,United States,2,15
20260610-164405#108953577776,425599913,48,JD549HsbJHeEKKUrKgg4Fj2iyv2RGjsV7NTZjZUrHybB,Forward Industries,North America,United States,0,17
20260610-164405#108953578242,425599915,2,JD549HsbJHeEKKUrKgg4Fj2iyv2RGjsV7NTZjZUrHybB,Forward Industries,North America,United States,2,15
20260610-164405#108953578536,425599916,40,HEL1USMZKAL2odpNBj2oCjffnFGaYwmbGmyewGv1e2TU,Helius,Europe,United Kingdom,2,15
20260610-164405#108953579542,425599920,22,ACvL73V4GNnxPVfZ7K89jCrYurLyzpEuE9qirjvh2Xmi,Kiln2,Europe,Netherlands,1,16
20260610-164405#108953579825,425599921,49,ACvL73V4GNnxPVfZ7K89jCrYurLyzpEuE9qirjvh2Xmi,Kiln2,Europe,Netherlands,0,17
20260610-164405#108953580554,425599924,10,Fd7btgySsrjuo25CJCj7oE7VPMyezDhnx7pZkj2v69Nk,Figment,North America,Canada,2,15
20260610-164405#108953580864,425599925,64,Fd7btgySsrjuo25CJCj7oE7VPMyezDhnx7pZkj2v69Nk,Figment,North America,Canada,1,16
20260610-164405#108953581328,425599927,16,Fd7btgySsrjuo25CJCj7oE7VPMyezDhnx7pZkj2v69Nk,Figment,North America,Canada,1,16
20260610-164405#108953581615,425599928,47,ETcW7iuVraMKLMJayNCCsr9bLvKrJPDczy1CMVMPmXTc,stakeware.xyz | ferric,Europe,Netherlands,1,16
20260610-164405#108953582648,425599932,56,ALp2GdA1eJV8vZHMHazCtTxNXe3BLUSco9LDASgjDs8R,🌸 SOLGirl MEV ⚡️👩‍💻,Asia,Hong Kong S.A.R.,0,17
20260610-164405#108953582880,425599933,32,ALp2GdA1eJV8vZHMHazCtTxNXe3BLUSco9LDASgjDs8R,🌸 SOLGirl MEV ⚡️👩‍💻,Asia,Hong Kong S.A.R.,3,14
20260610-164405#108953583370,425599935,10,ALp2GdA1eJV8vZHMHazCtTxNXe3BLUSco9LDASgjDs8R,🌸 SOLGirl MEV ⚡️👩‍💻,Asia,Hong Kong S.A.R.,2,15
20260610-164405#108953585957,425599945,37,5XKJwdKB2Hs7pkEXzifAysjSk6q7Rt6k5KfHwmAMPtoQ,Moonlet,Asia,Japan,0,17
20260610-164405#108953586991,425599949,47,AMukCLCr52XxsEjXoDxKKxjNg4FpnsReXNaQx8aR6DJF,,Europe,Netherlands,2,15
20260610-164405#108953587243,425599950,43,AMukCLCr52XxsEjXoDxKKxjNg4FpnsReXNaQx8aR6DJF,,Europe,Netherlands,1,16
20260610-164405#108953589305,425599958,57,Fd7btgySsrjuo25CJCj7oE7VPMyezDhnx7pZkj2v69Nk,Figment,North America,Canada,3,14
20260610-164405#108953590282,425599962,10,HEL1USMZKAL2odpNBj2oCjffnFGaYwmbGmyewGv1e2TU,Helius,Europe,United Kingdom,3,14
20260610-164405#108953591866,425599968,58,HEL1USMZKAL2odpNBj2oCjffnFGaYwmbGmyewGv1e2TU,Helius,Europe,United Kingdom,0,17
20260610-164405#108953594395,425599978,27,7PpXQgDb9eCHN1Uudgi77Wm89cRz4T85YgDw83qvaJXd,Nodance 💃 00,North America,United States,3,14
20260610-164405#108953598270,425599993,62,CfgRXmp1LEYr97EaT2RyoL2cSvtWgJh52Bes89RxVSoW,Blockman,Europe,Germany,3,14
20260610-164405#108953598731,425599995,11,CfgRXmp1LEYr97EaT2RyoL2cSvtWgJh52Bes89RxVSoW,Blockman,Europe,Germany,3,14
20260610-164405#108953599249,425599997,17,JC7bH7HSZoDhwggBXtRF31cVt71WiizY2J6YDDQfG5er,Valid Blocks,Asia,Japan,3,14
20260610-164405#108953599547,425599998,59,JC7bH7HSZoDhwggBXtRF31cVt71WiizY2J6YDDQfG5er,Valid Blocks,Asia,Japan,2,15
20260610-164405#108953600017,425600000,17,DUND26mEDfFeaPsVof3YvbXDRvpuQX7HMUJrLgEWzYw4,,Asia,Japan,1,16
20260610-164405#108953600817,425600003,49,DUND26mEDfFeaPsVof3YvbXDRvpuQX7HMUJrLgEWzYw4,,Asia,Japan,1,16
20260610-164405#108953602098,425600008,50,2GUnfxZavKoPfS9s3VSEjaWDzB3vNf5RojUhprCS1rSx,,Asia,Japan,2,15
20260610-164405#108953603602,425600014,18,Awes4Tr6TX8JDzEhCZY2QVNimT6iD1zWHzf1vNyGvpLM,Staking Facilities | MEV 🔥,Europe,Germany,0,17
20260610-164405#108953603852,425600015,12,Awes4Tr6TX8JDzEhCZY2QVNimT6iD1zWHzf1vNyGvpLM,Staking Facilities | MEV 🔥,Europe,Germany,0,17
20260610-164405#108953605634,425600022,2,DWvDTSh3qfn88UoQTEKRV2JnLt5jtJAVoiCo3ivtMwXP,P2P.org,Europe,Netherlands,3,14
20260610-164405#108953605916,425600023,28,DWvDTSh3qfn88UoQTEKRV2JnLt5jtJAVoiCo3ivtMwXP,P2P.org,Europe,Netherlands,0,17
20260610-164405#108953607427,425600029,3,GqDCbnafLmKkdqiqf278jDLXqjjZMB2sViZQtR82jPUf,SolLana,North America,United States,2,15
20260610-164405#108953608496,425600033,48,RNXnAJV1DeBt6Lytjz4wYzvS3d6bhsfidS5Np4ovwZz,RockawayX Firedancer,Europe,Czechia,2,15
20260610-164405#108953608711,425600034,7,RNXnAJV1DeBt6Lytjz4wYzvS3d6bhsfidS5Np4ovwZz,RockawayX Firedancer,Europe,Czechia,3,14
20260610-164405#108953608989,425600035,29,RNXnAJV1DeBt6Lytjz4wYzvS3d6bhsfidS5Np4ovwZz,RockawayX Firedancer,Europe,Czechia,0,17
20260610-164405#108953610030,425600039,46,DRpbCBMxVnDK7maPM5tGv6MvB3v1sRMC86PZ8okm21hy,binance staking,North America,United States,0,17
20260610-164405#108953610787,425600042,35,pSoLoZx55zZz61gjxSTwHtwTg4yTwdm7ruBmyjbYgT2,,Europe,Netherlands,3,14
20260610-164405#108953611797,425600046,21,Hz5aLvpKScNWoe9YZWxBLrQA3qzHJivBGtfciMekk8m5,,Europe,United Kingdom,3,14
20260610-164405#108953612090,425600047,58,Hz5aLvpKScNWoe9YZWxBLrQA3qzHJivBGtfciMekk8m5,,Europe,United Kingdom,1,16
20260610-164405#108953612573,425600049,29,Awes4Tr6TX8JDzEhCZY2QVNimT6iD1zWHzf1vNyGvpLM,Staking Facilities | MEV 🔥,Europe,Germany,2,15
20260610-164405#108953613101,425600051,45,Awes4Tr6TX8JDzEhCZY2QVNimT6iD1zWHzf1vNyGvpLM,Staking Facilities | MEV 🔥,Europe,Germany,0,17
20260610-164405#108953614600,425600057,8,22rU5yUmdVThrkoPieVNphqEyAtMQKmZxjwcD8v4bJDU,,Europe,Netherlands,3,14
20260610-164405#108953615649,425600061,33,q9XWcZ7T1wP4bW9SB4XgNNwjnFEJ982nE8aVbbNuwot,Ledger by Figment,Europe,Germany,3,14
20260610-164405#108953615903,425600062,31,q9XWcZ7T1wP4bW9SB4XgNNwjnFEJ982nE8aVbbNuwot,Ledger by Figment,Europe,Germany,0,17
20260610-164405#108953616704,425600065,64,CAo1dCGYrB6NhHh5xb1cGjUiu86iyCfMTENxgHumSve4,Kraken 2,North America,United States,2,15
20260610-164405#108953616922,425600066,26,CAo1dCGYrB6NhHh5xb1cGjUiu86iyCfMTENxgHumSve4,Kraken 2,North America,United States,2,15
20260610-164405#108953617471,425600068,63,FGiEdzde7Fco2WLpNQMat299hUVoykJdaA5hxdmCzHiS,Vnode,North America,United States,0,17
20260610-164405#108953618733,425600073,45,GoeW4aFK4dGoekJySgUynWDxBZiQJqm8GDAF4H53tDK9,Twinstake,North America,,2,15
20260610-164405#108953618952,425600074,8,GoeW4aFK4dGoekJySgUynWDxBZiQJqm8GDAF4H53tDK9,Twinstake,North America,,3,14
20260610-164405#108953620534,425600080,54,Awes4Tr6TX8JDzEhCZY2QVNimT6iD1zWHzf1vNyGvpLM,Staking Facilities | MEV 🔥,Europe,Germany,0,17
20260610-164405#108953621046,425600082,54,Awes4Tr6TX8JDzEhCZY2QVNimT6iD1zWHzf1vNyGvpLM,Staking Facilities | MEV 🔥,Europe,Germany,2,15
20260610-164405#108953621267,425600083,19,Awes4Tr6TX8JDzEhCZY2QVNimT6iD1zWHzf1vNyGvpLM,Staking Facilities | MEV 🔥,Europe,Germany,3,14
20260610-164405#108953621812,425600085,52,vu1sGn2f1Xim6voHNLt4nLn38zNkYdLasU7hEr1TC2D,Allnodes ⚡️ 0% fee,Europe,Germany,3,14
20260610-164405#108953624087,425600094,23,BtsmiEEvnSuUnKxqXj2PZRYpPJAc7C34mGz8gtJ1DAaH,,Europe,Germany,2,15
20260610-164405#108953625882,425600101,26,EvnRmnMrd69kFdbLMxWkTn1icZ7DCceRhvmb2SJXqDo4,Everstake,Europe,Germany,0,17
20260610-164405#108953626160,425600102,48,EvnRmnMrd69kFdbLMxWkTn1icZ7DCceRhvmb2SJXqDo4,Everstake,Europe,Germany,2,15
20260610-164405#108953626379,425600103,11,EvnRmnMrd69kFdbLMxWkTn1icZ7DCceRhvmb2SJXqDo4,Everstake,Europe,Germany,3,14
20260610-164405#108953626628,425600104,4,DRpbCBMxVnDK7maPM5tGv6MvB3v1sRMC86PZ8okm21hy,binance staking,North America,United States,0,17
20260610-164405#108953631037,425600121,61,6y7V8dL673XFzm9QyC5vvh3itWkp7wztahBd2yDqsyrK,,Europe,Lithuania,2,15
20260610-164405#108953631773,425600124,29,JD549HsbJHeEKKUrKgg4Fj2iyv2RGjsV7NTZjZUrHybB,Forward Industries,North America,United States,3,14
20260610-164405#108953632516,425600127,4,JD549HsbJHeEKKUrKgg4Fj2iyv2RGjsV7NTZjZUrHybB,Forward Industries,North America,United States,0,17
20260610-164405#108953632790,425600128,22,juigBT2qetpYpf1iwgjaiWTjryKkY3uUTVAnRFKkqY6,ProStaking,North America,United States,0,17
20260610-164405#108953633295,425600130,15,juigBT2qetpYpf1iwgjaiWTjryKkY3uUTVAnRFKkqY6,ProStaking,North America,United States,2,15
20260610-164405#108953633842,425600132,50,9WzPWqKSqbE5PT9hMsmCDFjzpurAXEYCE9qrpVWp28KR,,Europe,Netherlands,1,16
20260610-164405#108953634061,425600133,13,9WzPWqKSqbE5PT9hMsmCDFjzpurAXEYCE9qrpVWp28KR,,Europe,Netherlands,2,15
20260610-164405#108953635083,425600137,11,GBQ2GvTzmjXMu97dr7WUnLKYTNim1aoZsYS53KYXAAAA,Bitwise Onchain Solutions | Jito BAM,Europe,Netherlands,3,14
20260610-164405#108953635612,425600139,28,GBQ2GvTzmjXMu97dr7WUnLKYTNim1aoZsYS53KYXAAAA,Bitwise Onchain Solutions | Jito BAM,Europe,Netherlands,3,14
20260610-164405#108953638414,425600150,14,krakeNd6ednDPEXxHAmoBs1qKVM8kLg79PvWF2mhXV1,Kraken,North America,United States,3,14
20260610-164405#108953640508,425600158,60,RBFiUqjYuy4mupzZaU96ctXJBy23sRBRsL3KivDAsFM,RockawayX Infra,Europe,Czechia,0,17
20260610-164405#108953640983,425600160,23,3psxMyr7rQzywVp1MXKd1XFmFz33NjydzCoJx9t2sMQW,OtterSec,North America,United States,2,15
20260610-164405#108953641485,425600162,13,3psxMyr7rQzywVp1MXKd1XFmFz33NjydzCoJx9t2sMQW,OtterSec,North America,United States,3,14
20260610-164405#108953641746,425600163,18,3psxMyr7rQzywVp1MXKd1XFmFz33NjydzCoJx9t2sMQW,OtterSec,North America,United States,0,17
20260610-164405#108953642293,425600165,53,9eGrDohdNTAo61DRHyfMuqKWXqYnA3i254Wiszxe8FoY,Galaxy,North America,United States,0,17
20260610-164405#108953642551,425600166,55,9eGrDohdNTAo61DRHyfMuqKWXqYnA3i254Wiszxe8FoY,Galaxy,North America,United States,3,14
20260610-164405#108953642807,425600167,55,9eGrDohdNTAo61DRHyfMuqKWXqYnA3i254Wiszxe8FoY,Galaxy,North America,United States,2,15
20260610-164405#108953643584,425600170,64,BSVckjdW2f8kcXPGcrPPtV9kUDBZ8w8PjrrGVnxgEdwq,,Europe,Lithuania,3,14
20260610-164405#108953645120,425600176,64,grptonHnt7YSmJokGK9TJJTBXDT8ca4LSWMHCCfzzPa,gripto,Europe,Germany,0,17
20260610-164405#108953645364,425600177,52,grptonHnt7YSmJokGK9TJJTBXDT8ca4LSWMHCCfzzPa,gripto,Europe,Germany,3,14
20260610-164405#108953645617,425600178,49,grptonHnt7YSmJokGK9TJJTBXDT8ca4LSWMHCCfzzPa,gripto,Europe,Germany,0,17
20260610-164405#108953645840,425600179,16,grptonHnt7YSmJokGK9TJJTBXDT8ca4LSWMHCCfzzPa,gripto,Europe,Germany,3,14
20260610-164405#108953647148,425600184,44,RLMS1pv3YKi7CSUCKTNcFN5fFkXJc2SmCwPhbQpqZJo,Realms Validator,Asia,Japan,0,17
20260610-164405#108953647617,425600186,1,RLMS1pv3YKi7CSUCKTNcFN5fFkXJc2SmCwPhbQpqZJo,Realms Validator,Asia,Japan,3,14
20260610-164405#108953649703,425600194,39,8vk6QpG93JSaQCSgnycBsv5qmfQBk4qC9FjNA35E5JhU,Tinydancer,Europe,Netherlands,0,17
20260610-164405#108953649964,425600195,44,8vk6QpG93JSaQCSgnycBsv5qmfQBk4qC9FjNA35E5JhU,Tinydancer,Europe,Netherlands,2,15
20260610-164405#108953651206,425600200,6,GoeW4aFK4dGoekJySgUynWDxBZiQJqm8GDAF4H53tDK9,Twinstake,North America,,3,14
20260610-164405#108953651460,425600201,4,GoeW4aFK4dGoekJySgUynWDxBZiQJqm8GDAF4H53tDK9,Twinstake,North America,,2,15
20260610-164405#108953651773,425600202,61,GoeW4aFK4dGoekJySgUynWDxBZiQJqm8GDAF4H53tDK9,Twinstake,North America,,1,16
20260610-164405#108953652262,425600204,38,FBbqKvwLfKGZrKrfSbPJz4ymQ7zMarhRyZtu1RBkSe89,,North America,United States,2,15
20260610-164405#108953653285,425600208,37,2X7WoaXX9KPqNrNfvguhnwo3rjFPNsfw2t75fGjWRthz,Stakely | 0% fee,Asia,Japan,2,15
20260610-164405#108953655071,425600215,31,HEL1USMZKAL2odpNBj2oCjffnFGaYwmbGmyewGv1e2TU,Helius,Europe,United Kingdom,3,14
20260610-164405#108953655868,425600218,60,EkvdKhULbMFqjKBKotAzGi3kwMvMpYNDKJXXQQmi6C1f,,Europe,Netherlands,2,15
20260610-164405#108953656084,425600219,20,EkvdKhULbMFqjKBKotAzGi3kwMvMpYNDKJXXQQmi6C1f,,Europe,Netherlands,2,15
20260610-164405#108953656619,425600221,43,6WgdYhhGE53WrZ7ywJA15hBVkw7CRbQ8yDBBTwmBtAHN,Luganodes,Europe,Germany,0,17
20260610-164405#108953657368,425600224,24,G1bLKfyNm7zsmmYEL9dyxBvMtxpFcwy2s84bHDj2ZFUY,P2P.org Turbo,South America,Brazil,2,15
20260610-164405#108953657641,425600225,41,G1bLKfyNm7zsmmYEL9dyxBvMtxpFcwy2s84bHDj2ZFUY,P2P.org Turbo,South America,Brazil,1,16
20260610-164405#108953658153,425600227,41,G1bLKfyNm7zsmmYEL9dyxBvMtxpFcwy2s84bHDj2ZFUY,P2P.org Turbo,South America,Brazil,3,14
20260610-164405#108953658373,425600228,5,5Cchr1XGEg7dbBXByV5NY2ad8jfxAM7HA3x8D56rq9Ux,Upbit Staking,North America,United States,0,17
20260610-164405#108953658926,425600230,46,5Cchr1XGEg7dbBXByV5NY2ad8jfxAM7HA3x8D56rq9Ux,Upbit Staking,North America,United States,1,16
20260610-164405#108953660173,425600235,13,5pPRHniefFjkiaArbGX3Y8NUysJmQ9tMZg3FrFGwHzSm,Kiln1,Europe,Netherlands,3,14
20260610-164405#108953661712,425600241,16,7PdKhpKz7T39vZHFL1UfcYNDsLvay6hp4KPQq1aUckFf,Alpha Pro | High APY🚀 100% Reliable ⭐ VIP Services,Europe,Germany,1,16
20260610-164405#108953661991,425600242,39,7PdKhpKz7T39vZHFL1UfcYNDsLvay6hp4KPQq1aUckFf,Alpha Pro | High APY🚀 100% Reliable ⭐ VIP Services,Europe,Germany,3,14
20260610-164405#108953662996,425600246,20,HEL1USMZKAL2odpNBj2oCjffnFGaYwmbGmyewGv1e2TU,Helius,Europe,United Kingdom,1,16
20260610-164405#108953663279,425600247,47,HEL1USMZKAL2odpNBj2oCjffnFGaYwmbGmyewGv1e2TU,Helius,Europe,United Kingdom,0,17
20260610-164405#108953663773,425600249,29,HnfPZDrbJFooiP9vvgWrjx3baXVNAZCgisT58gyMCgML,,Asia,Singapore,0,17
20260610-164405#108953664520,425600252,8,9UM8wQ8F5oMiRcP5YdqD6Lr4krpBWCD8LtgQYoisJd9i,,Europe,United Kingdom,3,14
20260610-164405#108953664826,425600253,58,9UM8wQ8F5oMiRcP5YdqD6Lr4krpBWCD8LtgQYoisJd9i,,Europe,United Kingdom,1,16
20260610-164405#108953665796,425600257,4,6xFDLX751L7H9d5fQT9sf2SM5RWWE9LDgqz25pPDbWoJ,TdrSys,Europe,Netherlands,2,15
20260610-164405#108953666084,425600258,36,6xFDLX751L7H9d5fQT9sf2SM5RWWE9LDgqz25pPDbWoJ,TdrSys,Europe,Netherlands,2,15
20260610-164405#108953667894,425600265,54,5Cchr1XGEg7dbBXByV5NY2ad8jfxAM7HA3x8D56rq9Ux,Upbit Staking,North America,United States,2,15
20260610-164405#108953669391,425600271,15,shftkxnsXmqAkmLgz9Mn7bNB5Fr6mKgFc58kFHfVikj,blueshift,Europe,Germany,1,16
20260610-164405#108953669637,425600272,5,FBKFWadXZJahGtFitAsBvbqh5968gLY7dMBBJUoUjeNi,,Europe,Ireland,3,14
20260610-164405#108953669907,425600273,19,FBKFWadXZJahGtFitAsBvbqh5968gLY7dMBBJUoUjeNi,,Europe,Ireland,1,16
20260610-164405#108953670202,425600274,58,FBKFWadXZJahGtFitAsBvbqh5968gLY7dMBBJUoUjeNi,,Europe,Ireland,2,15
20260610-164405#108953670414,425600275,14,FBKFWadXZJahGtFitAsBvbqh5968gLY7dMBBJUoUjeNi,,Europe,Ireland,3,14
20260610-164405#108953670693,425600276,37,G2TBEh2ahNGS9tGnuBNyDduNjyfUtGhMcssgRb8b6KfH,AG 0% fee + ALL MEV profit share,Europe,Germany,0,17
20260610-164405#108953673017,425600285,57,JD549HsbJHeEKKUrKgg4Fj2iyv2RGjsV7NTZjZUrHybB,Forward Industries,North America,United States,2,15
20260610-164405#108953673265,425600286,49,JD549HsbJHeEKKUrKgg4Fj2iyv2RGjsV7NTZjZUrHybB,Forward Industries,North America,United States,3,14
20260610-164405#108953674019,425600289,35,BtsmiEEvnSuUnKxqXj2PZRYpPJAc7C34mGz8gtJ1DAaH,,Europe,Germany,0,17
20260610-164405#108953674243,425600290,3,BtsmiEEvnSuUnKxqXj2PZRYpPJAc7C34mGz8gtJ1DAaH,,Europe,Germany,3,14
20260610-164405#108953674546,425600291,50,BtsmiEEvnSuUnKxqXj2PZRYpPJAc7C34mGz8gtJ1DAaH,,Europe,Germany,1,16
20260610-164405#108953675539,425600295,19,CoG8d9Fp2TFJRkAmrPMiPsGhQWHzdTTVoegEp9svRgmJ,Nansen | Stake to Stack Points,Asia,Singapore,2,15
20260610-164405#108953676860,425600300,60,HTeRsa3gm3CGrizMoCrtWj4uBZ1NKYcGqh8jfBu2u3Jo,,Europe,United Kingdom,1,16
20260610-164405#108953677061,425600301,5,HTeRsa3gm3CGrizMoCrtWj4uBZ1NKYcGqh8jfBu2u3Jo,,Europe,United Kingdom,3,14
20260610-164405#108953677855,425600304,31,HH5dA42XF1HxNk1TRpG6LuKfLViMYNdAz5iWrFM4hWFi,Trust Nodes,Europe,Netherlands,2,15
20260610-164405#108953678648,425600307,56,HH5dA42XF1HxNk1TRpG6LuKfLViMYNdAz5iWrFM4hWFi,Trust Nodes,Europe,Netherlands,0,17
20260610-164405#108953680400,425600314,16,9UM8wQ8F5oMiRcP5YdqD6Lr4krpBWCD8LtgQYoisJd9i,,Europe,United Kingdom,3,14
20260610-164405#108953680644,425600315,4,9UM8wQ8F5oMiRcP5YdqD6Lr4krpBWCD8LtgQYoisJd9i,,Europe,United Kingdom,2,15
20260610-164405#108953682212,425600321,36,7QQGNm3ptwinipDCyaCF7jY5katgmFUu1ieP2f7nwLpE,,Europe,Lithuania,3,14
20260610-164405#108953682732,425600323,44,7QQGNm3ptwinipDCyaCF7jY5katgmFUu1ieP2f7nwLpE,,Europe,Lithuania,0,17
20260610-164405#108953682987,425600324,43,6yFGGAgYpBxgYPuHW4rv7hJmhKrUiXKyHkpVGaYtKrwE,Watchtower,North America,United States,2,15
20260610-164405#108953686281,425600337,9,HLnodbYkL5PFA8hjAZDkm5pGzV7eLTvcs671AW2L6St9,PoH PoS,North America,United States,1,16
20260610-164405#108953687050,425600340,10,22rU5yUmdVThrkoPieVNphqEyAtMQKmZxjwcD8v4bJDU,,Europe,Netherlands,2,15
20260610-164405#108953687563,425600342,11,22rU5yUmdVThrkoPieVNphqEyAtMQKmZxjwcD8v4bJDU,,Europe,Netherlands,2,15
20260610-164405#108953688374,425600345,54,EvnRmnMrd69kFdbLMxWkTn1icZ7DCceRhvmb2SJXqDo4,Everstake,Europe,Germany,0,17
20260610-164405#108953688597,425600346,21,EvnRmnMrd69kFdbLMxWkTn1icZ7DCceRhvmb2SJXqDo4,Everstake,Europe,Germany,3,14
20260610-164405#108953689395,425600349,51,LA1NEzryoih6CQW3gwQqJQffK2mKgnXcjSQZSRpM3wc,Laine ❤️  by SOL Strategies,Europe,Netherlands,2,15
20260610-164405#108953690145,425600352,33,EkvdKhULbMFqjKBKotAzGi3kwMvMpYNDKJXXQQmi6C1f,,Europe,Netherlands,2,15
20260610-164405#108953691694,425600358,46,Ha1iade1AH3B12K9SccfWoPdFtQKKQsj2ZyWwxcjqJJU,Ha1iad3,Asia,Japan,0,17
20260610-164405#108953694006,425600367,54,EfPYQ4BUMiKa6736qqrtnCBGkUSRDGSr1WvtyUgWHuyp,,Europe,Ireland,1,16
20260610-164405#108953694770,425600370,50,Av8EnYrPBnSJHK5e2wmTdnCpSy7nzmBgyFaUKSyLnBfe,AndrewInUA,North America,Canada,2,15
20260610-164405#108953696792,425600378,24,HH5dA42XF1HxNk1TRpG6LuKfLViMYNdAz5iWrFM4hWFi,Trust Nodes,Europe,Netherlands,3,14
20260610-164405#108953697306,425600380,26,76rcGHdPvgs8G1XrzCXUTWtwgT59AFDvpB4VbTS2TBBJ,,Europe,Netherlands,3,14
20260610-164405#108953700134,425600391,38,HTeRsa3gm3CGrizMoCrtWj4uBZ1NKYcGqh8jfBu2u3Jo,,Europe,United Kingdom,1,16
20260610-164405#108953700872,425600394,8,BSMe78Jk1BfeJDdHQj1aXVjrT2aMAYidyNAGQsTshrk,Dalhousie Blockchain Society,Europe,Germany,3,14
20260610-164405#108953702190,425600399,46,BTGPbq4KuFENn4CKuaKGqkaDd3TJD3TEgtMjSrsZnMLb,,Asia,Singapore,1,16
20260610-164405#108953703477,425600404,53,Hz5aLvpKScNWoe9YZWxBLrQA3qzHJivBGtfciMekk8m5,,Europe,United Kingdom,2,15
20260610-164405#108953703942,425600406,6,Hz5aLvpKScNWoe9YZWxBLrQA3qzHJivBGtfciMekk8m5,,Europe,United Kingdom,1,16
20260610-164405#108953706549,425600416,53,8yjHdsCgx3bp2zEwGiWSMgwpFaCSzfYAHT1vk7KJBqhN,JStaking: 0% fee · top returns,Europe,Germany,1,16
20260610-164405#108953709582,425600428,14,EkvdKhULbMFqjKBKotAzGi3kwMvMpYNDKJXXQQmi6C1f,,Europe,Netherlands,0,17
20260610-164405#108953709849,425600429,25,EkvdKhULbMFqjKBKotAzGi3kwMvMpYNDKJXXQQmi6C1f,,Europe,Netherlands,3,14
20260610-164405#108953710391,425600431,55,EkvdKhULbMFqjKBKotAzGi3kwMvMpYNDKJXXQQmi6C1f,,Europe,Netherlands,1,16
20260610-164405#108953711639,425600436,23,2GUnfxZavKoPfS9s3VSEjaWDzB3vNf5RojUhprCS1rSx,,Asia,Japan,2,15
20260610-164405#108953712154,425600438,26,2GUnfxZavKoPfS9s3VSEjaWDzB3vNf5RojUhprCS1rSx,,Asia,Japan,0,17
20260610-164405#108953713433,425600443,25,7qGNnXKW1e3DsqEaSxwxMdBTFsrK73XtWTmkGitRyMQc,Alchemy,Asia,Singapore,2,15
20260610-164405#108953714482,425600447,50,HpcB5Qg8Y9E73dUkot5e8HkgAJbExsYeUzniY4bCuKac,,Europe,Lithuania,3,14
20260610-164405#108953717005,425600457,13,CMPSSdrTnRQBiBGTyFpdCc3VMNuLWYWaSkE8Zh5z6gbd,Solana Compass 🧭 Solana For The People,Asia,Japan,1,16
20260610-164405#108953717278,425600458,30,CMPSSdrTnRQBiBGTyFpdCc3VMNuLWYWaSkE8Zh5z6gbd,Solana Compass 🧭 Solana For The People,Asia,Japan,0,17
20260610-164405#108953718334,425600462,62,AicQr2zCWBLiBwt2r6o7iTemmtyE7q5pTKyuuupbXEQA,,North America,United States,2,15
20260610-164405#108953721148,425600473,60,EfPYQ4BUMiKa6736qqrtnCBGkUSRDGSr1WvtyUgWHuyp,,Europe,Ireland,1,16
20260610-164405#108953721609,425600475,9,EfPYQ4BUMiKa6736qqrtnCBGkUSRDGSr1WvtyUgWHuyp,,Europe,Ireland,3,14
20260610-164405#108953722142,425600477,30,5Cchr1XGEg7dbBXByV5NY2ad8jfxAM7HA3x8D56rq9Ux,Upbit Staking,North America,United States,3,14
20260610-164405#108953722415,425600478,47,5Cchr1XGEg7dbBXByV5NY2ad8jfxAM7HA3x8D56rq9Ux,Upbit Staking,North America,United States,2,15
20260610-164405#108953723960,425600484,56,9pBHfuE19q7PRbupJf8CZAMwv6RHjasdyMN9U9du7Nx2,H2O Nodes💧,Europe,Germany,1,16
20260610-164405#108953724175,425600485,15,9pBHfuE19q7PRbupJf8CZAMwv6RHjasdyMN9U9du7Nx2,H2O Nodes💧,Europe,Germany,3,14
20260610-164405#108953725451,425600490,11,9jxgosAfHgHzwnxsHw4RAZYaLVokMbnYtmiZBreynGFP,,Europe,Netherlands,3,14
20260610-164405#108953728003,425600500,3,9jxgosAfHgHzwnxsHw4RAZYaLVokMbnYtmiZBreynGFP,,Europe,Netherlands,2,15
20260610-164405#108953728297,425600501,41,9jxgosAfHgHzwnxsHw4RAZYaLVokMbnYtmiZBreynGFP,,Europe,Netherlands,2,15
20260610-164405#108953728539,425600502,27,9jxgosAfHgHzwnxsHw4RAZYaLVokMbnYtmiZBreynGFP,,Europe,Netherlands,2,15
20260610-164405#108953729069,425600504,45,9UM8wQ8F5oMiRcP5YdqD6Lr4krpBWCD8LtgQYoisJd9i,,Europe,United Kingdom,3,14
20260610-164405#108953729334,425600505,54,9UM8wQ8F5oMiRcP5YdqD6Lr4krpBWCD8LtgQYoisJd9i,,Europe,United Kingdom,0,17
20260610-164405#108953729587,425600506,51,9UM8wQ8F5oMiRcP5YdqD6Lr4krpBWCD8LtgQYoisJd9i,,Europe,United Kingdom,2,15
20260610-164405#108953733156,425600520,36,Fc6NNdS2j3EmrWbU6Uqt6wsKB5ef72NjaWfNxKYbULGD,OKX Earn,Asia,Singapore,1,16
20260610-164405#108953733664,425600522,32,Fc6NNdS2j3EmrWbU6Uqt6wsKB5ef72NjaWfNxKYbULGD,OKX Earn,Asia,Singapore,2,15
20260610-164405#108953734157,425600524,13,5Cchr1XGEg7dbBXByV5NY2ad8jfxAM7HA3x8D56rq9Ux,Upbit Staking,North America,United States,0,17
20260610-164405#108953734927,425600527,15,5Cchr1XGEg7dbBXByV5NY2ad8jfxAM7HA3x8D56rq9Ux,Upbit Staking,North America,United States,2,15
20260610-164405#108953735941,425600531,5,8W8v28d1fBZE1fkaaHbowJM4hGZGnVHWNK1NyhUsob6Z,Michigan Blockchain,Europe,Germany,1,16
20260610-164405#108953736457,425600533,9,3SkE34PVeGck2ArEffFKjihrQgURsvnoTAhitsNXNzXd,,Europe,Sweden,2,15
20260610-164405#108953737246,425600536,30,HEL1USMZKAL2odpNBj2oCjffnFGaYwmbGmyewGv1e2TU,Helius,Europe,United Kingdom,2,15
20260610-164405#108953737768,425600538,40,HEL1USMZKAL2odpNBj2oCjffnFGaYwmbGmyewGv1e2TU,Helius,Europe,United Kingdom,3,14
20260610-164405#108953739325,425600544,61,ANC1u9sY36q3mi2MyVhtz71un8yLgTsFBUuyLcSPzKsk,Anchorage Digital,Asia,Hong Kong S.A.R.,0,17
20260610-164405#108953740582,425600549,38,6y7V8dL673XFzm9QyC5vvh3itWkp7wztahBd2yDqsyrK,,Europe,Lithuania,1,16
20260610-164405#108953741348,425600552,36,EkvdKhULbMFqjKBKotAzGi3kwMvMpYNDKJXXQQmi6C1f,,Europe,Netherlands,0,17
20260610-164405#108953741832,425600554,8,EkvdKhULbMFqjKBKotAzGi3kwMvMpYNDKJXXQQmi6C1f,,Europe,Netherlands,3,14
20260610-164405#108953743120,425600559,16,CoG8d9Fp2TFJRkAmrPMiPsGhQWHzdTTVoegEp9svRgmJ,Nansen | Stake to Stack Points,Asia,Singapore,3,14
20260610-164405#108953743415,425600560,55,G1bLKfyNm7zsmmYEL9dyxBvMtxpFcwy2s84bHDj2ZFUY,P2P.org Turbo,South America,Brazil,0,17
20260610-164405#108953743649,425600561,33,G1bLKfyNm7zsmmYEL9dyxBvMtxpFcwy2s84bHDj2ZFUY,P2P.org Turbo,South America,Brazil,3,14
20260610-164405#108953744653,425600565,13,6yFGGAgYpBxgYPuHW4rv7hJmhKrUiXKyHkpVGaYtKrwE,Watchtower,North America,United States,3,14
20260610-164405#108953744933,425600566,37,6yFGGAgYpBxgYPuHW4rv7hJmhKrUiXKyHkpVGaYtKrwE,Watchtower,North America,United States,2,15
20260610-164405#108953745161,425600567,9,6yFGGAgYpBxgYPuHW4rv7hJmhKrUiXKyHkpVGaYtKrwE,Watchtower,North America,United States,1,16
20260610-164405#108953746956,425600574,12,HEL1USMZKAL2odpNBj2oCjffnFGaYwmbGmyewGv1e2TU,Helius,Europe,United Kingdom,3,14
20260610-164405#108953750565,425600588,37,FNKgX9dYUhYQFRTM9bkeKoRpsyEtZGNMxbdQLDzfqB8a,Coinbase 04,Europe,Netherlands,2,15
20260610-164405#108953751045,425600590,5,FNKgX9dYUhYQFRTM9bkeKoRpsyEtZGNMxbdQLDzfqB8a,Coinbase 04,Europe,Netherlands,0,17
20260610-164405#108953751609,425600592,57,Awes4Tr6TX8JDzEhCZY2QVNimT6iD1zWHzf1vNyGvpLM,Staking Facilities | MEV 🔥,Europe,Germany,2,15
20260610-164405#108953752379,425600595,59,Awes4Tr6TX8JDzEhCZY2QVNimT6iD1zWHzf1vNyGvpLM,Staking Facilities | MEV 🔥,Europe,Germany,0,17
20260610-164405#108953752589,425600596,13,8pyp3vfVPRziYdAYEyqkwytdBbdVbQmHqfQAVDcRV3w,Rustiq Technology,Europe,United Kingdom,3,14
20260610-164405#108953756946,425600613,18,9eGrDohdNTAo61DRHyfMuqKWXqYnA3i254Wiszxe8FoY,Galaxy,North America,United States,0,17
20260610-164405#108953757458,425600615,18,9eGrDohdNTAo61DRHyfMuqKWXqYnA3i254Wiszxe8FoY,Galaxy,North America,United States,3,14
20260610-164405#108953758237,425600618,29,3s97yjq2MhoPVPC3U9VeE3Z5S643Pweovg88ysvrQPw5,Starke Finance,North America,United States,2,15
20260610-164405#108953759025,425600621,49,J6etcxDdYjPHrtyvDXrbCkx3q9W1UjMj1vy1jBFPJEbK,,North America,United States,2,15
20260610-164405#108953759237,425600622,5,J6etcxDdYjPHrtyvDXrbCkx3q9W1UjMj1vy1jBFPJEbK,,North America,United States,3,14
20260610-164405#108953764382,425600642,30,6xUK9Nbonr4eoJNtHGoUEMmYKoPz5mipKzyDBv6deX4d,LuSOL +MEV,Europe,United Kingdom,0,17
20260610-164405#108953765908,425600648,20,DRpbCBMxVnDK7maPM5tGv6MvB3v1sRMC86PZ8okm21hy,binance staking,North America,United States,2,15
20260610-164405#108953766201,425600649,57,DRpbCBMxVnDK7maPM5tGv6MvB3v1sRMC86PZ8okm21hy,binance staking,North America,United States,1,16
20260610-164405#108953766447,425600650,47,DRpbCBMxVnDK7maPM5tGv6MvB3v1sRMC86PZ8okm21hy,binance staking,North America,United States,3,14
20260610-164405#108953767741,425600655,61,q9XWcZ7T1wP4bW9SB4XgNNwjnFEJ982nE8aVbbNuwot,Ledger by Figment,Europe,Germany,3,14
20260610-164405#108953768230,425600657,38,CAo1dCGYrB6NhHh5xb1cGjUiu86iyCfMTENxgHumSve4,Kraken 2,North America,United States,0,17
20260610-164405#108953768500,425600658,52,CAo1dCGYrB6NhHh5xb1cGjUiu86iyCfMTENxgHumSve4,Kraken 2,North America,United States,2,15
20260610-164405#108953768755,425600659,51,CAo1dCGYrB6NhHh5xb1cGjUiu86iyCfMTENxgHumSve4,Kraken 2,North America,United States,3,14
20260610-164405#108953768973,425600660,13,5Cchr1XGEg7dbBXByV5NY2ad8jfxAM7HA3x8D56rq9Ux,Upbit Staking,North America,United States,0,17
20260610-164405#108953769277,425600661,61,5Cchr1XGEg7dbBXByV5NY2ad8jfxAM7HA3x8D56rq9Ux,Upbit Staking,North America,United States,2,15
20260610-164405#108953769485,425600662,13,5Cchr1XGEg7dbBXByV5NY2ad8jfxAM7HA3x8D56rq9Ux,Upbit Staking,North America,United States,3,14
20260610-164405#108953771305,425600669,41,pSoLoZx55zZz61gjxSTwHtwTg4yTwdm7ruBmyjbYgT2,,Europe,Netherlands,1,16
20260610-164405#108953771584,425600670,64,pSoLoZx55zZz61gjxSTwHtwTg4yTwdm7ruBmyjbYgT2,,Europe,Netherlands,1,16
20260610-164405#108953771804,425600671,28,pSoLoZx55zZz61gjxSTwHtwTg4yTwdm7ruBmyjbYgT2,,Europe,Netherlands,3,14
20260610-164405#108953772043,425600672,11,5Cchr1XGEg7dbBXByV5NY2ad8jfxAM7HA3x8D56rq9Ux,Upbit Staking,North America,United States,3,14
20260610-164405#108953772297,425600673,9,5Cchr1XGEg7dbBXByV5NY2ad8jfxAM7HA3x8D56rq9Ux,Upbit Staking,North America,United States,2,15
20260610-164405#108953772586,425600674,42,5Cchr1XGEg7dbBXByV5NY2ad8jfxAM7HA3x8D56rq9Ux,Upbit Staking,North America,United States,0,17
20260610-164405#108953772830,425600675,30,5Cchr1XGEg7dbBXByV5NY2ad8jfxAM7HA3x8D56rq9Ux,Upbit Staking,North America,United States,3,14
20260610-164405#108953773117,425600676,61,krakeNd6ednDPEXxHAmoBs1qKVM8kLg79PvWF2mhXV1,Kraken,North America,United States,1,16
20260610-164405#108953773313,425600677,1,krakeNd6ednDPEXxHAmoBs1qKVM8kLg79PvWF2mhXV1,Kraken,North America,United States,3,14
20260610-164405#108953774118,425600680,38,AWcCdYG7Dy6GX45c6QMPbgGwgRZPKcBDT4bXGb3QrVRV,,Europe,Switzerland,2,15
20260610-164405#108953775642,425600686,26,Hz5aLvpKScNWoe9YZWxBLrQA3qzHJivBGtfciMekk8m5,,Europe,United Kingdom,3,14
20260610-164405#108953780017,425600703,49,vALigXFg9wnnhVHN16vNxHxXtAXiBv5QjAE6udoniBY,Valigator Open,North America,United States,2,15
20260610-164405#108953780279,425600704,55,J6etcxDdYjPHrtyvDXrbCkx3q9W1UjMj1vy1jBFPJEbK,,North America,United States,0,17
20260610-164405#108953780738,425600706,2,J6etcxDdYjPHrtyvDXrbCkx3q9W1UjMj1vy1jBFPJEbK,,North America,United States,3,14
20260610-164405#108953781036,425600707,44,J6etcxDdYjPHrtyvDXrbCkx3q9W1UjMj1vy1jBFPJEbK,,North America,United States,2,15
20260610-164405#108953781540,425600709,36,HLnodbYkL5PFA8hjAZDkm5pGzV7eLTvcs671AW2L6St9,PoH PoS,North America,United States,2,15
20260610-164405#108953782327,425600712,55,6y7V8dL673XFzm9QyC5vvh3itWkp7wztahBd2yDqsyrK,,Europe,Lithuania,2,15
20260610-164405#108953782803,425600714,19,6y7V8dL673XFzm9QyC5vvh3itWkp7wztahBd2yDqsyrK,,Europe,Lithuania,3,14
20260610-164405#108953787692,425600733,44,Hz5aLvpKScNWoe9YZWxBLrQA3qzHJivBGtfciMekk8m5,,Europe,United Kingdom,3,14
20260610-164405#108953789473,425600740,33,MFLKSo4XDfrBf4FByx76zYM2dXSWcigag7ec2bCHTR4,The Mindfolk,South America,Brazil,2,15
20260610-164405#108953789963,425600742,11,MFLKSo4XDfrBf4FByx76zYM2dXSWcigag7ec2bCHTR4,The Mindfolk,South America,Brazil,2,15
20260610-164405#108953790240,425600743,32,MFLKSo4XDfrBf4FByx76zYM2dXSWcigag7ec2bCHTR4,The Mindfolk,South America,Brazil,0,17
20260610-164405#108953790494,425600744,30,7PdKhpKz7T39vZHFL1UfcYNDsLvay6hp4KPQq1aUckFf,Alpha Pro | High APY🚀 100% Reliable ⭐ VIP Services,Europe,Germany,3,14
20260610-164405#108953790767,425600745,47,7PdKhpKz7T39vZHFL1UfcYNDsLvay6hp4KPQq1aUckFf,Alpha Pro | High APY🚀 100% Reliable ⭐ VIP Services,Europe,Germany,2,15
20260610-164405#108953791515,425600748,27,EkvdKhULbMFqjKBKotAzGi3kwMvMpYNDKJXXQQmi6C1f,,Europe,Netherlands,3,14
20260610-164405#108953792309,425600751,53,EkvdKhULbMFqjKBKotAzGi3kwMvMpYNDKJXXQQmi6C1f,,Europe,Netherlands,1,16
20260610-164405#108953792548,425600752,36,AiDoLWFKzNxSXKeZ4zym2TEPkg6F4kQ3YBA8WhANVPEq,AiDoL,Europe,Germany,0,17
20260610-164405#108953794862,425600761,46,Fd7btgySsrjuo25CJCj7oE7VPMyezDhnx7pZkj2v69Nk,Figment,North America,Canada,2,15
20260610-164405#108953797947,425600773,59,sZAqxCSN5kkVfG2s65Bje4jzCkD2aLyk21qU95PMf2Y,Dual Validator,Asia,Japan,1,16
20260610-164405#108953798160,425600774,16,sZAqxCSN5kkVfG2s65Bje4jzCkD2aLyk21qU95PMf2Y,Dual Validator,Asia,Japan,3,14
20260610-164405#108953798414,425600775,14,sZAqxCSN5kkVfG2s65Bje4jzCkD2aLyk21qU95PMf2Y,Dual Validator,Asia,Japan,2,15
20260610-164405#108953798702,425600776,46,Fd7btgySsrjuo25CJCj7oE7VPMyezDhnx7pZkj2v69Nk,Figment,North America,Canada,2,15
20260610-164405#108953798944,425600777,32,Fd7btgySsrjuo25CJCj7oE7VPMyezDhnx7pZkj2v69Nk,Figment,North America,Canada,2,15
20260610-164405#108953799218,425600778,50,Fd7btgySsrjuo25CJCj7oE7VPMyezDhnx7pZkj2v69Nk,Figment,North America,Canada,2,15
20260610-164405#108953799487,425600779,63,Fd7btgySsrjuo25CJCj7oE7VPMyezDhnx7pZkj2v69Nk,Figment,North America,Canada,2,15
20260610-164405#108953799995,425600781,59,CAo1dCGYrB6NhHh5xb1cGjUiu86iyCfMTENxgHumSve4,Kraken 2,North America,United States,1,16
20260610-164405#108953800507,425600783,59,CAo1dCGYrB6NhHh5xb1cGjUiu86iyCfMTENxgHumSve4,Kraken 2,North America,United States,2,15
20260610-164405#108953800730,425600784,26,BuoZ7q6faiJNTN24r7Kcj8dp96axs5XPEKXmWGsh2pDE,,North America,United States,3,14
20260610-164405#108953800979,425600785,19,BuoZ7q6faiJNTN24r7Kcj8dp96axs5XPEKXmWGsh2pDE,,North America,United States,0,17
20260610-164405#108953801246,425600786,30,BuoZ7q6faiJNTN24r7Kcj8dp96axs5XPEKXmWGsh2pDE,,North America,United States,2,15
20260610-164405#108953802040,425600789,56,HLnodbYkL5PFA8hjAZDkm5pGzV7eLTvcs671AW2L6St9,PoH PoS,North America,United States,2,15
20260610-164405#108953803285,425600794,21,Ex1AxFCipXGfSxgvXPPT3nPQUARddCduHwKR6jHiXAaT,,Europe,Netherlands,2,15
20260610-164405#108953803569,425600795,49,Ex1AxFCipXGfSxgvXPPT3nPQUARddCduHwKR6jHiXAaT,,Europe,Netherlands,2,15
20260610-164405#108953804593,425600799,49,CwyVpfmfSiMeCexi3JgUNvaiDfYN14cLDjzT99zcBuD2,Hamsa,Europe,Lithuania,0,17
20260610-164405#108953804845,425600800,45,22rU5yUmdVThrkoPieVNphqEyAtMQKmZxjwcD8v4bJDU,,Europe,Netherlands,3,14
20260610-164405#108953805065,425600801,9,22rU5yUmdVThrkoPieVNphqEyAtMQKmZxjwcD8v4bJDU,,Europe,Netherlands,2,15
20260610-164405#108953806631,425600807,39,8yjHdsCgx3bp2zEwGiWSMgwpFaCSzfYAHT1vk7KJBqhN,JStaking: 0% fee · top returns,Europe,Germany,1,16
20260610-164405#108953807922,425600812,50,FGiEdzde7Fco2WLpNQMat299hUVoykJdaA5hxdmCzHiS,Vnode,North America,United States,3,14
20260610-164405#108953809195,425600817,43,AWcCdYG7Dy6GX45c6QMPbgGwgRZPKcBDT4bXGb3QrVRV,,Europe,Switzerland,3,14
20260610-164405#108953809442,425600818,34,AWcCdYG7Dy6GX45c6QMPbgGwgRZPKcBDT4bXGb3QrVRV,,Europe,Switzerland,0,17
20260610-164405#108953809685,425600819,21,AWcCdYG7Dy6GX45c6QMPbgGwgRZPKcBDT4bXGb3QrVRV,,Europe,Switzerland,2,15
20260610-164405#108953811232,425600825,32,5TGfVQV1S3wHE9hkgGaQkRoPC7xZxiqwMcjQZxVYsf1j,Sanctum,Europe,Germany,3,14
20260610-164405#108953811743,425600827,31,5TGfVQV1S3wHE9hkgGaQkRoPC7xZxiqwMcjQZxVYsf1j,Sanctum,Europe,Germany,0,17
20260610-164405#108953813799,425600835,39,FzQqaDStQQHs52YKeCnDovwSqvyZBCgs2kJcmvoFZwaS,,Asia,Singapore,0,17
20260610-164405#108953814030,425600836,14,7EzbSahSfSjeRexHcNDLDpzHBAGBLjLKtjbmuoQnEtjE,Gate Earn,North America,United States,1,16
20260610-164405#108953816623,425600846,47,DRpbCBMxVnDK7maPM5tGv6MvB3v1sRMC86PZ8okm21hy,binance staking,North America,United States,3,14
20260610-164405#108953820189,425600860,29,HpcB5Qg8Y9E73dUkot5e8HkgAJbExsYeUzniY4bCuKac,,Europe,Lithuania,0,17
20260610-164405#108953821712,425600866,16,DrifTrN923QaouP89UxkQzFGbumKPCnfkNYQRwmZxatz,Drift,Europe,Netherlands,3,14
20260610-164405#108953822520,425600869,56,Hz5aLvpKScNWoe9YZWxBLrQA3qzHJivBGtfciMekk8m5,,Europe,United Kingdom,2,15
20260610-164405#108953823286,425600872,54,GYx8kpp7SsRwtQEEsGQjAxb4hFMMmT91kFJuDeky3YGQ,,Asia,Japan,2,15
20260610-164405#108953823530,425600873,42,GYx8kpp7SsRwtQEEsGQjAxb4hFMMmT91kFJuDeky3YGQ,,Asia,Japan,3,14
20260610-164405#108953824063,425600875,63,GYx8kpp7SsRwtQEEsGQjAxb4hFMMmT91kFJuDeky3YGQ,,Asia,Japan,0,17
20260610-164405#108953824314,425600876,58,9UM8wQ8F5oMiRcP5YdqD6Lr4krpBWCD8LtgQYoisJd9i,,Europe,United Kingdom,2,15
20260610-164405#108953829125,425600895,5,EvnRmnMrd69kFdbLMxWkTn1icZ7DCceRhvmb2SJXqDo4,Everstake,Europe,Germany,3,14
20260610-164405#108953830413,425600900,13,shftkxnsXmqAkmLgz9Mn7bNB5Fr6mKgFc58kFHfVikj,blueshift,Europe,Germany,3,14
20260610-164405#108953830700,425600901,44,shftkxnsXmqAkmLgz9Mn7bNB5Fr6mKgFc58kFHfVikj,blueshift,Europe,Germany,1,16
20260610-164405#108953833243,425600911,27,DRpbCBMxVnDK7maPM5tGv6MvB3v1sRMC86PZ8okm21hy,binance staking,North America,United States,3,14
20260610-164405#108953833740,425600913,12,5EhGYUyQNrxgUbuYF4vbL2SZDT6RMfhq3yjeyevvULeC,,Asia,Japan,1,16
20260610-164405#108953834004,425600914,20,5EhGYUyQNrxgUbuYF4vbL2SZDT6RMfhq3yjeyevvULeC,,Asia,Japan,2,15
20260610-164405#108953836306,425600923,18,HEL1USMZKAL2odpNBj2oCjffnFGaYwmbGmyewGv1e2TU,Helius,Europe,United Kingdom,0,17
20260610-164405#108953837631,425600928,63,DUND26mEDfFeaPsVof3YvbXDRvpuQX7HMUJrLgEWzYw4,,Asia,Japan,2,15
20260610-164405#108953837883,425600929,59,DUND26mEDfFeaPsVof3YvbXDRvpuQX7HMUJrLgEWzYw4,,Asia,Japan,2,15
20260610-164405#108953840419,425600939,35,Ninja1spj6n9t5hVYgF3PdnYz2PLnkt7rvaw3firmjs,Shinobi Systems 🚀 stakeview.app,North America,United States,0,17
20260610-164405#108953840688,425600940,48,FNKgX9dYUhYQFRTM9bkeKoRpsyEtZGNMxbdQLDzfqB8a,Coinbase 04,Europe,Netherlands,2,15
20260610-164405#108953840943,425600941,47,FNKgX9dYUhYQFRTM9bkeKoRpsyEtZGNMxbdQLDzfqB8a,Coinbase 04,Europe,Netherlands,3,14
20260610-164405#108953841420,425600943,12,FNKgX9dYUhYQFRTM9bkeKoRpsyEtZGNMxbdQLDzfqB8a,Coinbase 04,Europe,Netherlands,1,16
20260610-164405#108953841699,425600944,35,9jxgosAfHgHzwnxsHw4RAZYaLVokMbnYtmiZBreynGFP,,Europe,Netherlands,0,17
20260610-164405#108953843225,425600950,25,A1vqhA2fS6K7CvHsJKX1ACcHJFEmyRg4KuR5pctHANy4,,Europe,Netherlands,1,16
20260610-164405#108953847344,425600966,48,6WgdYhhGE53WrZ7ywJA15hBVkw7CRbQ8yDBBTwmBtAHN,Luganodes,Europe,Germany,0,17
20260610-164405#108953848082,425600969,18,A1vqhA2fS6K7CvHsJKX1ACcHJFEmyRg4KuR5pctHANy4,,Europe,Netherlands,1,16
20260610-164405#108953849145,425600973,57,7QQGNm3ptwinipDCyaCF7jY5katgmFUu1ieP2f7nwLpE,,Europe,Lithuania,3,14
20260610-164405#108953849377,425600974,33,7QQGNm3ptwinipDCyaCF7jY5katgmFUu1ieP2f7nwLpE,,Europe,Lithuania,2,15
20260610-164405#108953849616,425600975,16,7QQGNm3ptwinipDCyaCF7jY5katgmFUu1ieP2f7nwLpE,,Europe,Lithuania,3,14
20260610-164405#108953849905,425600976,49,privaEdSEmnMPGPoQACUkcDGkFBbTArVvsEGd7C5wUM,,Europe,Germany,1,16
20260610-164405#108953850430,425600978,62,privaEdSEmnMPGPoQACUkcDGkFBbTArVvsEGd7C5wUM,,Europe,Germany,2,15
20260610-164405#108953850670,425600979,46,privaEdSEmnMPGPoQACUkcDGkFBbTArVvsEGd7C5wUM,,Europe,Germany,1,16
20260610-164405#108953850881,425600980,1,9jxgosAfHgHzwnxsHw4RAZYaLVokMbnYtmiZBreynGFP,,Europe,Netherlands,3,14
20260610-164405#108953851157,425600981,21,9jxgosAfHgHzwnxsHw4RAZYaLVokMbnYtmiZBreynGFP,,Europe,Netherlands,2,15
20260610-164405#108953853711,425600991,15,shftkxnsXmqAkmLgz9Mn7bNB5Fr6mKgFc58kFHfVikj,blueshift,Europe,Germany,3,14
20260610-164405#108953853972,425600992,20,2GUnfxZavKoPfS9s3VSEjaWDzB3vNf5RojUhprCS1rSx,,Asia,Japan,2,15
20260610-164405#108953854223,425600993,15,2GUnfxZavKoPfS9s3VSEjaWDzB3vNf5RojUhprCS1rSx,,Asia,Japan,1,16
20260610-164405#108953855005,425600996,29,Awes4Tr6TX8JDzEhCZY2QVNimT6iD1zWHzf1vNyGvpLM,Staking Facilities | MEV 🔥,Europe,Germany,0,17
20260610-164405#108953855281,425600997,49,Awes4Tr6TX8JDzEhCZY2QVNimT6iD1zWHzf1vNyGvpLM,Staking Facilities | MEV 🔥,Europe,Germany,3,14
20260610-164405#108953855497,425600998,9,Awes4Tr6TX8JDzEhCZY2QVNimT6iD1zWHzf1vNyGvpLM,Staking Facilities | MEV 🔥,Europe,Germany,2,15
20260610-164405#108953856038,425601000,38,FwnWx7x99rGwLmipzz8ii15NqcHkKRo2oS1Y7j6LivgZ,Prompt Logic,Asia,Japan,0,17
20260610-164405#108953857323,425601005,43,JupmVLmA8RoyTUbTMMuTtoPWHEiNQobxgTeGTrPNkzT,Jupiter,Europe,Germany,3,14
20260610-164405#108953857844,425601007,52,JupmVLmA8RoyTUbTMMuTtoPWHEiNQobxgTeGTrPNkzT,Jupiter,Europe,Germany,2,15
20260610-164405#108953860865,425601019,1,Certusm1sa411sMpV9FPqU5dXAYhmmhygvxJ23S6hJ24,Asymmetric Research,Europe,Netherlands,3,14
20260610-164405#108953864507,425601033,59,58KprHKFNHgH1Cvo4QwxWkDeJNaSQVteCoAAFUWjtESn,Flash,Europe,Lithuania,3,14
20260610-164405#108953864979,425601035,19,58KprHKFNHgH1Cvo4QwxWkDeJNaSQVteCoAAFUWjtESn,Flash,Europe,Lithuania,3,14
20260610-164405#108953866527,425601041,31,5Cchr1XGEg7dbBXByV5NY2ad8jfxAM7HA3x8D56rq9Ux,Upbit Staking,North America,United States,3,14
20260610-164405#108953866763,425601042,11,5Cchr1XGEg7dbBXByV5NY2ad8jfxAM7HA3x8D56rq9Ux,Upbit Staking,North America,United States,3,14
20260610-164405#108953869093,425601051,37,GoeW4aFK4dGoekJySgUynWDxBZiQJqm8GDAF4H53tDK9,Twinstake,North America,,1,16
20260610-164405#108953874462,425601072,30,EvnRmnMrd69kFdbLMxWkTn1icZ7DCceRhvmb2SJXqDo4,Everstake,Europe,Germany,2,15
20260610-164405#108953887260,425601122,28,Fd7btgySsrjuo25CJCj7oE7VPMyezDhnx7pZkj2v69Nk,Figment,North America,Canada,2,15
20260610-164405#108953888809,425601128,41,7QQGNm3ptwinipDCyaCF7jY5katgmFUu1ieP2f7nwLpE,,Europe,Lithuania,0,17
20260610-164405#108953889328,425601130,48,7QQGNm3ptwinipDCyaCF7jY5katgmFUu1ieP2f7nwLpE,,Europe,Lithuania,2,15
20260610-164405#108953890084,425601133,36,E1r4Psq84tHfQ6aPTvvDka4U3u8zPVD7gEUrH25RdxHL,Bitwise Onchain Solutions,Europe,Germany,3,14
20260610-164405#108953890330,425601134,26,E1r4Psq84tHfQ6aPTvvDka4U3u8zPVD7gEUrH25RdxHL,Bitwise Onchain Solutions,Europe,Germany,2,15
20260610-164405#108953890575,425601135,15,E1r4Psq84tHfQ6aPTvvDka4U3u8zPVD7gEUrH25RdxHL,Bitwise Onchain Solutions,Europe,Germany,3,14
20260610-164405#108953890865,425601136,49,8W8v28d1fBZE1fkaaHbowJM4hGZGnVHWNK1NyhUsob6Z,Michigan Blockchain,Europe,Germany,0,17
20260610-164405#108953891648,425601139,64,8W8v28d1fBZE1fkaaHbowJM4hGZGnVHWNK1NyhUsob6Z,Michigan Blockchain,Europe,Germany,3,14
20260610-164405#108953891856,425601140,16,A1vqhA2fS6K7CvHsJKX1ACcHJFEmyRg4KuR5pctHANy4,,Europe,Netherlands,1,16
20260610-164405#108953892099,425601141,3,A1vqhA2fS6K7CvHsJKX1ACcHJFEmyRg4KuR5pctHANy4,,Europe,Netherlands,2,15
20260610-164405#108953892923,425601144,59,E5UXkzUxqEXpeDf3WsrMZHTs2ZSSBpAz7G4hpGwgRGDT,QubitNexus,Europe,Germany,2,15
20260610-164405#108953893427,425601146,51,E5UXkzUxqEXpeDf3WsrMZHTs2ZSSBpAz7G4hpGwgRGDT,QubitNexus,Europe,Germany,0,17
20260610-164405#108953895703,425601155,23,5RvfTSowms7BTYaBj8SxVjj7ELAAKdQadKsuNpmBAwCs,,Europe,Germany,3,14
20260610-164405#108953895943,425601156,7,DNVZMSqeRH18Xa4MCTrb1MndNf3Npg4MEwqswo23eWkf,Firedancer Development,Europe,Germany,2,15
20260610-164405#108953896509,425601158,61,DNVZMSqeRH18Xa4MCTrb1MndNf3Npg4MEwqswo23eWkf,Firedancer Development,Europe,Germany,1,16
20260610-164405#108953896742,425601159,38,DNVZMSqeRH18Xa4MCTrb1MndNf3Npg4MEwqswo23eWkf,Firedancer Development,Europe,Germany,3,14
20260610-164405#108953897477,425601162,5,JupmVLmA8RoyTUbTMMuTtoPWHEiNQobxgTeGTrPNkzT,Jupiter,Europe,Germany,0,17
20260610-164405#108953899060,425601168,52,9iFPQbP1jGkj67sXg6YLLGRUBVEDMcapdS6jmCZSnz8R,,Europe,Germany,3,14
20260610-164405#108953899313,425601169,49,9iFPQbP1jGkj67sXg6YLLGRUBVEDMcapdS6jmCZSnz8R,,Europe,Germany,2,15
20260610-164405#108953900047,425601172,15,BuoZ7q6faiJNTN24r7Kcj8dp96axs5XPEKXmWGsh2pDE,,North America,United States,1,16
20260610-164405#108953900303,425601173,15,BuoZ7q6faiJNTN24r7Kcj8dp96axs5XPEKXmWGsh2pDE,,North America,United States,0,17
20260610-164405#108953901090,425601176,34,GBQ2GvTzmjXMu97dr7WUnLKYTNim1aoZsYS53KYXAAAA,Bitwise Onchain Solutions | Jito BAM,Europe,Netherlands,1,16
20260610-164405#108953903627,425601186,11,FNKgX9dYUhYQFRTM9bkeKoRpsyEtZGNMxbdQLDzfqB8a,Coinbase 04,Europe,Netherlands,1,16
20260610-164405#108953903875,425601187,3,FNKgX9dYUhYQFRTM9bkeKoRpsyEtZGNMxbdQLDzfqB8a,Coinbase 04,Europe,Netherlands,0,17
20260610-164405#108953904135,425601188,7,J6etcxDdYjPHrtyvDXrbCkx3q9W1UjMj1vy1jBFPJEbK,,North America,United States,2,15
20260610-164405#108953904950,425601191,54,J6etcxDdYjPHrtyvDXrbCkx3q9W1UjMj1vy1jBFPJEbK,,North America,United States,0,17
20260610-164405#108953905158,425601192,6,G2TBEh2ahNGS9tGnuBNyDduNjyfUtGhMcssgRb8b6KfH,AG 0% fee + ALL MEV profit share,Europe,Germany,2,15
20260610-164405#108953905937,425601195,17,G2TBEh2ahNGS9tGnuBNyDduNjyfUtGhMcssgRb8b6KfH,AG 0% fee + ALL MEV profit share,Europe,Germany,3,14
20260610-164405#108953906220,425601196,44,6WgdYhhGE53WrZ7ywJA15hBVkw7CRbQ8yDBBTwmBtAHN,Luganodes,Europe,Germany,2,15
20260610-164405#108953906701,425601198,13,6WgdYhhGE53WrZ7ywJA15hBVkw7CRbQ8yDBBTwmBtAHN,Luganodes,Europe,Germany,1,16
20260610-164405#108953912344,425601220,24,EkvdKhULbMFqjKBKotAzGi3kwMvMpYNDKJXXQQmi6C1f,,Europe,Netherlands,1,16
20260610-164405#108953915179,425601231,43,43Am3PKFeo9cACpqYL5Sk95rpVdxLw3Mc22PqRqZXEW2,Titan Analytics,Asia,Japan,3,14
20260610-164405#108953919532,425601248,44,EXckihF3qmguH5znjhfzLvHsbk2E3nEW2DqNh4MMnDMm,,Europe,Germany,1,16
20260610-164405#108953920276,425601251,20,EXckihF3qmguH5znjhfzLvHsbk2E3nEW2DqNh4MMnDMm,,Europe,Germany,0,17
20260610-164405#108953921821,425601257,29,6XKqyUVUcpe3CNucjF6gk5zonJDqNGvob6kaTy4Ps1U,Solana Mobile Validator,North America,United States,1,16
20260610-164405#108953922050,425601258,2,6XKqyUVUcpe3CNucjF6gk5zonJDqNGvob6kaTy4Ps1U,Solana Mobile Validator,North America,United States,2,15
20260610-164405#108953924151,425601266,55,5Cchr1XGEg7dbBXByV5NY2ad8jfxAM7HA3x8D56rq9Ux,Upbit Staking,North America,United States,3,14
20260610-164405#108953926146,425601274,2,EXckihF3qmguH5znjhfzLvHsbk2E3nEW2DqNh4MMnDMm,,Europe,Germany,3,14
20260610-164405#108953927174,425601278,6,CPcDFHCAKkr5Kp9T5aQWJhXV5J6iFj141NMQ87L6poPL,,Europe,Netherlands,3,14
20260610-164405#108953927967,425601281,31,3JotfSFPaod4KVK7nj7ULvcq5PjUBdZNVGracNkJNhrt,,Europe,Germany,2,15
20260610-164405#108953928717,425601284,13,shftkxnsXmqAkmLgz9Mn7bNB5Fr6mKgFc58kFHfVikj,blueshift,Europe,Germany,2,15
20260610-164405#108953934095,425601305,15,Fd7btgySsrjuo25CJCj7oE7VPMyezDhnx7pZkj2v69Nk,Figment,North America,Canada,2,15
20260610-164405#108953935137,425601309,33,FugJZepeGfh1Ruunhep19JC4F3Hr2FL3oKUMezoK8ajp,Temporal Topaz,North America,United States,3,14
20260610-164405#108953936436,425601314,52,Awes4Tr6TX8JDzEhCZY2QVNimT6iD1zWHzf1vNyGvpLM,Staking Facilities | MEV 🔥,Europe,Germany,2,15
20260610-164405#108953938710,425601323,22,8tjFeSApQ85ThoQXT28acfF2KUfQr3TvTdirSkzNnYC7,,North America,Canada,2,15
20260610-164405#108953939261,425601325,61,5pPRHniefFjkiaArbGX3Y8NUysJmQ9tMZg3FrFGwHzSm,Kiln1,Europe,Netherlands,2,15
20260610-164405#108953940031,425601328,63,q9XWcZ7T1wP4bW9SB4XgNNwjnFEJ982nE8aVbbNuwot,Ledger by Figment,Europe,Germany,2,15
20260610-164405#108953941303,425601333,55,9jxgosAfHgHzwnxsHw4RAZYaLVokMbnYtmiZBreynGFP,,Europe,Netherlands,2,15
20260610-164405#108953941777,425601335,17,9jxgosAfHgHzwnxsHw4RAZYaLVokMbnYtmiZBreynGFP,,Europe,Netherlands,1,16
20260610-164405#108953950001,425601367,49,krakeNd6ednDPEXxHAmoBs1qKVM8kLg79PvWF2mhXV1,Kraken,North America,United States,0,17
20260610-164405#108953954595,425601385,35,7QQGNm3ptwinipDCyaCF7jY5katgmFUu1ieP2f7nwLpE,,Europe,Lithuania,2,15
20260610-164405#108953954827,425601386,11,7QQGNm3ptwinipDCyaCF7jY5katgmFUu1ieP2f7nwLpE,,Europe,Lithuania,3,14
20260610-164405#108953956368,425601392,16,9eGrDohdNTAo61DRHyfMuqKWXqYnA3i254Wiszxe8FoY,Galaxy,North America,United States,2,15
20260610-164405#108953957389,425601396,13,BuoZ7q6faiJNTN24r7Kcj8dp96axs5XPEKXmWGsh2pDE,,North America,United States,0,17
20260610-164405#108953957644,425601397,12,BuoZ7q6faiJNTN24r7Kcj8dp96axs5XPEKXmWGsh2pDE,,North America,United States,1,16
20260610-164405#108953957934,425601398,46,BuoZ7q6faiJNTN24r7Kcj8dp96axs5XPEKXmWGsh2pDE,,North America,United States,1,16
20260610-164405#108953959722,425601405,42,DTSUkYHd2e9P2HLyZfbLarsbDdPhQUhZnWjRYuJZQRC8,Temporal Emerald,Europe,Netherlands,3,14
20260610-164405#108953959947,425601406,11,DTSUkYHd2e9P2HLyZfbLarsbDdPhQUhZnWjRYuJZQRC8,Temporal Emerald,Europe,Netherlands,2,15
20260610-164405#108953960216,425601407,24,DTSUkYHd2e9P2HLyZfbLarsbDdPhQUhZnWjRYuJZQRC8,Temporal Emerald,Europe,Netherlands,3,14
20260610-164405#108953960721,425601409,17,9W3QTgBhkU4Bwg6cwnDJo6eGZ9BtZafSdu1Lo9JmWws7,Coinbase 03,Asia,Japan,3,14
20260610-164405#108953963577,425601420,57,BiGcsiuFCLuiTzXoQgfLdge9sfpwr55YzdT8Kp7bCXmS,,Europe,Netherlands,2,15
20260610-164405#108953965827,425601429,3,q9XWcZ7T1wP4bW9SB4XgNNwjnFEJ982nE8aVbbNuwot,Ledger by Figment,Europe,Germany,1,16
20260610-164405#108953967901,425601437,29,DrifTrN923QaouP89UxkQzFGbumKPCnfkNYQRwmZxatz,Drift,Europe,Netherlands,3,14
20260610-164405#108953968159,425601438,31,DrifTrN923QaouP89UxkQzFGbumKPCnfkNYQRwmZxatz,Drift,Europe,Netherlands,2,15
20260610-164405#108953976112,425601469,48,FBKFWadXZJahGtFitAsBvbqh5968gLY7dMBBJUoUjeNi,,Europe,Ireland,2,15
20260610-164405#108953976603,425601471,27,FBKFWadXZJahGtFitAsBvbqh5968gLY7dMBBJUoUjeNi,,Europe,Ireland,0,17
20260610-164405#108953977394,425601474,50,Ex1AxFCipXGfSxgvXPPT3nPQUARddCduHwKR6jHiXAaT,,Europe,Netherlands,2,15
20260610-164405#108953982002,425601492,50,5Cchr1XGEg7dbBXByV5NY2ad8jfxAM7HA3x8D56rq9Ux,Upbit Staking,North America,United States,2,15
20260610-164405#108953983497,425601498,9,privaEdSEmnMPGPoQACUkcDGkFBbTArVvsEGd7C5wUM,,Europe,Germany,3,14
20260610-164405#108953983806,425601499,62,privaEdSEmnMPGPoQACUkcDGkFBbTArVvsEGd7C5wUM,,Europe,Germany,0,17
20260610-164405#108953986366,425601509,62,5EhGYUyQNrxgUbuYF4vbL2SZDT6RMfhq3yjeyevvULeC,,Asia,Japan,1,16
20260610-164405#108953986585,425601510,25,5EhGYUyQNrxgUbuYF4vbL2SZDT6RMfhq3yjeyevvULeC,,Asia,Japan,3,14
20260610-164405#108953988373,425601517,21,9jxgosAfHgHzwnxsHw4RAZYaLVokMbnYtmiZBreynGFP,,Europe,Netherlands,2,15
20260610-164405#108953990670,425601526,14,FbYX2uN573G5WsgiPdHU6fS5PNUyjdXfGfpZNkYUuT4k,,Europe,Sweden,3,14
20260610-164405#108953992705,425601534,1,Fb77sbwgXmtjmkjkaoSckGp5yg3nqdtD8zf1dyxxiCSf,GXFC Validator,Europe,Netherlands,3,14
20260610-164405#108953993748,425601538,20,9rkJMARqK6VBkcxGfKBAwnA44gPAfGxPbPsfsggFNDSQ,,Europe,Germany,1,16
20260610-164405#108953994269,425601540,29,2GUnfxZavKoPfS9s3VSEjaWDzB3vNf5RojUhprCS1rSx,,Asia,Japan,2,15
20260610-164405#108953996840,425601550,40,5ejbTALcBsKQ7Cj1iSuu2mY5jqbYHqh9gF5ERXLiYj1z,,Europe,Lithuania,2,15
20260610-164405#108953999900,425601562,28,DRpbCBMxVnDK7maPM5tGv6MvB3v1sRMC86PZ8okm21hy,binance staking,North America,United States,3,14
20260610-164405#108954000694,425601565,54,CW9C7HBwAMgqNdXkNgFg9Ujr3edR2Ab9ymEuQnVacd1A,Coinbase 02,Europe,United Kingdom,2,15
20260610-164405#108954000910,425601566,14,CW9C7HBwAMgqNdXkNgFg9Ujr3edR2Ab9ymEuQnVacd1A,Coinbase 02,Europe,United Kingdom,1,16
20260610-164405#108954001688,425601569,24,JupmVLmA8RoyTUbTMMuTtoPWHEiNQobxgTeGTrPNkzT,Jupiter,Europe,Germany,0,17
20260610-164405#108954002185,425601571,9,JupmVLmA8RoyTUbTMMuTtoPWHEiNQobxgTeGTrPNkzT,Jupiter,Europe,Germany,2,15
20260610-164405#108954002453,425601572,21,HTeRsa3gm3CGrizMoCrtWj4uBZ1NKYcGqh8jfBu2u3Jo,,Europe,United Kingdom,3,14
20260610-164405#108954002986,425601574,42,HTeRsa3gm3CGrizMoCrtWj4uBZ1NKYcGqh8jfBu2u3Jo,,Europe,United Kingdom,0,17
20260610-164405#108954007056,425601590,16,22rU5yUmdVThrkoPieVNphqEyAtMQKmZxjwcD8v4bJDU,,Europe,Netherlands,1,16
20260610-164405#108954008381,425601595,61,3psxMyr7rQzywVp1MXKd1XFmFz33NjydzCoJx9t2sMQW,OtterSec,North America,United States,2,15
20260610-164405#108954013699,425601616,3,76rcGHdPvgs8G1XrzCXUTWtwgT59AFDvpB4VbTS2TBBJ,,Europe,Netherlands,2,15
20260610-164405#108954013971,425601617,19,76rcGHdPvgs8G1XrzCXUTWtwgT59AFDvpB4VbTS2TBBJ,,Europe,Netherlands,3,14
20260610-164405#108954014238,425601618,30,76rcGHdPvgs8G1XrzCXUTWtwgT59AFDvpB4VbTS2TBBJ,,Europe,Netherlands,2,15
20260610-164405#108954015531,425601623,43,q9XWcZ7T1wP4bW9SB4XgNNwjnFEJ982nE8aVbbNuwot,Ledger by Figment,Europe,Germany,0,17
20260610-164405#108954018057,425601633,9,FBKFWadXZJahGtFitAsBvbqh5968gLY7dMBBJUoUjeNi,,Europe,Ireland,2,15
20260610-164405#108954018351,425601634,47,FBKFWadXZJahGtFitAsBvbqh5968gLY7dMBBJUoUjeNi,,Europe,Ireland,2,15
20260610-164405#108954018564,425601635,4,FBKFWadXZJahGtFitAsBvbqh5968gLY7dMBBJUoUjeNi,,Europe,Ireland,2,15
20260610-164405#108954019090,425601637,18,7y5VhV4fkz6r4zUmH2UiwPjLwXzPL1PcV28or5NWkWRL,Haus – Best APY & No Fees,Europe,Germany,3,14
20260610-164405#108954020659,425601643,51,EvnRmnMrd69kFdbLMxWkTn1icZ7DCceRhvmb2SJXqDo4,Everstake,Europe,Germany,2,15
20260610-164405#108954020896,425601644,32,PKdLMugp1Mf88Ji1GkdqRDBewaUh2cqg79CBEo6eJoQ,PK,Europe,France,0,17
20260610-164405#108954022443,425601650,43,22rU5yUmdVThrkoPieVNphqEyAtMQKmZxjwcD8v4bJDU,,Europe,Netherlands,3,14
20260610-164405#108954022702,425601651,46,22rU5yUmdVThrkoPieVNphqEyAtMQKmZxjwcD8v4bJDU,,Europe,Netherlands,2,15
20260610-164405#108954023178,425601653,10,privaEdSEmnMPGPoQACUkcDGkFBbTArVvsEGd7C5wUM,,Europe,Germany,0,17
20260610-164405#108954024230,425601657,38,5Cchr1XGEg7dbBXByV5NY2ad8jfxAM7HA3x8D56rq9Ux,Upbit Staking,North America,United States,0,17
20260610-164405#108954026039,425601664,55,9eGrDohdNTAo61DRHyfMuqKWXqYnA3i254Wiszxe8FoY,Galaxy,North America,United States,1,16
20260610-164405#108954026523,425601666,27,9eGrDohdNTAo61DRHyfMuqKWXqYnA3i254Wiszxe8FoY,Galaxy,North America,United States,0,17
20260610-164405#108954026800,425601667,48,9eGrDohdNTAo61DRHyfMuqKWXqYnA3i254Wiszxe8FoY,Galaxy,North America,United States,0,17
20260610-164405#108954028037,425601672,5,AqyRvpjjSN6jWYPxijoJwhmKwJFk6fRYDh9fQZHcJ2o7,STSS Validator,Europe,Germany,3,14
20260610-164405#108954028332,425601673,44,AqyRvpjjSN6jWYPxijoJwhmKwJFk6fRYDh9fQZHcJ2o7,STSS Validator,Europe,Germany,2,15
20260610-164405#108954029620,425601678,52,Fd7btgySsrjuo25CJCj7oE7VPMyezDhnx7pZkj2v69Nk,Figment,North America,Canada,1,16
20260610-164405#108954030351,425601681,15,CAo1dCGYrB6NhHh5xb1cGjUiu86iyCfMTENxgHumSve4,Kraken 2,North America,United States,0,17
20260610-164405#108954030859,425601683,11,CAo1dCGYrB6NhHh5xb1cGjUiu86iyCfMTENxgHumSve4,Kraken 2,North America,United States,3,14
20260610-164405#108954031916,425601687,44,Awes4Tr6TX8JDzEhCZY2QVNimT6iD1zWHzf1vNyGvpLM,Staking Facilities | MEV 🔥,Europe,Germany,3,14
20260610-164405#108954032448,425601689,64,HEL1USMZKAL2odpNBj2oCjffnFGaYwmbGmyewGv1e2TU,Helius,Europe,United Kingdom,3,14
20260610-164405#108954032659,425601690,19,HEL1USMZKAL2odpNBj2oCjffnFGaYwmbGmyewGv1e2TU,Helius,Europe,United Kingdom,2,15
20260610-164405#108954033468,425601693,60,7QQGNm3ptwinipDCyaCF7jY5katgmFUu1ieP2f7nwLpE,,Europe,Lithuania,2,15
20260610-164405#108954035995,425601703,27,EvnRmnMrd69kFdbLMxWkTn1icZ7DCceRhvmb2SJXqDo4,Everstake,Europe,Germany,1,16
20260610-164405#108954038323,425601712,51,A1vqhA2fS6K7CvHsJKX1ACcHJFEmyRg4KuR5pctHANy4,,Europe,Netherlands,2,15
20260610-164405#108954038571,425601713,43,A1vqhA2fS6K7CvHsJKX1ACcHJFEmyRg4KuR5pctHANy4,,Europe,Netherlands,0,17
20260610-164405#108954041869,425601726,13,CMPSSdrTnRQBiBGTyFpdCc3VMNuLWYWaSkE8Zh5z6gbd,Solana Compass 🧭 Solana For The People,Asia,Japan,2,15
20260610-164405#108954043155,425601731,19,HH5dA42XF1HxNk1TRpG6LuKfLViMYNdAz5iWrFM4hWFi,Trust Nodes,Europe,Netherlands,2,15
20260610-164405#108954056965,425601785,5,J6etcxDdYjPHrtyvDXrbCkx3q9W1UjMj1vy1jBFPJEbK,,North America,United States,0,17
20260610-164405#108954061085,425601801,29,FNKgX9dYUhYQFRTM9bkeKoRpsyEtZGNMxbdQLDzfqB8a,Coinbase 04,Europe,Netherlands,3,14
20260610-164405#108954061591,425601803,23,FNKgX9dYUhYQFRTM9bkeKoRpsyEtZGNMxbdQLDzfqB8a,Coinbase 04,Europe,Netherlands,0,17
20260610-164405#108954062857,425601808,9,5TGfVQV1S3wHE9hkgGaQkRoPC7xZxiqwMcjQZxVYsf1j,Sanctum,Europe,Germany,3,14
20260610-164405#108954070566,425601838,38,7QQGNm3ptwinipDCyaCF7jY5katgmFUu1ieP2f7nwLpE,,Europe,Lithuania,2,15
20260610-164405#108954071819,425601843,11,GSTampk6BJRKSDkzhaMM49R7qRx98MTPYYWvKbp83XKc,,Europe,Netherlands,3,14
20260610-164405#108954073149,425601848,61,2mMGsb5uy1Q4Dvezr8HK2E8SJoChcb2X7b61tJPaVHHd,Chainflow,Europe,Sweden,0,17
20260610-164405#108954073361,425601849,17,2mMGsb5uy1Q4Dvezr8HK2E8SJoChcb2X7b61tJPaVHHd,Chainflow,Europe,Sweden,3,14
20260610-164405#108954073631,425601850,31,2mMGsb5uy1Q4Dvezr8HK2E8SJoChcb2X7b61tJPaVHHd,Chainflow,Europe,Sweden,2,15
20260610-164405#108954074151,425601852,39,7QQGNm3ptwinipDCyaCF7jY5katgmFUu1ieP2f7nwLpE,,Europe,Lithuania,1,16
20260610-164405#108954076705,425601862,33,q9XWcZ7T1wP4bW9SB4XgNNwjnFEJ982nE8aVbbNuwot,Ledger by Figment,Europe,Germany,3,14
20260610-164405#108954082594,425601885,34,9jxgosAfHgHzwnxsHw4RAZYaLVokMbnYtmiZBreynGFP,,Europe,Netherlands,3,14
20260610-164405#108954082873,425601886,57,9jxgosAfHgHzwnxsHw4RAZYaLVokMbnYtmiZBreynGFP,,Europe,Netherlands,2,15
20260610-164405#108954085660,425601897,28,JupmVLmA8RoyTUbTMMuTtoPWHEiNQobxgTeGTrPNkzT,Jupiter,Europe,Germany,3,14
20260610-164405#108954087452,425601904,28,CaveyttUBTKttncu1e4RF814XjuoGfYv8cEsiKGDNCPX,Cavey Cool,North America,United States,2,15
20260610-164405#108954088759,425601909,55,E1r4Psq84tHfQ6aPTvvDka4U3u8zPVD7gEUrH25RdxHL,Bitwise Onchain Solutions,Europe,Germany,3,14
20260610-164405#108954089481,425601912,9,FBKFWadXZJahGtFitAsBvbqh5968gLY7dMBBJUoUjeNi,,Europe,Ireland,1,16
20260610-164405#108954093328,425601927,16,9eGrDohdNTAo61DRHyfMuqKWXqYnA3i254Wiszxe8FoY,Galaxy,North America,United States,1,16
20260610-164405#108954094633,425601932,41,JD549HsbJHeEKKUrKgg4Fj2iyv2RGjsV7NTZjZUrHybB,Forward Industries,North America,United States,1,16
20260610-164405#108954095156,425601934,52,JD549HsbJHeEKKUrKgg4Fj2iyv2RGjsV7NTZjZUrHybB,Forward Industries,North America,United States,2,15
20260610-164405#108954096664,425601940,24,HEL1USMZKAL2odpNBj2oCjffnFGaYwmbGmyewGv1e2TU,Helius,Europe,United Kingdom,1,16
20260610-164405#108954098226,425601946,50,HnfPZDrbJFooiP9vvgWrjx3baXVNAZCgisT58gyMCgML,,Asia,Singapore,3,14
20260610-164405#108954103854,425601968,46,EkvdKhULbMFqjKBKotAzGi3kwMvMpYNDKJXXQQmi6C1f,,Europe,Netherlands,2,15
20260610-164405#108954104581,425601971,5,EkvdKhULbMFqjKBKotAzGi3kwMvMpYNDKJXXQQmi6C1f,,Europe,Netherlands,0,17
20260610-164405#108954105373,425601974,29,DTSUkYHd2e9P2HLyZfbLarsbDdPhQUhZnWjRYuJZQRC8,Temporal Emerald,Europe,Netherlands,2,15
20260610-164405#108954105662,425601975,62,DTSUkYHd2e9P2HLyZfbLarsbDdPhQUhZnWjRYuJZQRC8,Temporal Emerald,Europe,Netherlands,0,17
20260610-164405#108954108988,425601988,60,7VZM7YHcX73TpGoXDeBu61g4QKC86GwAEnew8dA7Y2xn,BLOCKSIZE,Europe,Germany,2,15
20260610-164405#108954110223,425601993,15,EkvdKhULbMFqjKBKotAzGi3kwMvMpYNDKJXXQQmi6C1f,,Europe,Netherlands,3,14
20260610-164405#108954112011,425602000,11,5ZqveVffQPiUbkjBg4KD9kib1MKHLqiFno4ke9jSq9qk,,Europe,Germany,3,14
20260610-164405#108954114061,425602008,13,7qGNnXKW1e3DsqEaSxwxMdBTFsrK73XtWTmkGitRyMQc,Alchemy,Asia,Singapore,3,14
20260610-164405#108954116138,425602016,42,SyndicAgdEphcy5xhAKZAomTYhcF8xhC7za2UD9xeug,Syndica,Europe,United Kingdom,3,14
20260610-164405#108954119982,425602031,46,FdH9QEQBxPQfaF2JpcjgdfcMnDb7rjZkCDRCWLRjTQwj,Solana Ukraine 🇺🇦,Europe,Germany,2,15
20260610-164405#108954120988,425602035,28,GQzMeEMwAR44ugoNCifTb5NdRKos1GduDUPeNh6AgV46,,Asia,Japan,0,17
20260610-164405#108954122010,425602039,26,5RvfTSowms7BTYaBj8SxVjj7ELAAKdQadKsuNpmBAwCs,,Europe,Germany,3,14
20260610-164405#108954127406,425602060,46,FBbqKvwLfKGZrKrfSbPJz4ymQ7zMarhRyZtu1RBkSe89,,North America,United States,0,17
20260610-164405#108954128154,425602063,26,FBbqKvwLfKGZrKrfSbPJz4ymQ7zMarhRyZtu1RBkSe89,,North America,United States,0,17
20260610-164405#108954133781,425602085,21,4GEEKSwuiBHWTff9WaqrDcToZjbX6KYdyB4c578Zxse2,Sol4Geeks,North America,United States,2,15
20260610-164405#108954134080,425602086,64,4GEEKSwuiBHWTff9WaqrDcToZjbX6KYdyB4c578Zxse2,Sol4Geeks,North America,United States,2,15
20260610-164405#108954134532,425602088,4,CAo1dCGYrB6NhHh5xb1cGjUiu86iyCfMTENxgHumSve4,Kraken 2,North America,United States,1,16
20260610-164405#108954134789,425602089,5,CAo1dCGYrB6NhHh5xb1cGjUiu86iyCfMTENxgHumSve4,Kraken 2,North America,United States,2,15
20260610-164405#108954135317,425602091,21,CAo1dCGYrB6NhHh5xb1cGjUiu86iyCfMTENxgHumSve4,Kraken 2,North America,United States,3,14
20260610-164405#108954136107,425602094,43,Fc6NNdS2j3EmrWbU6Uqt6wsKB5ef72NjaWfNxKYbULGD,OKX Earn,Asia,Singapore,1,16
20260610-164405#108954136358,425602095,38,Fc6NNdS2j3EmrWbU6Uqt6wsKB5ef72NjaWfNxKYbULGD,OKX Earn,Asia,Singapore,3,14
20260610-164405#108954140423,425602111,7,J6etcxDdYjPHrtyvDXrbCkx3q9W1UjMj1vy1jBFPJEbK,,North America,United States,3,14
20260610-164405#108954141736,425602116,40,FNKgX9dYUhYQFRTM9bkeKoRpsyEtZGNMxbdQLDzfqB8a,Coinbase 04,Europe,Netherlands,0,17
20260610-164405#108954142489,425602119,25,FNKgX9dYUhYQFRTM9bkeKoRpsyEtZGNMxbdQLDzfqB8a,Coinbase 04,Europe,Netherlands,1,16
20260610-164405#108954142998,425602121,22,CAo1dCGYrB6NhHh5xb1cGjUiu86iyCfMTENxgHumSve4,Kraken 2,North America,United States,3,14
20260610-164405#108954144791,425602128,23,J6etcxDdYjPHrtyvDXrbCkx3q9W1UjMj1vy1jBFPJEbK,,North America,United States,2,15
20260610-164405#108954145086,425602129,62,J6etcxDdYjPHrtyvDXrbCkx3q9W1UjMj1vy1jBFPJEbK,,North America,United States,2,15
20260610-164405#108954145827,425602132,35,HEL1USMZKAL2odpNBj2oCjffnFGaYwmbGmyewGv1e2TU,Helius,Europe,United Kingdom,3,14
20260610-164405#108954146103,425602133,55,HEL1USMZKAL2odpNBj2oCjffnFGaYwmbGmyewGv1e2TU,Helius,Europe,United Kingdom,2,15
20260610-164405#108954147370,425602138,42,EUcJwf7jXskRE6NZBtFPVH2EedNvNYko8LL2WT62XctB,StakeBowl,Europe,Germany,1,16
20260610-164405#108954147872,425602140,32,EkvdKhULbMFqjKBKotAzGi3kwMvMpYNDKJXXQQmi6C1f,,Europe,Netherlands,2,15
20260610-164405#108954148134,425602141,38,EkvdKhULbMFqjKBKotAzGi3kwMvMpYNDKJXXQQmi6C1f,,Europe,Netherlands,0,17
20260610-164405#108954148616,425602143,8,EkvdKhULbMFqjKBKotAzGi3kwMvMpYNDKJXXQQmi6C1f,,Europe,Netherlands,3,14
20260610-164405#108954149391,425602146,15,sTEAKPk59EtPPbixCweyv6oRLNCDEE8pnnef6gUfbiW,STEAK.NET 🥩,Europe,Germany,3,14
20260610-164405#108954152737,425602159,33,5pPRHniefFjkiaArbGX3Y8NUysJmQ9tMZg3FrFGwHzSm,Kiln1,Europe,Netherlands,2,15
20260610-164405#108954156333,425602173,45,3tzpLMWRkWucvTRWU5PjgKzN1iwJuV69yCCjmuuo4gTk,TruFin by Twinstake,Europe,United Kingdom,2,15
20260610-164405#108954156545,425602174,1,3tzpLMWRkWucvTRWU5PjgKzN1iwJuV69yCCjmuuo4gTk,TruFin by Twinstake,Europe,United Kingdom,2,15
20260610-164405#108954160658,425602190,18,5Cchr1XGEg7dbBXByV5NY2ad8jfxAM7HA3x8D56rq9Ux,Upbit Staking,North America,United States,3,14
20260610-164405#108954162707,425602198,19,5pPRHniefFjkiaArbGX3Y8NUysJmQ9tMZg3FrFGwHzSm,Kiln1,Europe,Netherlands,2,15
20260610-164405#108954163731,425602202,19,7cVfgArCheMR6Cs4t6vz5rfnqd56vZq4ndaBrY5xkxXy,Blockdaemon 🧱👿 Validator,Europe,Netherlands,2,15
20260610-164405#108954163979,425602203,11,7cVfgArCheMR6Cs4t6vz5rfnqd56vZq4ndaBrY5xkxXy,Blockdaemon 🧱👿 Validator,Europe,Netherlands,3,14
20260610-164405#108954165256,425602208,8,9jxgosAfHgHzwnxsHw4RAZYaLVokMbnYtmiZBreynGFP,,Europe,Netherlands,0,17
20260610-164405#108954166043,425602211,27,9jxgosAfHgHzwnxsHw4RAZYaLVokMbnYtmiZBreynGFP,,Europe,Netherlands,0,17
20260610-164405#108954168107,425602219,43,Fc6NNdS2j3EmrWbU6Uqt6wsKB5ef72NjaWfNxKYbULGD,OKX Earn,Asia,Singapore,2,15
20260610-164405#108954168349,425602220,29,RNXnAJV1DeBt6Lytjz4wYzvS3d6bhsfidS5Np4ovwZz,RockawayX Firedancer,Europe,Czechia,1,16
20260610-164405#108954168593,425602221,17,RNXnAJV1DeBt6Lytjz4wYzvS3d6bhsfidS5Np4ovwZz,RockawayX Firedancer,Europe,Czechia,3,14
20260610-164405#108954171447,425602232,55,Awes4Tr6TX8JDzEhCZY2QVNimT6iD1zWHzf1vNyGvpLM,Staking Facilities | MEV 🔥,Europe,Germany,1,16
20260610-164405#108954172199,425602235,39,Awes4Tr6TX8JDzEhCZY2QVNimT6iD1zWHzf1vNyGvpLM,Staking Facilities | MEV 🔥,Europe,Germany,3,14
20260610-164405#108954173997,425602242,45,nateKhsYkrVc992UuTfAhEEFQqr2zQfpGg9RafNkxdC,Epoch.Day,South America,Brazil,2,15
20260610-164405#108954179594,425602264,10,J6etcxDdYjPHrtyvDXrbCkx3q9W1UjMj1vy1jBFPJEbK,,North America,United States,3,14
20260610-164405#108954179850,425602265,10,J6etcxDdYjPHrtyvDXrbCkx3q9W1UjMj1vy1jBFPJEbK,,North America,United States,2,15
20260610-164405#108954180097,425602266,1,J6etcxDdYjPHrtyvDXrbCkx3q9W1UjMj1vy1jBFPJEbK,,North America,United States,1,16
20260610-164405#108954181929,425602273,41,FBKFWadXZJahGtFitAsBvbqh5968gLY7dMBBJUoUjeNi,,Europe,Ireland,2,15
20260610-164405#108954182456,425602275,56,FBKFWadXZJahGtFitAsBvbqh5968gLY7dMBBJUoUjeNi,,Europe,Ireland,0,17
20260610-164405#108954183230,425602278,62,Certusm1sa411sMpV9FPqU5dXAYhmmhygvxJ23S6hJ24,Asymmetric Research,Europe,Netherlands,2,15
20260610-164405#108954184754,425602284,50,9eGrDohdNTAo61DRHyfMuqKWXqYnA3i254Wiszxe8FoY,Galaxy,North America,United States,2,15
20260610-164405#108954185018,425602285,58,9eGrDohdNTAo61DRHyfMuqKWXqYnA3i254Wiszxe8FoY,Galaxy,North America,United States,2,15
20260610-164405#108954185515,425602287,43,9eGrDohdNTAo61DRHyfMuqKWXqYnA3i254Wiszxe8FoY,Galaxy,North America,United States,2,15
20260610-164405#108954188305,425602298,17,q9XWcZ7T1wP4bW9SB4XgNNwjnFEJ982nE8aVbbNuwot,Ledger by Figment,Europe,Germany,3,14
20260610-164405#108954191657,425602311,41,BtsmiEEvnSuUnKxqXj2PZRYpPJAc7C34mGz8gtJ1DAaH,,Europe,Germany,2,15
20260610-164405#108954191933,425602312,61,5Cchr1XGEg7dbBXByV5NY2ad8jfxAM7HA3x8D56rq9Ux,Upbit Staking,North America,United States,0,17
20260610-164405#108954194453,425602322,21,FBKFWadXZJahGtFitAsBvbqh5968gLY7dMBBJUoUjeNi,,Europe,Ireland,2,15
20260610-164405#108954195985,425602328,17,Cogent51kHgGLHr7zpkpRjGYFXM57LgjHjDdqXd4ypdA,Cogent ⚙️  by SOL Strategies,Europe,Netherlands,2,15
20260610-164405#108954198315,425602337,43,SSmBEooM7RkmyuXxuKgAhTvhQZ36Z3G2WsmLGJKoQLY,SOL Strategies,Europe,Netherlands,3,14
20260610-164405#108954198542,425602338,14,SSmBEooM7RkmyuXxuKgAhTvhQZ36Z3G2WsmLGJKoQLY,SOL Strategies,Europe,Netherlands,2,15
20260610-164405#108954198822,425602339,38,SSmBEooM7RkmyuXxuKgAhTvhQZ36Z3G2WsmLGJKoQLY,SOL Strategies,Europe,Netherlands,1,16
20260610-164405#108954202647,425602354,23,BNtHBLo1L2vAG7PBQ6mJvWz7GqVPxBnioXsY2Gjtubrg,CatalystX - Innovation OnChain,North America,United States,2,15
20260610-164405#108954204454,425602361,38,GYx8kpp7SsRwtQEEsGQjAxb4hFMMmT91kFJuDeky3YGQ,,Asia,Japan,3,14
20260610-164405#108954204734,425602362,62,GYx8kpp7SsRwtQEEsGQjAxb4hFMMmT91kFJuDeky3YGQ,,Asia,Japan,2,15
20260610-164405#108954208298,425602376,42,FzQqaDStQQHs52YKeCnDovwSqvyZBCgs2kJcmvoFZwaS,,Asia,Singapore,3,14
20260610-164405#108954210076,425602383,28,6ptuwW4rg5A3wP9hNKxeymG3QhSagugPd3grnMTGJwWG,,Europe,United Kingdom,2,15
20260610-164405#108954212618,425602393,10,GoeW4aFK4dGoekJySgUynWDxBZiQJqm8GDAF4H53tDK9,Twinstake,North America,,1,16
20260610-164405#108954213121,425602395,1,GoeW4aFK4dGoekJySgUynWDxBZiQJqm8GDAF4H53tDK9,Twinstake,North America,,0,17
20260610-164405#108954214963,425602402,51,5ivRNcK1yThcK3koZR1oikAfuNm6rj1LceMskayoVSzc,,Europe,Germany,1,16
20260610-164405#108954218769,425602417,17,juigBT2qetpYpf1iwgjaiWTjryKkY3uUTVAnRFKkqY6,ProStaking,North America,United States,3,14
20260610-164405#108954219318,425602419,54,juigBT2qetpYpf1iwgjaiWTjryKkY3uUTVAnRFKkqY6,ProStaking,North America,United States,3,14
20260610-164405#108954219529,425602420,9,Ex1AxFCipXGfSxgvXPPT3nPQUARddCduHwKR6jHiXAaT,,Europe,Netherlands,2,15
20260610-164405#108954219826,425602421,50,Ex1AxFCipXGfSxgvXPPT3nPQUARddCduHwKR6jHiXAaT,,Europe,Netherlands,0,17
20260610-164405#108954220093,425602422,61,Ex1AxFCipXGfSxgvXPPT3nPQUARddCduHwKR6jHiXAaT,,Europe,Netherlands,2,15
20260610-164405#108954229258,425602458,10,D1Vbgkrhp1TmLGhfUD1urRMx5Ntz9AqQpgdX8DR8QMC1,Next Finance Tech,Asia,Japan,0,17
20260610-164405#108954233408,425602474,64,6ptuwW4rg5A3wP9hNKxeymG3QhSagugPd3grnMTGJwWG,,Europe,United Kingdom,0,17
20260610-164405#108954233650,425602475,50,6ptuwW4rg5A3wP9hNKxeymG3QhSagugPd3grnMTGJwWG,,Europe,United Kingdom,3,14
20260610-164405#108954234920,425602480,40,mastWEbKEMjvBCd1uaUBpNjWcfSPhXMWnH9tTrgzn1g,MAS DeFi,North America,Mexico,3,14
20260610-164405#108954236187,425602485,27,9jxgosAfHgHzwnxsHw4RAZYaLVokMbnYtmiZBreynGFP,,Europe,Netherlands,0,17
20260610-164405#108954237745,425602491,49,DUND26mEDfFeaPsVof3YvbXDRvpuQX7HMUJrLgEWzYw4,,Asia,Japan,3,14
20260610-164405#108954237989,425602492,37,2zykwzzo1pd3H2oSj5j5SRLTvmpa9Nr2S2Bh8tTVd5Tq,zim.one | 0️⃣0️⃣,North America,United States,2,15
20260610-164405#108954245399,425602521,23,G9vCpJUUSpEm4zPwzSNpDmZ8MGwLEbiSLV59EBzCGvzM,AP Node,Asia,Japan,3,14
20260610-164405#108954245692,425602522,60,G9vCpJUUSpEm4zPwzSNpDmZ8MGwLEbiSLV59EBzCGvzM,AP Node,Asia,Japan,2,15
20260610-164405#108954250512,425602541,16,9W3QTgBhkU4Bwg6cwnDJo6eGZ9BtZafSdu1Lo9JmWws7,Coinbase 03,Asia,Japan,0,17
20260610-164405#108954252560,425602549,16,PUmpKiNnSVAZ3w4KaFX6jKSjXUNHFShGkXbERo54xjb,Pumpkin's Pool ❤️,Asia,Singapore,3,14
20260610-164405#108954252835,425602550,35,PUmpKiNnSVAZ3w4KaFX6jKSjXUNHFShGkXbERo54xjb,Pumpkin's Pool ❤️,Asia,Singapore,2,15
20260610-164405#108954256416,425602564,32,HEL1USMZKAL2odpNBj2oCjffnFGaYwmbGmyewGv1e2TU,Helius,Europe,United Kingdom,3,14
20260610-164405#108954258481,425602572,49,7cVfgArCheMR6Cs4t6vz5rfnqd56vZq4ndaBrY5xkxXy,Blockdaemon 🧱👿 Validator,Europe,Netherlands,1,16
20260610-164405#108954258742,425602573,54,7cVfgArCheMR6Cs4t6vz5rfnqd56vZq4ndaBrY5xkxXy,Blockdaemon 🧱👿 Validator,Europe,Netherlands,0,17
20260610-164405#108954259990,425602578,22,HEL1USMZKAL2odpNBj2oCjffnFGaYwmbGmyewGv1e2TU,Helius,Europe,United Kingdom,0,17
20260610-164405#108954261533,425602584,29,9jxgosAfHgHzwnxsHw4RAZYaLVokMbnYtmiZBreynGFP,,Europe,Netherlands,2,15
20260610-164405#108954262291,425602587,19,9jxgosAfHgHzwnxsHw4RAZYaLVokMbnYtmiZBreynGFP,,Europe,Netherlands,0,17
20260610-164405#108954265103,425602598,15,DUND26mEDfFeaPsVof3YvbXDRvpuQX7HMUJrLgEWzYw4,,Asia,Japan,0,17
20260610-164405#108954265375,425602599,31,DUND26mEDfFeaPsVof3YvbXDRvpuQX7HMUJrLgEWzYw4,,Asia,Japan,3,14
20260610-164405#108954265647,425602600,47,FNKgX9dYUhYQFRTM9bkeKoRpsyEtZGNMxbdQLDzfqB8a,Coinbase 04,Europe,Netherlands,1,16
20260610-164405#108954265908,425602601,52,FNKgX9dYUhYQFRTM9bkeKoRpsyEtZGNMxbdQLDzfqB8a,Coinbase 04,Europe,Netherlands,2,15
20260610-164405#108954266402,425602603,34,FNKgX9dYUhYQFRTM9bkeKoRpsyEtZGNMxbdQLDzfqB8a,Coinbase 04,Europe,Netherlands,0,17
20260610-164405#108954266936,425602605,56,97jbhVBYcSmwGXjrx5PPWXucDsVBqwyoQ6rzP3B6eeMt,anarcheuz,Asia,Singapore,3,14
20260610-164405#108954267143,425602606,7,97jbhVBYcSmwGXjrx5PPWXucDsVBqwyoQ6rzP3B6eeMt,anarcheuz,Asia,Singapore,2,15
20260610-164405#108954267405,425602607,13,97jbhVBYcSmwGXjrx5PPWXucDsVBqwyoQ6rzP3B6eeMt,anarcheuz,Asia,Singapore,3,14
20260610-164405#108954268162,425602610,2,FNKgX9dYUhYQFRTM9bkeKoRpsyEtZGNMxbdQLDzfqB8a,Coinbase 04,Europe,Netherlands,1,16
20260610-164405#108954269230,425602614,46,22rU5yUmdVThrkoPieVNphqEyAtMQKmZxjwcD8v4bJDU,,Europe,Netherlands,0,17
20260610-164405#108954269979,425602617,27,SSmBEooM7RkmyuXxuKgAhTvhQZ36Z3G2WsmLGJKoQLY,SOL Strategies,Europe,Netherlands,3,14
20260610-164405#108954270726,425602620,6,HEL1USMZKAL2odpNBj2oCjffnFGaYwmbGmyewGv1e2TU,Helius,Europe,United Kingdom,2,15
20260610-164405#108954272832,425602628,64,9jxgosAfHgHzwnxsHw4RAZYaLVokMbnYtmiZBreynGFP,,Europe,Netherlands,0,17
20260610-164405#108954274563,425602635,3,BSVckjdW2f8kcXPGcrPPtV9kUDBZ8w8PjrrGVnxgEdwq,,Europe,Lithuania,3,14
20260610-164405#108954274859,425602636,43,SLAY6uN1zZpXBTfbuDDCesNmM5D288xrz8uYvfS3n41,Solayer Validator [5% Commission + 100% MEV Kickback],North America,United States,2,15
20260610-164405#108954276634,425602643,26,1Link6hB1NpkCwJt3ZtpQKZszKauhEcKgiWjaU8PRDG,OneLink Solutions,Europe,Germany,2,15
20260610-164405#108954283328,425602669,64,DrifTrN923QaouP89UxkQzFGbumKPCnfkNYQRwmZxatz,Drift,Europe,Netherlands,2,15
20260610-164405#108954284332,425602673,44,JupmVLmA8RoyTUbTMMuTtoPWHEiNQobxgTeGTrPNkzT,Jupiter,Europe,Germany,2,15
20260610-164405#108954284838,425602675,38,JupmVLmA8RoyTUbTMMuTtoPWHEiNQobxgTeGTrPNkzT,Jupiter,Europe,Germany,3,14
20260610-164405#108954285078,425602676,22,GQzMeEMwAR44ugoNCifTb5NdRKos1GduDUPeNh6AgV46,,Asia,Japan,2,15
20260610-164405#108954289153,425602692,1,5EhGYUyQNrxgUbuYF4vbL2SZDT6RMfhq3yjeyevvULeC,,Asia,Japan,2,15
20260610-164405#108954289445,425602693,37,5EhGYUyQNrxgUbuYF4vbL2SZDT6RMfhq3yjeyevvULeC,,Asia,Japan,1,16
20260610-164405#108954291720,425602702,8,EvnRmnMrd69kFdbLMxWkTn1icZ7DCceRhvmb2SJXqDo4,Everstake,Europe,Germany,2,15
20260610-164405#108954292246,425602704,22,xLabscif2DLnYg39rQThqi7A9E45L9qiysRZhmZ1ARE,xLabs,South America,Argentina,0,17
20260610-164405#108954293561,425602709,57,AMukCLCr52XxsEjXoDxKKxjNg4FpnsReXNaQx8aR6DJF,,Europe,Netherlands,0,17
20260610-164405#108954294028,425602711,12,AMukCLCr52XxsEjXoDxKKxjNg4FpnsReXNaQx8aR6DJF,,Europe,Netherlands,2,15
20260610-164405#108954294530,425602713,2,JD549HsbJHeEKKUrKgg4Fj2iyv2RGjsV7NTZjZUrHybB,Forward Industries,North America,United States,3,14
20260610-164405#108954294841,425602714,57,JD549HsbJHeEKKUrKgg4Fj2iyv2RGjsV7NTZjZUrHybB,Forward Industries,North America,United States,2,15
20260610-164405#108954298634,425602729,10,JD549HsbJHeEKKUrKgg4Fj2iyv2RGjsV7NTZjZUrHybB,Forward Industries,North America,United States,1,16
20260610-164405#108954299670,425602733,22,DrifTrN923QaouP89UxkQzFGbumKPCnfkNYQRwmZxatz,Drift,Europe,Netherlands,3,14
20260610-164405#108954300981,425602738,53,Ninja1spj6n9t5hVYgF3PdnYz2PLnkt7rvaw3firmjs,Shinobi Systems 🚀 stakeview.app,North America,United States,3,14
20260610-164405#108954301211,425602739,27,Ninja1spj6n9t5hVYgF3PdnYz2PLnkt7rvaw3firmjs,Shinobi Systems 🚀 stakeview.app,North America,United States,0,17
20260610-164405#108954303256,425602747,24,EPFZFVrXuveEQar9LaEkt5kDRPMnbvK54qu5FwCxpkcy,AiSol,Asia,Japan,3,14
20260610-164405#108954304058,425602750,58,EkvdKhULbMFqjKBKotAzGi3kwMvMpYNDKJXXQQmi6C1f,,Europe,Netherlands,1,16
20260610-164405#108954304258,425602751,2,EkvdKhULbMFqjKBKotAzGi3kwMvMpYNDKJXXQQmi6C1f,,Europe,Netherlands,3,14
20260610-164405#108954308361,425602767,9,9jxgosAfHgHzwnxsHw4RAZYaLVokMbnYtmiZBreynGFP,,Europe,Netherlands,2,15
20260610-164405#108954312963,425602785,3,9rkJMARqK6VBkcxGfKBAwnA44gPAfGxPbPsfsggFNDSQ,,Europe,Germany,0,17
20260610-164405#108954314006,425602789,22,FNKgX9dYUhYQFRTM9bkeKoRpsyEtZGNMxbdQLDzfqB8a,Coinbase 04,Europe,Netherlands,3,14
20260610-164405#108954317615,425602803,47,shftkxnsXmqAkmLgz9Mn7bNB5Fr6mKgFc58kFHfVikj,blueshift,Europe,Germany,0,17
20260610-164405#108954322238,425602821,62,ABC1U4cf9DZMwqy8ktEr4WJj8VHmVBQibbC57gEJthwY,algo|stake,Europe,Netherlands,2,15
20260610-164405#108954324231,425602829,7,9rkJMARqK6VBkcxGfKBAwnA44gPAfGxPbPsfsggFNDSQ,,Europe,Germany,2,15
20260610-164405#108954324536,425602830,56,9rkJMARqK6VBkcxGfKBAwnA44gPAfGxPbPsfsggFNDSQ,,Europe,Germany,2,15
20260610-164405#108954325307,425602833,59,3JotfSFPaod4KVK7nj7ULvcq5PjUBdZNVGracNkJNhrt,,Europe,Germany,0,17
20260610-164405#108954326328,425602837,56,Awes4Tr6TX8JDzEhCZY2QVNimT6iD1zWHzf1vNyGvpLM,Staking Facilities | MEV 🔥,Europe,Germany,2,15
20260610-164405#108954326801,425602839,17,Awes4Tr6TX8JDzEhCZY2QVNimT6iD1zWHzf1vNyGvpLM,Staking Facilities | MEV 🔥,Europe,Germany,3,14
20260610-164405#108954327334,425602841,38,CW9C7HBwAMgqNdXkNgFg9Ujr3edR2Ab9ymEuQnVacd1A,Coinbase 02,Europe,United Kingdom,3,14
20260610-164405#108954327813,425602843,5,CW9C7HBwAMgqNdXkNgFg9Ujr3edR2Ab9ymEuQnVacd1A,Coinbase 02,Europe,United Kingdom,3,14
20260610-164405#108954329139,425602848,51,5ivRNcK1yThcK3koZR1oikAfuNm6rj1LceMskayoVSzc,,Europe,Germany,2,15
20260610-164405#108954329897,425602851,41,5ivRNcK1yThcK3koZR1oikAfuNm6rj1LceMskayoVSzc,,Europe,Germany,0,17
20260610-164405#108954330113,425602852,1,AEHqTB2RtJjegsR2ePjvoJSm6AA5pnYKWVbcsn6kqTBD,,Europe,Netherlands,3,14
20260610-164405#108954330655,425602854,31,AEHqTB2RtJjegsR2ePjvoJSm6AA5pnYKWVbcsn6kqTBD,,Europe,Netherlands,3,14
20260610-164405#108954335291,425602872,59,Awes4Tr6TX8JDzEhCZY2QVNimT6iD1zWHzf1vNyGvpLM,Staking Facilities | MEV 🔥,Europe,Germany,0,17
20260610-164405#108954336271,425602876,15,Va1idLRtYEtVFJFsvz8vtt1uCJgea4Q1zi2Rh3eraJh,validator.com,Europe,Germany,1,16
20260610-164405#108954336537,425602877,25,Va1idLRtYEtVFJFsvz8vtt1uCJgea4Q1zi2Rh3eraJh,validator.com,Europe,Germany,0,17
20260610-164405#108954338305,425602884,1,2GUnfxZavKoPfS9s3VSEjaWDzB3vNf5RojUhprCS1rSx,,Asia,Japan,2,15
20260610-164405#108954338579,425602885,19,2GUnfxZavKoPfS9s3VSEjaWDzB3vNf5RojUhprCS1rSx,,Asia,Japan,2,15
20260610-164405#108954339120,425602887,48,2GUnfxZavKoPfS9s3VSEjaWDzB3vNf5RojUhprCS1rSx,,Asia,Japan,0,17
20260610-164405#108954340656,425602893,48,HEL1USMZKAL2odpNBj2oCjffnFGaYwmbGmyewGv1e2TU,Helius,Europe,United Kingdom,0,17
20260610-164405#108954341160,425602895,40,HEL1USMZKAL2odpNBj2oCjffnFGaYwmbGmyewGv1e2TU,Helius,Europe,United Kingdom,1,16
20260610-164405#108954341636,425602897,4,CAo1dCGYrB6NhHh5xb1cGjUiu86iyCfMTENxgHumSve4,Kraken 2,North America,United States,2,15
20260610-164405#108954341932,425602898,44,CAo1dCGYrB6NhHh5xb1cGjUiu86iyCfMTENxgHumSve4,Kraken 2,North America,United States,0,17
20260610-164405#108954342150,425602899,6,CAo1dCGYrB6NhHh5xb1cGjUiu86iyCfMTENxgHumSve4,Kraken 2,North America,United States,3,14
20260610-164405#108954344500,425602908,52,krakeNd6ednDPEXxHAmoBs1qKVM8kLg79PvWF2mhXV1,Kraken,North America,United States,1,16
20260610-164405#108954345753,425602913,25,3JotfSFPaod4KVK7nj7ULvcq5PjUBdZNVGracNkJNhrt,,Europe,Germany,0,17
20260610-164405#108954346802,425602917,50,7cVfgArCheMR6Cs4t6vz5rfnqd56vZq4ndaBrY5xkxXy,Blockdaemon 🧱👿 Validator,Europe,Netherlands,2,15
20260610-164405#108954348598,425602924,54,bcZxRSozXDb61a77rxL6n9yumsbatqC7RFmZ8Xi5K8V,,North America,United States,0,17
20260610-164405#108954350882,425602933,34,5essVpBYvocZkQnkrWsMDfRPwtp4BeihJRaweKLR4dRn,Certora Validator,North America,United States,1,16
20260610-164405#108954352430,425602939,46,GYx8kpp7SsRwtQEEsGQjAxb4hFMMmT91kFJuDeky3YGQ,,Asia,Japan,2,15
20260610-164405#108954352651,425602940,11,EkvdKhULbMFqjKBKotAzGi3kwMvMpYNDKJXXQQmi6C1f,,Europe,Netherlands,3,14
20260610-164405#108954358839,425602964,55,mint13XHZSSxtgHuTSM9qPDEJSbWktpmpM4CZxeLB8f,Hanabi Staking 🎆 | Staking Champions | DoubleZero | ❌BAM,North America,United States,0,17
20260610-164405#108954360123,425602969,59,1i1yPyh843bTfi5qPgqozTbDcEX65rUNEFcUT2KAs2i,Lilith,South America,Brazil,3,14
20260610-164405#108954360336,425602970,16,1i1yPyh843bTfi5qPgqozTbDcEX65rUNEFcUT2KAs2i,Lilith,South America,Brazil,3,14
20260610-164405#108954363400,425602982,8,EXckihF3qmguH5znjhfzLvHsbk2E3nEW2DqNh4MMnDMm,,Europe,Germany,1,16
20260610-164405#108954363949,425602984,45,6ptuwW4rg5A3wP9hNKxeymG3QhSagugPd3grnMTGJwWG,,Europe,United Kingdom,0,17
20260610-164405#108954364198,425602985,38,6ptuwW4rg5A3wP9hNKxeymG3QhSagugPd3grnMTGJwWG,,Europe,United Kingdom,0,17
20260610-164405#108954369067,425603004,43,CMPSSdrTnRQBiBGTyFpdCc3VMNuLWYWaSkE8Zh5z6gbd,Solana Compass 🧭 Solana For The People,Asia,Japan,0,17
20260610-164405#108954371107,425603012,35,5ZqveVffQPiUbkjBg4KD9kib1MKHLqiFno4ke9jSq9qk,,Europe,Germany,3,14
20260610-164405#108954371848,425603015,8,5ZqveVffQPiUbkjBg4KD9kib1MKHLqiFno4ke9jSq9qk,,Europe,Germany,3,14
20260610-164405#108954372643,425603018,35,76rcGHdPvgs8G1XrzCXUTWtwgT59AFDvpB4VbTS2TBBJ,,Europe,Netherlands,2,15
20260610-164405#108954373122,425603020,2,5ZqveVffQPiUbkjBg4KD9kib1MKHLqiFno4ke9jSq9qk,,Europe,Germany,0,17
20260610-164405#108954381828,425603054,4,5EhGYUyQNrxgUbuYF4vbL2SZDT6RMfhq3yjeyevvULeC,,Asia,Japan,2,15
20260610-164405#108954383401,425603060,41,A1vqhA2fS6K7CvHsJKX1ACcHJFEmyRg4KuR5pctHANy4,,Europe,Netherlands,1,16
20260610-164405#108954386235,425603071,59,DRpbCBMxVnDK7maPM5tGv6MvB3v1sRMC86PZ8okm21hy,binance staking,North America,United States,1,16
20260610-164405#108954390589,425603088,61,AiDoLWFKzNxSXKeZ4zym2TEPkg6F4kQ3YBA8WhANVPEq,AiDoL,Europe,Germany,3,14
20260610-164405#108954390799,425603089,15,AiDoLWFKzNxSXKeZ4zym2TEPkg6F4kQ3YBA8WhANVPEq,AiDoL,Europe,Germany,2,15
20260610-164405#108954391866,425603093,58,FBKFWadXZJahGtFitAsBvbqh5968gLY7dMBBJUoUjeNi,,Europe,Ireland,1,16
20260610-164405#108954392336,425603095,16,FBKFWadXZJahGtFitAsBvbqh5968gLY7dMBBJUoUjeNi,,Europe,Ireland,2,15
20260610-164405#108954395667,425603108,19,q9XWcZ7T1wP4bW9SB4XgNNwjnFEJ982nE8aVbbNuwot,Ledger by Figment,Europe,Germany,2,15
20260610-164405#108954395914,425603109,10,q9XWcZ7T1wP4bW9SB4XgNNwjnFEJ982nE8aVbbNuwot,Ledger by Figment,Europe,Germany,1,16
20260610-164405#108954396966,425603113,38,7cVfgArCheMR6Cs4t6vz5rfnqd56vZq4ndaBrY5xkxXy,Blockdaemon 🧱👿 Validator,Europe,Netherlands,0,17
20260610-164405#108954397226,425603114,42,7cVfgArCheMR6Cs4t6vz5rfnqd56vZq4ndaBrY5xkxXy,Blockdaemon 🧱👿 Validator,Europe,Netherlands,2,15
20260610-164405#108954397462,425603115,22,7cVfgArCheMR6Cs4t6vz5rfnqd56vZq4ndaBrY5xkxXy,Blockdaemon 🧱👿 Validator,Europe,Netherlands,3,14
20260610-164405#108954397707,425603116,11,sfvTq7ojrEc5WdXcHijz676eX1pc5MgoLxbkYSdRDAB,soltop.sh,South America,Brazil,0,17
20260610-164405#108954398500,425603119,36,sfvTq7ojrEc5WdXcHijz676eX1pc5MgoLxbkYSdRDAB,soltop.sh,South America,Brazil,1,16
20260610-164405#108954399529,425603123,41,Bi9kKNxfW2XqgCmLcuhHt6A3x55GuAGmrVZxRHLyVoQ4,,Europe,United Kingdom,1,16
20260610-164405#108954400298,425603126,42,5d9Mdc2Zk8as8GL1AxQeXxv5htBBvC5bjfmsXC7UUWwG,Maera,Asia,Japan,2,15
20260610-164405#108954406207,425603149,63,4SNKY7GCp7ohY4AawND5Cc2D71sWMWN3Uifo854yvtks,,North America,United States,3,14
20260610-164405#108954408509,425603158,61,GSTampk6BJRKSDkzhaMM49R7qRx98MTPYYWvKbp83XKc,,Europe,Netherlands,2,15
20260610-164405#108954408730,425603159,26,GSTampk6BJRKSDkzhaMM49R7qRx98MTPYYWvKbp83XKc,,Europe,Netherlands,3,14
20260610-164405#108954411525,425603170,5,5Cchr1XGEg7dbBXByV5NY2ad8jfxAM7HA3x8D56rq9Ux,Upbit Staking,North America,United States,3,14
20260610-164405#108954411795,425603171,19,5Cchr1XGEg7dbBXByV5NY2ad8jfxAM7HA3x8D56rq9Ux,Upbit Staking,North America,United States,2,15
20260610-164405#108954415658,425603186,42,CG4tRANBKrzUmpv93V5sgftjQznBdiJsc2yPCzZWWuS9,Bybit Staking,Europe,Netherlands,2,15
20260610-164405#108954416413,425603189,29,3YVoK8UN62dyiPZnGBzBTkGdwsVmmK1MpRoLcxNRs9BE,Calypso,Europe,Germany,3,14
20260610-164405#108954417966,425603195,46,FbYX2uN573G5WsgiPdHU6fS5PNUyjdXfGfpZNkYUuT4k,,Europe,Sweden,2,15
20260610-164405#108954418211,425603196,35,5Cchr1XGEg7dbBXByV5NY2ad8jfxAM7HA3x8D56rq9Ux,Upbit Staking,North America,United States,3,14
20260610-164405#108954418472,425603197,40,5Cchr1XGEg7dbBXByV5NY2ad8jfxAM7HA3x8D56rq9Ux,Upbit Staking,North America,United States,3,14
20260610-164405#108954418703,425603198,15,5Cchr1XGEg7dbBXByV5NY2ad8jfxAM7HA3x8D56rq9Ux,Upbit Staking,North America,United States,0,17
20260610-164405#108954418968,425603199,24,5Cchr1XGEg7dbBXByV5NY2ad8jfxAM7HA3x8D56rq9Ux,Upbit Staking,North America,United States,2,15
20260610-164405#108954419239,425603200,39,99rG5AhkVagxJ7y8NpMAmy1h1u9GhT3h1Cimu2X3cwaJ,,Europe,Netherlands,0,17
20260610-164405#108954419481,425603201,25,99rG5AhkVagxJ7y8NpMAmy1h1u9GhT3h1Cimu2X3cwaJ,,Europe,Netherlands,2,15
20260610-164405#108954419720,425603202,8,99rG5AhkVagxJ7y8NpMAmy1h1u9GhT3h1Cimu2X3cwaJ,,Europe,Netherlands,2,15
20260610-164405#108954433332,425603255,52,DRpbCBMxVnDK7maPM5tGv6MvB3v1sRMC86PZ8okm21hy,binance staking,North America,United States,6,11
20260610-164405#108954438934,425603277,22,5Cchr1XGEg7dbBXByV5NY2ad8jfxAM7HA3x8D56rq9Ux,Upbit Staking,North America,United States,1,16
20260610-164405#108954442785,425603292,33,BUv44cVtsdvU9z2BfFGk6s5JZZWrmVnq5qCaii5ARyyB,,Europe,Netherlands,2,15
20260610-164405#108954444807,425603300,7,HEL1USMZKAL2odpNBj2oCjffnFGaYwmbGmyewGv1e2TU,Helius,Europe,United Kingdom,3,14
20260610-164405#108954447640,425603311,24,DWvDTSh3qfn88UoQTEKRV2JnLt5jtJAVoiCo3ivtMwXP,P2P.org,Europe,Netherlands,1,16
20260610-164405#108954448412,425603314,28,6WgdYhhGE53WrZ7ywJA15hBVkw7CRbQ8yDBBTwmBtAHN,Luganodes,Europe,Germany,3,14
20260610-164405#108954451752,425603327,40,9jxgosAfHgHzwnxsHw4RAZYaLVokMbnYtmiZBreynGFP,,Europe,Netherlands,2,15
20260610-164405#108954458156,425603352,44,q9XWcZ7T1wP4bW9SB4XgNNwjnFEJ982nE8aVbbNuwot,Ledger by Figment,Europe,Germany,1,16
20260610-164405#108954458395,425603353,27,q9XWcZ7T1wP4bW9SB4XgNNwjnFEJ982nE8aVbbNuwot,Ledger by Figment,Europe,Germany,3,14
20260610-164405#108954458653,425603354,29,q9XWcZ7T1wP4bW9SB4XgNNwjnFEJ982nE8aVbbNuwot,Ledger by Figment,Europe,Germany,2,15
20260610-164405#108954458899,425603355,19,q9XWcZ7T1wP4bW9SB4XgNNwjnFEJ982nE8aVbbNuwot,Ledger by Figment,Europe,Germany,1,16
20260610-164405#108954459178,425603356,42,GYx8kpp7SsRwtQEEsGQjAxb4hFMMmT91kFJuDeky3YGQ,,Asia,Japan,1,16
20260610-164405#108954459408,425603357,16,GYx8kpp7SsRwtQEEsGQjAxb4hFMMmT91kFJuDeky3YGQ,,Asia,Japan,3,14
20260610-164405#108954460224,425603360,64,7PdKhpKz7T39vZHFL1UfcYNDsLvay6hp4KPQq1aUckFf,Alpha Pro | High APY🚀 100% Reliable ⭐ VIP Services,Europe,Germany,1,16
20260610-164405#108954461500,425603365,60,4VrjyXQT61WFSjuG3ehgqZUK1jqvYqB46veQbXLotq3n,Vault X | 0% fee +MEV,Europe,Ireland,3,14
20260610-164405#108954461713,425603366,17,4VrjyXQT61WFSjuG3ehgqZUK1jqvYqB46veQbXLotq3n,Vault X | 0% fee +MEV,Europe,Ireland,2,15
20260610-164405#108954461985,425603367,33,4VrjyXQT61WFSjuG3ehgqZUK1jqvYqB46veQbXLotq3n,Vault X | 0% fee +MEV,Europe,Ireland,2,15
20260610-164405#108954462528,425603369,64,FBKFWadXZJahGtFitAsBvbqh5968gLY7dMBBJUoUjeNi,,Europe,Ireland,2,15
20260610-164405#108954462779,425603370,59,FBKFWadXZJahGtFitAsBvbqh5968gLY7dMBBJUoUjeNi,,Europe,Ireland,0,17
20260610-164405#108954464290,425603376,34,2m1A2WM1vte7RWz5xTTw4i1SiXmngVtXhqFERaUjoAAb,,North America,United States,3,14
20260610-164405#108954467621,425603389,37,GGX3BEoZDqjxcw4AbCdu62ZTMrkpSgmPt81oP2mVuZNS,HashKey Cloud,Europe,France,3,14
20260610-164405#108954467854,425603390,14,GGX3BEoZDqjxcw4AbCdu62ZTMrkpSgmPt81oP2mVuZNS,HashKey Cloud,Europe,France,2,15
20260610-164405#108954468127,425603391,31,GGX3BEoZDqjxcw4AbCdu62ZTMrkpSgmPt81oP2mVuZNS,HashKey Cloud,Europe,France,2,15
20260611-064816#108982278720,425712026,64,9jxgosAfHgHzwnxsHw4RAZYaLVokMbnYtmiZBreynGFP,,Europe,Netherlands,1,16
20260611-064816#108982278917,425712027,5,9jxgosAfHgHzwnxsHw4RAZYaLVokMbnYtmiZBreynGFP,,Europe,Netherlands,4,13
20260611-064816#108982279202,425712028,34,DRpbCBMxVnDK7maPM5tGv6MvB3v1sRMC86PZ8okm21hy,binance staking,North America,United States,3,14
20260611-064816#108982279980,425712031,44,DRpbCBMxVnDK7maPM5tGv6MvB3v1sRMC86PZ8okm21hy,binance staking,North America,United States,4,13
20260611-064816#108982280253,425712032,61,Awes4Tr6TX8JDzEhCZY2QVNimT6iD1zWHzf1vNyGvpLM,Staking Facilities | MEV 🔥,Europe,Germany,3,14
20260611-064816#108982282043,425712039,59,DWvDTSh3qfn88UoQTEKRV2JnLt5jtJAVoiCo3ivtMwXP,P2P.org,Europe,Netherlands,4,13
20260611-064816#108982282293,425712040,53,DTSUkYHd2e9P2HLyZfbLarsbDdPhQUhZnWjRYuJZQRC8,Temporal Emerald,Europe,Netherlands,3,14
20260611-064816#108982282520,425712041,24,DTSUkYHd2e9P2HLyZfbLarsbDdPhQUhZnWjRYuJZQRC8,Temporal Emerald,Europe,Netherlands,4,13
20260611-064816#108982282807,425712042,55,DTSUkYHd2e9P2HLyZfbLarsbDdPhQUhZnWjRYuJZQRC8,Temporal Emerald,Europe,Netherlands,1,16
20260611-064816#108982283016,425712043,8,DTSUkYHd2e9P2HLyZfbLarsbDdPhQUhZnWjRYuJZQRC8,Temporal Emerald,Europe,Netherlands,4,13
20260611-064816#108982284843,425712050,43,DRpbCBMxVnDK7maPM5tGv6MvB3v1sRMC86PZ8okm21hy,binance staking,North America,United States,2,15
20260611-064816#108982285849,425712054,25,G9vCpJUUSpEm4zPwzSNpDmZ8MGwLEbiSLV59EBzCGvzM,AP Node,Asia,Japan,1,16
20260611-064816#108982286134,425712055,54,G9vCpJUUSpEm4zPwzSNpDmZ8MGwLEbiSLV59EBzCGvzM,AP Node,Asia,Japan,4,13
20260611-064816#108982286348,425712056,12,G9vCpJUUSpEm4zPwzSNpDmZ8MGwLEbiSLV59EBzCGvzM,AP Node,Asia,Japan,3,14
20260611-064816#108982286640,425712057,48,G9vCpJUUSpEm4zPwzSNpDmZ8MGwLEbiSLV59EBzCGvzM,AP Node,Asia,Japan,3,14
20260611-064816#108982286879,425712058,31,G9vCpJUUSpEm4zPwzSNpDmZ8MGwLEbiSLV59EBzCGvzM,AP Node,Asia,Japan,3,14
20260611-064816#108982287129,425712059,25,G9vCpJUUSpEm4zPwzSNpDmZ8MGwLEbiSLV59EBzCGvzM,AP Node,Asia,Japan,3,14
20260611-064816#108982287365,425712060,5,FBKFWadXZJahGtFitAsBvbqh5968gLY7dMBBJUoUjeNi,,Europe,Ireland,4,13
20260611-064816#108982287673,425712061,57,FBKFWadXZJahGtFitAsBvbqh5968gLY7dMBBJUoUjeNi,,Europe,Ireland,1,16
20260611-064816#108982288152,425712063,24,FBKFWadXZJahGtFitAsBvbqh5968gLY7dMBBJUoUjeNi,,Europe,Ireland,3,14
20260611-064816#108982291470,425712076,14,Awes4Tr6TX8JDzEhCZY2QVNimT6iD1zWHzf1vNyGvpLM,Staking Facilities | MEV 🔥,Europe,Germany,2,15
20260611-064816#108982291752,425712077,40,Awes4Tr6TX8JDzEhCZY2QVNimT6iD1zWHzf1vNyGvpLM,Staking Facilities | MEV 🔥,Europe,Germany,3,14
20260611-064816#108982292249,425712079,25,Awes4Tr6TX8JDzEhCZY2QVNimT6iD1zWHzf1vNyGvpLM,Staking Facilities | MEV 🔥,Europe,Germany,3,14
20260611-064816#108982292487,425712080,7,BtsmiEEvnSuUnKxqXj2PZRYpPJAc7C34mGz8gtJ1DAaH,,Europe,Germany,3,14
20260611-064816#108982293012,425712082,20,BtsmiEEvnSuUnKxqXj2PZRYpPJAc7C34mGz8gtJ1DAaH,,Europe,Germany,4,13
20260611-064816#108982293773,425712085,13,AiDoLWFKzNxSXKeZ4zym2TEPkg6F4kQ3YBA8WhANVPEq,AiDoL,Europe,Germany,3,14
20260611-064816#108982294829,425712089,45,9W3QTgBhkU4Bwg6cwnDJo6eGZ9BtZafSdu1Lo9JmWws7,Coinbase 03,Asia,Japan,3,14
20260611-064816#108982295071,425712090,31,9W3QTgBhkU4Bwg6cwnDJo6eGZ9BtZafSdu1Lo9JmWws7,Coinbase 03,Asia,Japan,3,14
20260611-064816#108982295592,425712092,40,EvnRmnMrd69kFdbLMxWkTn1icZ7DCceRhvmb2SJXqDo4,Everstake,Europe,Germany,4,13
20260611-064816#108982295826,425712093,18,EvnRmnMrd69kFdbLMxWkTn1icZ7DCceRhvmb2SJXqDo4,Everstake,Europe,Germany,3,14
20260611-064816#108982296083,425712094,19,EvnRmnMrd69kFdbLMxWkTn1icZ7DCceRhvmb2SJXqDo4,Everstake,Europe,Germany,2,15
20260611-064816#108982296587,425712096,11,XkCriyrNwS3G4rzAXtG5B1nnvb5Ka1JtCku93VqeKAr,Coinbase,Europe,Netherlands,4,13
20260611-064816#108982297148,425712098,60,XkCriyrNwS3G4rzAXtG5B1nnvb5Ka1JtCku93VqeKAr,Coinbase,Europe,Netherlands,1,16
20260611-064816#108982297347,425712099,3,XkCriyrNwS3G4rzAXtG5B1nnvb5Ka1JtCku93VqeKAr,Coinbase,Europe,Netherlands,4,13
20260611-064816#108982297610,425712100,10,BULKzVM41WAyQZfL34vxqdsYwEYH9mJAJyzRS4xraf8b,BULK,Europe,Germany,3,14
20260611-064816#108982299190,425712106,54,DRpbCBMxVnDK7maPM5tGv6MvB3v1sRMC86PZ8okm21hy,binance staking,North America,United States,4,13
20260611-064816#108982299680,425712108,32,AqyRvpjjSN6jWYPxijoJwhmKwJFk6fRYDh9fQZHcJ2o7,STSS Validator,Europe,Germany,3,14
20260611-064816#108982299912,425712109,8,AqyRvpjjSN6jWYPxijoJwhmKwJFk6fRYDh9fQZHcJ2o7,STSS Validator,Europe,Germany,3,14
20260611-064816#108982300448,425712111,32,AqyRvpjjSN6jWYPxijoJwhmKwJFk6fRYDh9fQZHcJ2o7,STSS Validator,Europe,Germany,3,14
20260611-064816#108982302003,425712117,51,5EhGYUyQNrxgUbuYF4vbL2SZDT6RMfhq3yjeyevvULeC,,Asia,Japan,4,13
20260611-064816#108982302467,425712119,3,5EhGYUyQNrxgUbuYF4vbL2SZDT6RMfhq3yjeyevvULeC,,Asia,Japan,4,13
20260611-064816#108982302735,425712120,15,5EhGYUyQNrxgUbuYF4vbL2SZDT6RMfhq3yjeyevvULeC,,Asia,Japan,2,15
20260611-064816#108982303798,425712124,54,DRpbCBMxVnDK7maPM5tGv6MvB3v1sRMC86PZ8okm21hy,binance staking,North America,United States,2,15
20260611-064816#108982304021,425712125,21,DRpbCBMxVnDK7maPM5tGv6MvB3v1sRMC86PZ8okm21hy,binance staking,North America,United States,4,13
20260611-064816#108982305551,425712131,15,anza1rXDVhy1NfVNtsbT3kSBh2jgB1BGZUKuUibSAJd,Anza,Europe,United Kingdom,4,13
20260611-064816#108982306339,425712134,35,HEL1USMZKAL2odpNBj2oCjffnFGaYwmbGmyewGv1e2TU,Helius,Europe,United Kingdom,1,16
20260611-064816#108982307339,425712138,11,FWwwP9tNttSy9dJFxwf6ebXWfc6VJXqFNMTccrMiLFTH,Quatro,Europe,Lithuania,2,15
20260611-064816#108982307871,425712140,31,shftkxnsXmqAkmLgz9Mn7bNB5Fr6mKgFc58kFHfVikj,blueshift,Europe,Germany,4,13
20260611-064816#108982309173,425712145,53,9UM8wQ8F5oMiRcP5YdqD6Lr4krpBWCD8LtgQYoisJd9i,,Europe,United Kingdom,2,15
20260611-064816#108982311185,425712153,17,Va1idLRtYEtVFJFsvz8vtt1uCJgea4Q1zi2Rh3eraJh,validator.com,Europe,Germany,1,16
20260611-064816#108982311693,425712155,13,Va1idLRtYEtVFJFsvz8vtt1uCJgea4Q1zi2Rh3eraJh,validator.com,Europe,Germany,4,13
20260611-064816#108982311981,425712156,45,Fd7btgySsrjuo25CJCj7oE7VPMyezDhnx7pZkj2v69Nk,Figment,North America,Canada,2,15
20260611-064816#108982312237,425712157,45,Fd7btgySsrjuo25CJCj7oE7VPMyezDhnx7pZkj2v69Nk,Figment,North America,Canada,4,13
20260611-064816#108982312740,425712159,36,Fd7btgySsrjuo25CJCj7oE7VPMyezDhnx7pZkj2v69Nk,Figment,North America,Canada,4,13
20260611-064816#108982313505,425712162,33,1ggyZGbYtEo1WrV1kmXfnvhPeSPxrYAXoDBeApnszLT,Iggyz,North America,Canada,3,14
20260611-064816#108982313778,425712163,50,1ggyZGbYtEo1WrV1kmXfnvhPeSPxrYAXoDBeApnszLT,Iggyz,North America,Canada,4,13
20260611-064816#108982314045,425712164,61,EkvdKhULbMFqjKBKotAzGi3kwMvMpYNDKJXXQQmi6C1f,,Europe,Netherlands,1,16
20260611-064816#108982314270,425712165,30,EkvdKhULbMFqjKBKotAzGi3kwMvMpYNDKJXXQQmi6C1f,,Europe,Netherlands,4,13
20260611-064816#108982314515,425712166,19,EkvdKhULbMFqjKBKotAzGi3kwMvMpYNDKJXXQQmi6C1f,,Europe,Netherlands,2,15
20260611-064816#108982314760,425712167,8,EkvdKhULbMFqjKBKotAzGi3kwMvMpYNDKJXXQQmi6C1f,,Europe,Netherlands,4,13
20260611-064816#108982315835,425712171,59,Ha1iade1AH3B12K9SccfWoPdFtQKKQsj2ZyWwxcjqJJU,Ha1iad3,Asia,Japan,2,15
20260611-064816#108982316075,425712172,43,DUND26mEDfFeaPsVof3YvbXDRvpuQX7HMUJrLgEWzYw4,,Asia,Japan,4,13
20260611-064816#108982316604,425712174,60,DUND26mEDfFeaPsVof3YvbXDRvpuQX7HMUJrLgEWzYw4,,Asia,Japan,3,14
20260611-064816#108982317100,425712176,44,5Us18hLZPXJTS4QVuGSsUw137Dyd2tgBaem24Xsf5nBS,,Europe,Sweden,1,16
20260611-064816#108982317352,425712177,40,5Us18hLZPXJTS4QVuGSsUw137Dyd2tgBaem24Xsf5nBS,,Europe,Sweden,4,13
20260611-064816#108982318137,425712180,57,6XKqyUVUcpe3CNucjF6gk5zonJDqNGvob6kaTy4Ps1U,Solana Mobile Validator,North America,United States,1,16
20260611-064816#108982318875,425712183,27,6XKqyUVUcpe3CNucjF6gk5zonJDqNGvob6kaTy4Ps1U,Solana Mobile Validator,North America,United States,4,13
20260611-064816#108982320418,425712189,34,9jxgosAfHgHzwnxsHw4RAZYaLVokMbnYtmiZBreynGFP,,Europe,Netherlands,3,14
20260611-064816#108982320920,425712191,24,9jxgosAfHgHzwnxsHw4RAZYaLVokMbnYtmiZBreynGFP,,Europe,Netherlands,3,14
20260611-064816#108982321450,425712193,42,Awes4Tr6TX8JDzEhCZY2QVNimT6iD1zWHzf1vNyGvpLM,Staking Facilities | MEV 🔥,Europe,Germany,3,14
20260611-064816#108982321704,425712194,40,Awes4Tr6TX8JDzEhCZY2QVNimT6iD1zWHzf1vNyGvpLM,Staking Facilities | MEV 🔥,Europe,Germany,4,13
20260611-064816#108982321979,425712195,59,Awes4Tr6TX8JDzEhCZY2QVNimT6iD1zWHzf1vNyGvpLM,Staking Facilities | MEV 🔥,Europe,Germany,1,16
20260611-064816#108982324032,425712203,64,76rcGHdPvgs8G1XrzCXUTWtwgT59AFDvpB4VbTS2TBBJ,,Europe,Netherlands,2,15
20260611-064816#108982324510,425712205,30,722RdWmHC5TGXBjTejzNjbc8xEiduVDLqZvoUGz6Xzbp,Solflare,Europe,Netherlands,3,14
20260611-064816#108982325276,425712208,28,22rU5yUmdVThrkoPieVNphqEyAtMQKmZxjwcD8v4bJDU,,Europe,Netherlands,2,15
20260611-064816#108982325509,425712209,5,22rU5yUmdVThrkoPieVNphqEyAtMQKmZxjwcD8v4bJDU,,Europe,Netherlands,4,13
20260611-064816#108982325795,425712210,35,22rU5yUmdVThrkoPieVNphqEyAtMQKmZxjwcD8v4bJDU,,Europe,Netherlands,2,15
20260611-064816#108982326071,425712211,55,22rU5yUmdVThrkoPieVNphqEyAtMQKmZxjwcD8v4bJDU,,Europe,Netherlands,4,13
20260611-064816#108982326315,425712212,43,EvnRmnMrd69kFdbLMxWkTn1icZ7DCceRhvmb2SJXqDo4,Everstake,Europe,Germany,3,14
20260611-064816#108982327321,425712216,25,5essVpBYvocZkQnkrWsMDfRPwtp4BeihJRaweKLR4dRn,Certora Validator,North America,United States,3,14
20260611-064816#108982328100,425712219,36,5essVpBYvocZkQnkrWsMDfRPwtp4BeihJRaweKLR4dRn,Certora Validator,North America,United States,3,14
20260611-064816#108982328627,425712221,51,A4hyMd3FyvUJSRafDUSwtLLaQcxRP4r1BRC9w2AJ1to2,Jito2 (Experimental),Europe,Netherlands,3,14
20260611-064816#108982329376,425712224,32,CiR8HNCfkjtcongPmP2DRdZPnFgjSbN5gsXdjmsXXHcB,Shiro,North America,United States,3,14
20260611-064816#108982330682,425712229,58,A1vqhA2fS6K7CvHsJKX1ACcHJFEmyRg4KuR5pctHANy4,,Europe,Netherlands,1,16
20260611-064816#108982331452,425712232,60,Fd7btgySsrjuo25CJCj7oE7VPMyezDhnx7pZkj2v69Nk,Figment,North America,Canada,1,16
20260611-064816#108982331698,425712233,50,Fd7btgySsrjuo25CJCj7oE7VPMyezDhnx7pZkj2v69Nk,Figment,North America,Canada,4,13
20260611-064816#108982331915,425712234,11,Fd7btgySsrjuo25CJCj7oE7VPMyezDhnx7pZkj2v69Nk,Figment,North America,Canada,4,13
20260611-064816#108982332163,425712235,3,Fd7btgySsrjuo25CJCj7oE7VPMyezDhnx7pZkj2v69Nk,Figment,North America,Canada,3,14
20260611-064816#108982332470,425712236,54,A1vqhA2fS6K7CvHsJKX1ACcHJFEmyRg4KuR5pctHANy4,,Europe,Netherlands,1,16
20260611-064816#108982335806,425712249,62,A1vqhA2fS6K7CvHsJKX1ACcHJFEmyRg4KuR5pctHANy4,,Europe,Netherlands,1,16
20260611-064816#108982337282,425712255,2,EXckihF3qmguH5znjhfzLvHsbk2E3nEW2DqNh4MMnDMm,,Europe,Germany,4,13
20260611-064816#108982337556,425712256,20,anza1rXDVhy1NfVNtsbT3kSBh2jgB1BGZUKuUibSAJd,Anza,Europe,United Kingdom,2,15
20260611-064816#108982338073,425712258,25,anza1rXDVhy1NfVNtsbT3kSBh2jgB1BGZUKuUibSAJd,Anza,Europe,United Kingdom,3,14
20260611-064816#108982339378,425712263,50,5pPRHniefFjkiaArbGX3Y8NUysJmQ9tMZg3FrFGwHzSm,Kiln1,Europe,Netherlands,4,13
20260611-064816#108982339882,425712265,42,DRpbCBMxVnDK7maPM5tGv6MvB3v1sRMC86PZ8okm21hy,binance staking,North America,United States,2,15
20260611-064816#108982340373,425712267,21,DRpbCBMxVnDK7maPM5tGv6MvB3v1sRMC86PZ8okm21hy,binance staking,North America,United States,3,14
20260611-064816#108982340908,425712269,44,DRpbCBMxVnDK7maPM5tGv6MvB3v1sRMC86PZ8okm21hy,binance staking,North America,United States,2,15
20260611-064816#108982342196,425712274,52,9jxgosAfHgHzwnxsHw4RAZYaLVokMbnYtmiZBreynGFP,,Europe,Netherlands,2,15
20260611-064816#108982342445,425712275,45,9jxgosAfHgHzwnxsHw4RAZYaLVokMbnYtmiZBreynGFP,,Europe,Netherlands,4,13
20260611-064816#108982343698,425712280,18,privaEdSEmnMPGPoQACUkcDGkFBbTArVvsEGd7C5wUM,,Europe,Germany,1,16
20260611-064816#108982344500,425712283,52,privaEdSEmnMPGPoQACUkcDGkFBbTArVvsEGd7C5wUM,,Europe,Germany,1,16
20260611-064816#108982345265,425712286,49,Fd7btgySsrjuo25CJCj7oE7VPMyezDhnx7pZkj2v69Nk,Figment,North America,Canada,3,14
20260611-064816#108982346006,425712289,22,DViARWAWKkxAzp4UCgbw5B9pLSrBY3PaztFErcwgVUKX,Code-Breader,North America,United States,4,13
20260611-064816#108982348850,425712300,50,Awes4Tr6TX8JDzEhCZY2QVNimT6iD1zWHzf1vNyGvpLM,Staking Facilities | MEV 🔥,Europe,Germany,4,13
20260611-064816#108982349316,425712302,4,Awes4Tr6TX8JDzEhCZY2QVNimT6iD1zWHzf1vNyGvpLM,Staking Facilities | MEV 🔥,Europe,Germany,4,13
20260611-064816#108982349593,425712303,25,Awes4Tr6TX8JDzEhCZY2QVNimT6iD1zWHzf1vNyGvpLM,Staking Facilities | MEV 🔥,Europe,Germany,3,14
20260611-064816#108982349862,425712304,38,7PdKhpKz7T39vZHFL1UfcYNDsLvay6hp4KPQq1aUckFf,Alpha Pro | High APY🚀 100% Reliable ⭐ VIP Services,Europe,Germany,3,14
20260611-064816#108982350093,425712305,13,7PdKhpKz7T39vZHFL1UfcYNDsLvay6hp4KPQq1aUckFf,Alpha Pro | High APY🚀 100% Reliable ⭐ VIP Services,Europe,Germany,2,15
20260611-064816#108982350346,425712306,10,7PdKhpKz7T39vZHFL1UfcYNDsLvay6hp4KPQq1aUckFf,Alpha Pro | High APY🚀 100% Reliable ⭐ VIP Services,Europe,Germany,1,16
20260611-064816#108982350642,425712307,50,7PdKhpKz7T39vZHFL1UfcYNDsLvay6hp4KPQq1aUckFf,Alpha Pro | High APY🚀 100% Reliable ⭐ VIP Services,Europe,Germany,2,15
20260611-064816#108982350902,425712308,54,5Cchr1XGEg7dbBXByV5NY2ad8jfxAM7HA3x8D56rq9Ux,Upbit Staking,North America,United States,1,16
20260611-064816#108982351128,425712309,24,5Cchr1XGEg7dbBXByV5NY2ad8jfxAM7HA3x8D56rq9Ux,Upbit Staking,North America,United States,4,13
20260611-064816#108982351373,425712310,13,5Cchr1XGEg7dbBXByV5NY2ad8jfxAM7HA3x8D56rq9Ux,Upbit Staking,North America,United States,4,13
20260611-064816#108982351659,425712311,43,5Cchr1XGEg7dbBXByV5NY2ad8jfxAM7HA3x8D56rq9Ux,Upbit Staking,North America,United States,3,14
20260611-064816#108982352408,425712314,24,DRpbCBMxVnDK7maPM5tGv6MvB3v1sRMC86PZ8okm21hy,binance staking,North America,United States,3,14
20260611-064816#108982352702,425712315,62,DRpbCBMxVnDK7maPM5tGv6MvB3v1sRMC86PZ8okm21hy,binance staking,North America,United States,3,14
20260611-064816#108982354749,425712323,61,FSyAsxcE7g8pSSEu5nx7Hkz44rMZiYio5Wz8Lszh3Nbi,Honeybee 🐝 +Jito,Europe,Netherlands,1,16
20260611-064816#108982355230,425712325,30,5ejbTALcBsKQ7Cj1iSuu2mY5jqbYHqh9gF5ERXLiYj1z,,Europe,Lithuania,3,14
20260611-064816#108982356542,425712330,62,EUcJwf7jXskRE6NZBtFPVH2EedNvNYko8LL2WT62XctB,StakeBowl,Europe,Germany,1,16
20260611-064816#108982357026,425712332,34,A1vqhA2fS6K7CvHsJKX1ACcHJFEmyRg4KuR5pctHANy4,,Europe,Netherlands,2,15
20260611-064816#108982357293,425712333,45,A1vqhA2fS6K7CvHsJKX1ACcHJFEmyRg4KuR5pctHANy4,,Europe,Netherlands,1,16
20260611-064816#108982357517,425712334,13,A1vqhA2fS6K7CvHsJKX1ACcHJFEmyRg4KuR5pctHANy4,,Europe,Netherlands,3,14
20260611-064816#108982358830,425712339,46,SPHERExTW7GaMgS4RN6MbghYvXU2REfFWHgpxMH1P69,Sphere,Europe,Germany,1,16
20260611-064816#108982360339,425712345,19,722RdWmHC5TGXBjTejzNjbc8xEiduVDLqZvoUGz6Xzbp,Solflare,Europe,Netherlands,4,13
20260611-064816#108982360605,425712346,29,722RdWmHC5TGXBjTejzNjbc8xEiduVDLqZvoUGz6Xzbp,Solflare,Europe,Netherlands,3,14
20260611-064816#108982361371,425712349,27,JupmVLmA8RoyTUbTMMuTtoPWHEiNQobxgTeGTrPNkzT,Jupiter,Europe,Germany,4,13
20260611-064816#108982361651,425712350,51,JupmVLmA8RoyTUbTMMuTtoPWHEiNQobxgTeGTrPNkzT,Jupiter,Europe,Germany,3,14
20260611-064816#108982362172,425712352,60,A1vqhA2fS6K7CvHsJKX1ACcHJFEmyRg4KuR5pctHANy4,,Europe,Netherlands,2,15
20260611-064816#108982362633,425712354,9,A1vqhA2fS6K7CvHsJKX1ACcHJFEmyRg4KuR5pctHANy4,,Europe,Netherlands,4,13
20260611-064816#108982362882,425712355,2,A1vqhA2fS6K7CvHsJKX1ACcHJFEmyRg4KuR5pctHANy4,,Europe,Netherlands,3,14
20260611-064816#108982363661,425712358,13,5ZqveVffQPiUbkjBg4KD9kib1MKHLqiFno4ke9jSq9qk,,Europe,Germany,4,13
20260611-064816#108982364193,425712360,33,CoG8d9Fp2TFJRkAmrPMiPsGhQWHzdTTVoegEp9svRgmJ,Nansen | Stake to Stack Points,Asia,Singapore,4,13
20260611-064816#108982364708,425712362,36,CoG8d9Fp2TFJRkAmrPMiPsGhQWHzdTTVoegEp9svRgmJ,Nansen | Stake to Stack Points,Asia,Singapore,4,13
20260611-064816#108982364967,425712363,39,CoG8d9Fp2TFJRkAmrPMiPsGhQWHzdTTVoegEp9svRgmJ,Nansen | Stake to Stack Points,Asia,Singapore,1,16
20260611-064816#108982365455,425712365,15,FbYX2uN573G5WsgiPdHU6fS5PNUyjdXfGfpZNkYUuT4k,,Europe,Sweden,3,14
20260611-064816#108982366502,425712369,38,CAo1dCGYrB6NhHh5xb1cGjUiu86iyCfMTENxgHumSve4,Kraken 2,North America,United States,3,14
20260611-064816#108982366995,425712371,19,CAo1dCGYrB6NhHh5xb1cGjUiu86iyCfMTENxgHumSve4,Kraken 2,North America,United States,2,15
20260611-064816#108982368012,425712375,12,GoeW4aFK4dGoekJySgUynWDxBZiQJqm8GDAF4H53tDK9,Twinstake,North America,,2,15
20260611-064816#108982368285,425712376,29,DRpbCBMxVnDK7maPM5tGv6MvB3v1sRMC86PZ8okm21hy,binance staking,North America,United States,3,14
20260611-064816#108982369599,425712381,63,9UM8wQ8F5oMiRcP5YdqD6Lr4krpBWCD8LtgQYoisJd9i,,Europe,United Kingdom,1,16
20260611-064816#108982369840,425712382,48,9UM8wQ8F5oMiRcP5YdqD6Lr4krpBWCD8LtgQYoisJd9i,,Europe,United Kingdom,4,13
20260611-064816#108982370096,425712383,48,9UM8wQ8F5oMiRcP5YdqD6Lr4krpBWCD8LtgQYoisJd9i,,Europe,United Kingdom,3,14
20260611-064816#108982370606,425712385,46,HarmonicyK3BwamKNtWnQAmUeK4GYGXXzeD9FD8WMyZi,Harmonic Major,Asia,Japan,2,15
20260611-064816#108982372890,425712394,26,HpcB5Qg8Y9E73dUkot5e8HkgAJbExsYeUzniY4bCuKac,,Europe,Lithuania,4,13
20260611-064816#108982373409,425712396,33,A9mvukTd77EbRoBX4ydSCFQHdu5bsRFkNXTTRstA8FAC,,Europe,Germany,2,15
20260611-064816#108982374199,425712399,55,A9mvukTd77EbRoBX4ydSCFQHdu5bsRFkNXTTRstA8FAC,,Europe,Germany,2,15
20260611-064816#108982374934,425712402,22,5Cchr1XGEg7dbBXByV5NY2ad8jfxAM7HA3x8D56rq9Ux,Upbit Staking,North America,United States,4,13
20260611-064816#108982375176,425712403,8,5Cchr1XGEg7dbBXByV5NY2ad8jfxAM7HA3x8D56rq9Ux,Upbit Staking,North America,United States,1,16
20260611-064816#108982376716,425712409,12,5ZqveVffQPiUbkjBg4KD9kib1MKHLqiFno4ke9jSq9qk,,Europe,Germany,4,13
20260611-064816#108982376983,425712410,23,5ZqveVffQPiUbkjBg4KD9kib1MKHLqiFno4ke9jSq9qk,,Europe,Germany,2,15
20260611-064816#108982377730,425712413,2,HpcB5Qg8Y9E73dUkot5e8HkgAJbExsYeUzniY4bCuKac,,Europe,Lithuania,1,16
20260611-064816#108982378036,425712414,52,HpcB5Qg8Y9E73dUkot5e8HkgAJbExsYeUzniY4bCuKac,,Europe,Lithuania,1,16
20260611-064816#108982378524,425712416,28,G3a3iYZKNLbivothF3twqcaTCEvoPb9uJ2bFc9DNKkBQ,,Europe,Germany,3,14
20260611-064816#108982378772,425712417,20,G3a3iYZKNLbivothF3twqcaTCEvoPb9uJ2bFc9DNKkBQ,,Europe,Germany,4,13
20260611-064816#108982379023,425712418,15,G3a3iYZKNLbivothF3twqcaTCEvoPb9uJ2bFc9DNKkBQ,,Europe,Germany,2,15
20260611-064816#108982379573,425712420,53,HpcB5Qg8Y9E73dUkot5e8HkgAJbExsYeUzniY4bCuKac,,Europe,Lithuania,4,13
20260611-064816#108982379815,425712421,39,HpcB5Qg8Y9E73dUkot5e8HkgAJbExsYeUzniY4bCuKac,,Europe,Lithuania,1,16
20260611-064816#108982381874,425712429,50,LimeA3gMLb2SjxrKbP7NsWk1UwTZrw4B6Ctc9dmVU6E,LimeChain,Europe,Bulgaria,1,16
20260611-064816#108982382121,425712430,41,LimeA3gMLb2SjxrKbP7NsWk1UwTZrw4B6Ctc9dmVU6E,LimeChain,Europe,Bulgaria,4,13
20260611-064816#108982382897,425712433,49,2mMGsb5uy1Q4Dvezr8HK2E8SJoChcb2X7b61tJPaVHHd,Chainflow,Europe,Sweden,2,15
20260611-064816#108982384675,425712440,35,mD1afZhSisoXfJLT8nYwSFANqjr1KPoDUEpYTEfFX1e,Block Parliament 🦉,Asia,Japan,1,16
20260611-064816#108982385682,425712444,18,krakeNd6ednDPEXxHAmoBs1qKVM8kLg79PvWF2mhXV1,Kraken,North America,United States,2,15
20260611-064816#108982386488,425712447,56,krakeNd6ednDPEXxHAmoBs1qKVM8kLg79PvWF2mhXV1,Kraken,North America,United States,3,14
20260611-064816#108982386959,425712449,15,DUND26mEDfFeaPsVof3YvbXDRvpuQX7HMUJrLgEWzYw4,,Asia,Japan,4,13
20260611-064816#108982387260,425712450,60,DUND26mEDfFeaPsVof3YvbXDRvpuQX7HMUJrLgEWzYw4,,Asia,Japan,1,16
20260611-064816#108982387487,425712451,31,DUND26mEDfFeaPsVof3YvbXDRvpuQX7HMUJrLgEWzYw4,,Asia,Japan,4,13
20260611-064816#108982388005,425712453,37,5ZqveVffQPiUbkjBg4KD9kib1MKHLqiFno4ke9jSq9qk,,Europe,Germany,4,13
20260611-064816#108982388284,425712454,60,5ZqveVffQPiUbkjBg4KD9kib1MKHLqiFno4ke9jSq9qk,,Europe,Germany,1,16
20260611-064816#108982389286,425712458,38,KoLibrJsbABbtmtFPc7nPvDxT81rc4UPM7mY9xSLjpo,Kolibrio,Europe,Netherlands,2,15
20260611-064816#108982389507,425712459,3,KoLibrJsbABbtmtFPc7nPvDxT81rc4UPM7mY9xSLjpo,Kolibrio,Europe,Netherlands,4,13
20260611-064816#108982390025,425712461,9,Fd7btgySsrjuo25CJCj7oE7VPMyezDhnx7pZkj2v69Nk,Figment,North America,Canada,4,13
20260611-064816#108982390589,425712463,61,Fd7btgySsrjuo25CJCj7oE7VPMyezDhnx7pZkj2v69Nk,Figment,North America,Canada,3,14
20260611-064816#108982390786,425712464,2,5Us18hLZPXJTS4QVuGSsUw137Dyd2tgBaem24Xsf5nBS,,Europe,Sweden,4,13
20260611-064816#108982391048,425712465,8,5Us18hLZPXJTS4QVuGSsUw137Dyd2tgBaem24Xsf5nBS,,Europe,Sweden,2,15
20260611-064816#108982391321,425712466,25,5Us18hLZPXJTS4QVuGSsUw137Dyd2tgBaem24Xsf5nBS,,Europe,Sweden,1,16
20260611-064816#108982392347,425712470,27,Fc6NNdS2j3EmrWbU6Uqt6wsKB5ef72NjaWfNxKYbULGD,OKX Earn,Asia,Singapore,2,15
20260611-064816#108982392850,425712472,18,JD549HsbJHeEKKUrKgg4Fj2iyv2RGjsV7NTZjZUrHybB,Forward Industries,North America,United States,1,16
20260611-064816#108982393089,425712473,1,JD549HsbJHeEKKUrKgg4Fj2iyv2RGjsV7NTZjZUrHybB,Forward Industries,North America,United States,4,13
20260611-064816#108982393662,425712475,62,JD549HsbJHeEKKUrKgg4Fj2iyv2RGjsV7NTZjZUrHybB,Forward Industries,North America,United States,3,14
20260611-064816#108982393870,425712476,14,GQzMeEMwAR44ugoNCifTb5NdRKos1GduDUPeNh6AgV46,,Asia,Japan,4,13
20260611-064816#108982394135,425712477,23,GQzMeEMwAR44ugoNCifTb5NdRKos1GduDUPeNh6AgV46,,Asia,Japan,3,14
20260611-064816#108982398269,425712493,61,BoNKmNCGvoHS4CkKvYRnF21iEpUP827pZjhFGdA4t5as,BONK,North America,United States,3,14
20260611-064816#108982398778,425712495,58,BoNKmNCGvoHS4CkKvYRnF21iEpUP827pZjhFGdA4t5as,BONK,North America,United States,2,15
20260611-064816#108982399795,425712499,51,HTeRsa3gm3CGrizMoCrtWj4uBZ1NKYcGqh8jfBu2u3Jo,,Europe,United Kingdom,4,13
20260611-064816#108982400821,425712503,53,q9XWcZ7T1wP4bW9SB4XgNNwjnFEJ982nE8aVbbNuwot,Ledger by Figment,Europe,Germany,3,14
20260611-064816#108982404142,425712516,46,5EhGYUyQNrxgUbuYF4vbL2SZDT6RMfhq3yjeyevvULeC,,Asia,Japan,2,15
20260611-064816#108982404397,425712517,45,5EhGYUyQNrxgUbuYF4vbL2SZDT6RMfhq3yjeyevvULeC,,Asia,Japan,4,13
20260611-064816#108982404658,425712518,50,5EhGYUyQNrxgUbuYF4vbL2SZDT6RMfhq3yjeyevvULeC,,Asia,Japan,1,16
20260611-064816#108982404875,425712519,11,5EhGYUyQNrxgUbuYF4vbL2SZDT6RMfhq3yjeyevvULeC,,Asia,Japan,4,13
20260611-064816#108982405399,425712521,23,EvnRmnMrd69kFdbLMxWkTn1icZ7DCceRhvmb2SJXqDo4,Everstake,Europe,Germany,3,14
20260611-064816#108982405911,425712523,23,EvnRmnMrd69kFdbLMxWkTn1icZ7DCceRhvmb2SJXqDo4,Everstake,Europe,Germany,2,15
20260611-064816#108982406718,425712526,62,76rcGHdPvgs8G1XrzCXUTWtwgT59AFDvpB4VbTS2TBBJ,,Europe,Netherlands,1,16
20260611-064816#108982406946,425712527,34,76rcGHdPvgs8G1XrzCXUTWtwgT59AFDvpB4VbTS2TBBJ,,Europe,Netherlands,2,15
20260611-064816#108982407178,425712528,10,bcZxRSozXDb61a77rxL6n9yumsbatqC7RFmZ8Xi5K8V,,North America,United States,3,14
20260611-064816#108982407443,425712529,19,bcZxRSozXDb61a77rxL6n9yumsbatqC7RFmZ8Xi5K8V,,North America,United States,4,13
20260611-064816#108982407717,425712530,37,bcZxRSozXDb61a77rxL6n9yumsbatqC7RFmZ8Xi5K8V,,North America,United States,2,15
20260611-064816#108982408194,425712532,2,8tjFeSApQ85ThoQXT28acfF2KUfQr3TvTdirSkzNnYC7,,North America,Canada,3,14
20260611-064816#108982408986,425712535,26,8tjFeSApQ85ThoQXT28acfF2KUfQr3TvTdirSkzNnYC7,,North America,Canada,4,13
20260611-064816#108982409232,425712536,16,c3rtoMCHSbFrLRTAdw4iRowKSn4BrDtvSPbuyJwkHwx,Latitude.sh,South America,Brazil,3,14
20260611-064816#108982410028,425712539,44,c3rtoMCHSbFrLRTAdw4iRowKSn4BrDtvSPbuyJwkHwx,Latitude.sh,South America,Brazil,3,14
20260611-064816#108982410247,425712540,7,5Us18hLZPXJTS4QVuGSsUw137Dyd2tgBaem24Xsf5nBS,,Europe,Sweden,4,13
20260611-064816#108982410505,425712541,9,5Us18hLZPXJTS4QVuGSsUw137Dyd2tgBaem24Xsf5nBS,,Europe,Sweden,3,14
20260611-064816#108982410796,425712542,44,5Us18hLZPXJTS4QVuGSsUw137Dyd2tgBaem24Xsf5nBS,,Europe,Sweden,2,15
20260611-064816#108982411033,425712543,25,5Us18hLZPXJTS4QVuGSsUw137Dyd2tgBaem24Xsf5nBS,,Europe,Sweden,4,13
20260611-064816#108982411553,425712545,33,HEL1USMZKAL2odpNBj2oCjffnFGaYwmbGmyewGv1e2TU,Helius,Europe,United Kingdom,4,13
20260611-064816#108982413592,425712553,24,4mtXJ5pUcMMB4t8cLbi7zfDJCHfYLRrQb4qSLmh57sKL,,Europe,Ireland,4,13
20260611-064816#108982413858,425712554,34,4mtXJ5pUcMMB4t8cLbi7zfDJCHfYLRrQb4qSLmh57sKL,,Europe,Ireland,3,14
20260611-064816#108982414081,425712555,1,4mtXJ5pUcMMB4t8cLbi7zfDJCHfYLRrQb4qSLmh57sKL,,Europe,Ireland,4,13
20260611-064816#108982414859,425712558,11,XkCriyrNwS3G4rzAXtG5B1nnvb5Ka1JtCku93VqeKAr,Coinbase,Europe,Netherlands,3,14
20260611-064816#108982415395,425712560,35,GYx8kpp7SsRwtQEEsGQjAxb4hFMMmT91kFJuDeky3YGQ,,Asia,Japan,1,16
20260611-064816#108982415929,425712562,57,GYx8kpp7SsRwtQEEsGQjAxb4hFMMmT91kFJuDeky3YGQ,,Asia,Japan,1,16
20260611-064816#108982416659,425712565,19,6yFGGAgYpBxgYPuHW4rv7hJmhKrUiXKyHkpVGaYtKrwE,Watchtower,North America,United States,4,13
20260611-064816#108982416897,425712566,1,6yFGGAgYpBxgYPuHW4rv7hJmhKrUiXKyHkpVGaYtKrwE,Watchtower,North America,United States,4,13
20260611-064816#108982417186,425712567,34,6yFGGAgYpBxgYPuHW4rv7hJmhKrUiXKyHkpVGaYtKrwE,Watchtower,North America,United States,3,14
20260611-064816#108982417469,425712568,61,CAo1dCGYrB6NhHh5xb1cGjUiu86iyCfMTENxgHumSve4,Kraken 2,North America,United States,2,15
20260611-064816#108982417701,425712569,37,CAo1dCGYrB6NhHh5xb1cGjUiu86iyCfMTENxgHumSve4,Kraken 2,North America,United States,4,13
20260611-064816#108982417948,425712570,28,CAo1dCGYrB6NhHh5xb1cGjUiu86iyCfMTENxgHumSve4,Kraken 2,North America,United States,3,14
20260611-064816#108982419230,425712575,30,HEL1USMZKAL2odpNBj2oCjffnFGaYwmbGmyewGv1e2TU,Helius,Europe,United Kingdom,2,15
20260611-064816#108982420755,425712581,19,5pPRHniefFjkiaArbGX3Y8NUysJmQ9tMZg3FrFGwHzSm,Kiln1,Europe,Netherlands,1,16
20260611-064816#108982421005,425712582,13,5pPRHniefFjkiaArbGX3Y8NUysJmQ9tMZg3FrFGwHzSm,Kiln1,Europe,Netherlands,2,15
20260611-064816#108982421286,425712583,38,5pPRHniefFjkiaArbGX3Y8NUysJmQ9tMZg3FrFGwHzSm,Kiln1,Europe,Netherlands,3,14
20260611-064816#108982421524,425712584,20,EdGevanA2MZsDpxDXK6b36FH7RCcTuDZZRcc6MEyE9hy,Edgevana,Europe,Netherlands,4,13
20260611-064816#108982422847,425712589,63,FNTPSUuRpDoJx1hwFmB5ncNLLMX42aE83P4hsFYUfNRL,Nodz,North America,United States,2,15
20260611-064816#108982423346,425712591,50,FNTPSUuRpDoJx1hwFmB5ncNLLMX42aE83P4hsFYUfNRL,Nodz,North America,United States,3,14
20260611-064816#108982423561,425712592,9,2GUnfxZavKoPfS9s3VSEjaWDzB3vNf5RojUhprCS1rSx,,Asia,Japan,2,15
20260611-064816#108982423825,425712593,17,2GUnfxZavKoPfS9s3VSEjaWDzB3vNf5RojUhprCS1rSx,,Asia,Japan,2,15
20260611-064816#108982424088,425712594,24,2GUnfxZavKoPfS9s3VSEjaWDzB3vNf5RojUhprCS1rSx,,Asia,Japan,4,13
20260611-064816#108982424604,425712596,28,bitHUmbKSQDTGoyoiW3BeqaGWdyV5sS3nYt5SduUHfb,,Asia,South Korea,2,15
20260611-064816#108982424846,425712597,14,bitHUmbKSQDTGoyoiW3BeqaGWdyV5sS3nYt5SduUHfb,,Asia,South Korea,4,13
20260611-064816#108982425094,425712598,6,bitHUmbKSQDTGoyoiW3BeqaGWdyV5sS3nYt5SduUHfb,,Asia,South Korea,3,14
20260611-064816#108982425407,425712599,63,bitHUmbKSQDTGoyoiW3BeqaGWdyV5sS3nYt5SduUHfb,,Asia,South Korea,1,16
20260611-064816#108982425633,425712600,33,9W3QTgBhkU4Bwg6cwnDJo6eGZ9BtZafSdu1Lo9JmWws7,Coinbase 03,Asia,Japan,4,13
20260611-064816#108982425868,425712601,12,9W3QTgBhkU4Bwg6cwnDJo6eGZ9BtZafSdu1Lo9JmWws7,Coinbase 03,Asia,Japan,3,14
20260611-064816#108982426135,425712602,23,9W3QTgBhkU4Bwg6cwnDJo6eGZ9BtZafSdu1Lo9JmWws7,Coinbase 03,Asia,Japan,1,16
20260611-064816#108982429460,425712615,20,2m1A2WM1vte7RWz5xTTw4i1SiXmngVtXhqFERaUjoAAb,,North America,United States,3,14
20260611-064816#108982429759,425712616,63,DRpbCBMxVnDK7maPM5tGv6MvB3v1sRMC86PZ8okm21hy,binance staking,North America,United States,3,14
20260611-064816#108982430763,425712620,43,JupmVLmA8RoyTUbTMMuTtoPWHEiNQobxgTeGTrPNkzT,Jupiter,Europe,Germany,3,14
20260611-064816#108982431039,425712621,63,JupmVLmA8RoyTUbTMMuTtoPWHEiNQobxgTeGTrPNkzT,Jupiter,Europe,Germany,2,15
20260611-064816#108982431505,425712623,17,JupmVLmA8RoyTUbTMMuTtoPWHEiNQobxgTeGTrPNkzT,Jupiter,Europe,Germany,4,13
20260611-064816#108982432051,425712625,51,6gnbmed7kzwQVQ7ghsjgEuCoYmGeWciV2qCwni6WS6HU,Capital Alliance 🔥,Europe,Albania,3,14
20260611-064816#108982432276,425712626,20,6gnbmed7kzwQVQ7ghsjgEuCoYmGeWciV2qCwni6WS6HU,Capital Alliance 🔥,Europe,Albania,3,14
20260611-064816#108982432813,425712628,45,9Wmaz9VPpEnH67ZqrvYd9bcH66DtsGaEKcSQE1ac5wkf,LumLabs,Asia,Singapore,2,15
20260611-064816#108982433326,425712630,46,9Wmaz9VPpEnH67ZqrvYd9bcH66DtsGaEKcSQE1ac5wkf,LumLabs,Asia,Singapore,3,14
20260611-064816#108982434067,425712633,19,HbidP4hpQdwhkzrxder3x3VNPt6DQnE25gFG46napD2p,,Europe,Netherlands,4,13
20260611-064816#108982434838,425712636,22,Fd7btgySsrjuo25CJCj7oE7VPMyezDhnx7pZkj2v69Nk,Figment,North America,Canada,2,15
20260611-064816#108982436381,425712642,29,E1r4Psq84tHfQ6aPTvvDka4U3u8zPVD7gEUrH25RdxHL,Bitwise Onchain Solutions,Europe,Germany,4,13
20260611-064816#108982437154,425712645,34,EXckihF3qmguH5znjhfzLvHsbk2E3nEW2DqNh4MMnDMm,,Europe,Germany,3,14
20260611-064816#108982437378,425712646,2,EXckihF3qmguH5znjhfzLvHsbk2E3nEW2DqNh4MMnDMm,,Europe,Germany,2,15
20260611-064816#108982437652,425712647,20,EXckihF3qmguH5znjhfzLvHsbk2E3nEW2DqNh4MMnDMm,,Europe,Germany,3,14
20260611-064816#108982438199,425712649,55,5EhGYUyQNrxgUbuYF4vbL2SZDT6RMfhq3yjeyevvULeC,,Asia,Japan,4,13
20260611-064816#108982438659,425712651,3,5EhGYUyQNrxgUbuYF4vbL2SZDT6RMfhq3yjeyevvULeC,,Asia,Japan,4,13
20260611-064816#108982439183,425712653,15,HEL1USMZKAL2odpNBj2oCjffnFGaYwmbGmyewGv1e2TU,Helius,Europe,United Kingdom,4,13
20260611-064816#108982440751,425712659,47,Fc6NNdS2j3EmrWbU6Uqt6wsKB5ef72NjaWfNxKYbULGD,OKX Earn,Asia,Singapore,1,16
20260611-064816#108982440961,425712660,1,9eGrDohdNTAo61DRHyfMuqKWXqYnA3i254Wiszxe8FoY,Galaxy,North America,United States,4,13
20260611-064816#108982441229,425712661,13,9eGrDohdNTAo61DRHyfMuqKWXqYnA3i254Wiszxe8FoY,Galaxy,North America,United States,2,15
20260611-064816#108982441497,425712662,25,9eGrDohdNTAo61DRHyfMuqKWXqYnA3i254Wiszxe8FoY,Galaxy,North America,United States,3,14
20260611-064816#108982441754,425712663,26,9eGrDohdNTAo61DRHyfMuqKWXqYnA3i254Wiszxe8FoY,Galaxy,North America,United States,3,14
20260611-064816#108982442786,425712667,34,6y7V8dL673XFzm9QyC5vvh3itWkp7wztahBd2yDqsyrK,,Europe,Lithuania,3,14
20260611-064816#108982443578,425712670,58,HEL1USMZKAL2odpNBj2oCjffnFGaYwmbGmyewGv1e2TU,Helius,Europe,United Kingdom,3,14
20260611-064816#108982444088,425712672,56,A1vqhA2fS6K7CvHsJKX1ACcHJFEmyRg4KuR5pctHANy4,,Europe,Netherlands,2,15
20260611-064816#108982444290,425712673,2,A1vqhA2fS6K7CvHsJKX1ACcHJFEmyRg4KuR5pctHANy4,,Europe,Netherlands,4,13
20260611-064816#108982445073,425712676,17,AHZxzLeRGRfNVFrCmP58iJgEwbcXyZeAkZ32CmbfEmYR,,North America,United States,2,15
20260611-064816#108982445366,425712677,54,AHZxzLeRGRfNVFrCmP58iJgEwbcXyZeAkZ32CmbfEmYR,,North America,United States,1,16
20260611-064816#108982445603,425712678,35,AHZxzLeRGRfNVFrCmP58iJgEwbcXyZeAkZ32CmbfEmYR,,North America,United States,4,13
20260611-064816#108982447125,425712684,21,FBKFWadXZJahGtFitAsBvbqh5968gLY7dMBBJUoUjeNi,,Europe,Ireland,3,14
20260611-064816#108982447378,425712685,18,FBKFWadXZJahGtFitAsBvbqh5968gLY7dMBBJUoUjeNi,,Europe,Ireland,3,14
20260611-064816#108982447912,425712687,40,FBKFWadXZJahGtFitAsBvbqh5968gLY7dMBBJUoUjeNi,,Europe,Ireland,3,14
20260611-064816#108982448129,425712688,1,Awes4Tr6TX8JDzEhCZY2QVNimT6iD1zWHzf1vNyGvpLM,Staking Facilities | MEV 🔥,Europe,Germany,3,14
20260611-064816#108982448422,425712689,38,Awes4Tr6TX8JDzEhCZY2QVNimT6iD1zWHzf1vNyGvpLM,Staking Facilities | MEV 🔥,Europe,Germany,3,14
20260611-064816#108982448698,425712690,58,Awes4Tr6TX8JDzEhCZY2QVNimT6iD1zWHzf1vNyGvpLM,Staking Facilities | MEV 🔥,Europe,Germany,2,15
20260611-064816#108982448930,425712691,34,Awes4Tr6TX8JDzEhCZY2QVNimT6iD1zWHzf1vNyGvpLM,Staking Facilities | MEV 🔥,Europe,Germany,3,14
20260611-064816#108982450713,425712698,25,6ptuwW4rg5A3wP9hNKxeymG3QhSagugPd3grnMTGJwWG,,Europe,United Kingdom,4,13
20260611-064816#108982450993,425712699,49,6ptuwW4rg5A3wP9hNKxeymG3QhSagugPd3grnMTGJwWG,,Europe,United Kingdom,1,16
20260611-064816#108982452998,425712707,6,HH5dA42XF1HxNk1TRpG6LuKfLViMYNdAz5iWrFM4hWFi,Trust Nodes,Europe,Netherlands,1,16
20260611-064816#108982453265,425712708,17,4SNKY7GCp7ohY4AawND5Cc2D71sWMWN3Uifo854yvtks,,North America,United States,3,14
20260611-064816#108982454847,425712714,63,DrifTrN923QaouP89UxkQzFGbumKPCnfkNYQRwmZxatz,Drift,Europe,Netherlands,2,15
20260611-064816#108982455580,425712717,28,HEL1USMZKAL2odpNBj2oCjffnFGaYwmbGmyewGv1e2TU,Helius,Europe,United Kingdom,2,15
20260611-064816#108982456087,425712719,23,HEL1USMZKAL2odpNBj2oCjffnFGaYwmbGmyewGv1e2TU,Helius,Europe,United Kingdom,2,15
20260611-064816#108982456358,425712720,38,Awes4Tr6TX8JDzEhCZY2QVNimT6iD1zWHzf1vNyGvpLM,Staking Facilities | MEV 🔥,Europe,Germany,3,14
20260611-064816#108982456895,425712722,63,Awes4Tr6TX8JDzEhCZY2QVNimT6iD1zWHzf1vNyGvpLM,Staking Facilities | MEV 🔥,Europe,Germany,2,15
20260611-064816#108982457121,425712723,33,Awes4Tr6TX8JDzEhCZY2QVNimT6iD1zWHzf1vNyGvpLM,Staking Facilities | MEV 🔥,Europe,Germany,3,14
20260611-064816#108982458430,425712728,62,5EhGYUyQNrxgUbuYF4vbL2SZDT6RMfhq3yjeyevvULeC,,Asia,Japan,3,14
20260611-064816#108982459424,425712732,32,sTEVErNNwF2qPnV6DuNPkWpEyCt4UU6k2Y3Hyn7WUFu,STEVE,South America,Brazil,1,16
20260611-064816#108982459708,425712733,60,sTEVErNNwF2qPnV6DuNPkWpEyCt4UU6k2Y3Hyn7WUFu,STEVE,South America,Brazil,2,15
20260611-064816#108982459951,425712734,47,sTEVErNNwF2qPnV6DuNPkWpEyCt4UU6k2Y3Hyn7WUFu,STEVE,South America,Brazil,4,13
20260611-064816#108982461197,425712739,13,E1r4Psq84tHfQ6aPTvvDka4U3u8zPVD7gEUrH25RdxHL,Bitwise Onchain Solutions,Europe,Germany,4,13
20260611-064816#108982461492,425712740,52,BXAxLMMMUNYfC1z166VjWHR3WjTmqzLxB837o5ghmRtH,,Europe,Ireland,3,14
20260611-064816#108982461756,425712741,60,BXAxLMMMUNYfC1z166VjWHR3WjTmqzLxB837o5ghmRtH,,Europe,Ireland,3,14
20260611-064816#108982462524,425712744,60,GSTampk6BJRKSDkzhaMM49R7qRx98MTPYYWvKbp83XKc,,Europe,Netherlands,4,13
20260611-064816#108982464053,425712750,53,CAo1dCGYrB6NhHh5xb1cGjUiu86iyCfMTENxgHumSve4,Kraken 2,North America,United States,3,14
20260611-064816#108982464259,425712751,3,CAo1dCGYrB6NhHh5xb1cGjUiu86iyCfMTENxgHumSve4,Kraken 2,North America,United States,4,13
20260611-064816#108982465074,425712754,50,JupmVLmA8RoyTUbTMMuTtoPWHEiNQobxgTeGTrPNkzT,Jupiter,Europe,Germany,3,14
20260611-064816#108982466058,425712758,10,CAo1dCGYrB6NhHh5xb1cGjUiu86iyCfMTENxgHumSve4,Kraken 2,North America,United States,2,15
20260611-064816#108982467133,425712762,61,JupmVLmA8RoyTUbTMMuTtoPWHEiNQobxgTeGTrPNkzT,Jupiter,Europe,Germany,1,16
20260611-064816#108982467635,425712764,51,anza1rXDVhy1NfVNtsbT3kSBh2jgB1BGZUKuUibSAJd,Anza,Europe,United Kingdom,3,14
20260611-064816#108982468409,425712767,57,anza1rXDVhy1NfVNtsbT3kSBh2jgB1BGZUKuUibSAJd,Anza,Europe,United Kingdom,3,14
20260611-064816#108982468926,425712769,62,FNKgX9dYUhYQFRTM9bkeKoRpsyEtZGNMxbdQLDzfqB8a,Coinbase 04,Europe,Netherlands,1,16
20260611-064816#108982469156,425712770,36,FNKgX9dYUhYQFRTM9bkeKoRpsyEtZGNMxbdQLDzfqB8a,Coinbase 04,Europe,Netherlands,4,13
20260611-064816#108982469379,425712771,3,FNKgX9dYUhYQFRTM9bkeKoRpsyEtZGNMxbdQLDzfqB8a,Coinbase 04,Europe,Netherlands,4,13
20260611-064816#108982469679,425712772,47,CaveyttUBTKttncu1e4RF814XjuoGfYv8cEsiKGDNCPX,Cavey Cool,North America,United States,1,16
20260611-064816#108982469907,425712773,19,CaveyttUBTKttncu1e4RF814XjuoGfYv8cEsiKGDNCPX,Cavey Cool,North America,United States,4,13
20260611-064816#108982470182,425712774,38,CaveyttUBTKttncu1e4RF814XjuoGfYv8cEsiKGDNCPX,Cavey Cool,North America,United States,1,16
20260611-064816#108982472995,425712785,35,Fd7btgySsrjuo25CJCj7oE7VPMyezDhnx7pZkj2v69Nk,Figment,North America,Canada,3,14
20260611-064816#108982473270,425712786,54,Fd7btgySsrjuo25CJCj7oE7VPMyezDhnx7pZkj2v69Nk,Figment,North America,Canada,2,15
20260611-064816#108982474786,425712792,34,EvnRmnMrd69kFdbLMxWkTn1icZ7DCceRhvmb2SJXqDo4,Everstake,Europe,Germany,3,14
20260611-064816#108982475038,425712793,30,EvnRmnMrd69kFdbLMxWkTn1icZ7DCceRhvmb2SJXqDo4,Everstake,Europe,Germany,4,13
20260611-064816#108982475310,425712794,46,EvnRmnMrd69kFdbLMxWkTn1icZ7DCceRhvmb2SJXqDo4,Everstake,Europe,Germany,1,16
20260611-064816#108982476308,425712798,20,DRpbCBMxVnDK7maPM5tGv6MvB3v1sRMC86PZ8okm21hy,binance staking,North America,United States,4,13
20260611-064816#108982477328,425712802,16,3cZSHGfNdaULpFAvGbWbxpVwzXB4gHdk8NFucPNR5pgA,Ghost,North America,United States,3,14
20260611-064816#108982478909,425712808,61,CW9C7HBwAMgqNdXkNgFg9Ujr3edR2Ab9ymEuQnVacd1A,Coinbase 02,Europe,United Kingdom,2,15
20260611-064816#108982479668,425712811,52,CW9C7HBwAMgqNdXkNgFg9Ujr3edR2Ab9ymEuQnVacd1A,Coinbase 02,Europe,United Kingdom,3,14
20260611-064816#108982479912,425712812,40,A1vqhA2fS6K7CvHsJKX1ACcHJFEmyRg4KuR5pctHANy4,,Europe,Netherlands,3,14
20260611-064816#108982480645,425712815,5,A1vqhA2fS6K7CvHsJKX1ACcHJFEmyRg4KuR5pctHANy4,,Europe,Netherlands,3,14
20260611-064816#108982480903,425712816,7,CAo1dCGYrB6NhHh5xb1cGjUiu86iyCfMTENxgHumSve4,Kraken 2,North America,United States,3,14
20260611-064816#108982481441,425712818,33,CAo1dCGYrB6NhHh5xb1cGjUiu86iyCfMTENxgHumSve4,Kraken 2,North America,United States,4,13
20260611-064816#108982481675,425712819,11,CAo1dCGYrB6NhHh5xb1cGjUiu86iyCfMTENxgHumSve4,Kraken 2,North America,United States,1,16
20260611-064816#108982481979,425712820,59,6y7V8dL673XFzm9QyC5vvh3itWkp7wztahBd2yDqsyrK,,Europe,Lithuania,3,14
20260611-064816#108982482472,425712822,40,6y7V8dL673XFzm9QyC5vvh3itWkp7wztahBd2yDqsyrK,,Europe,Lithuania,2,15
20260611-064816#108982482989,425712824,45,7QQGNm3ptwinipDCyaCF7jY5katgmFUu1ieP2f7nwLpE,,Europe,Lithuania,3,14
20260611-064816#108982483483,425712826,27,7QQGNm3ptwinipDCyaCF7jY5katgmFUu1ieP2f7nwLpE,,Europe,Lithuania,1,16
20260611-064816#108982483776,425712827,64,7QQGNm3ptwinipDCyaCF7jY5katgmFUu1ieP2f7nwLpE,,Europe,Lithuania,3,14
20260611-064816#108982484031,425712828,63,DUND26mEDfFeaPsVof3YvbXDRvpuQX7HMUJrLgEWzYw4,,Asia,Japan,3,14
20260611-064816#108982484526,425712830,46,DUND26mEDfFeaPsVof3YvbXDRvpuQX7HMUJrLgEWzYw4,,Asia,Japan,3,14
20260611-064816#108982484743,425712831,7,DUND26mEDfFeaPsVof3YvbXDRvpuQX7HMUJrLgEWzYw4,,Asia,Japan,1,16
20260611-064816#108982486791,425712839,7,Awes4Tr6TX8JDzEhCZY2QVNimT6iD1zWHzf1vNyGvpLM,Staking Facilities | MEV 🔥,Europe,Germany,4,13
20260611-064816#108982488378,425712845,58,E1r4Psq84tHfQ6aPTvvDka4U3u8zPVD7gEUrH25RdxHL,Bitwise Onchain Solutions,Europe,Germany,3,14
20260611-064816#108982489106,425712848,18,HpcB5Qg8Y9E73dUkot5e8HkgAJbExsYeUzniY4bCuKac,,Europe,Lithuania,1,16
20260611-064816#108982489647,425712850,47,HpcB5Qg8Y9E73dUkot5e8HkgAJbExsYeUzniY4bCuKac,,Europe,Lithuania,4,13
20260611-064816#108982489869,425712851,13,HpcB5Qg8Y9E73dUkot5e8HkgAJbExsYeUzniY4bCuKac,,Europe,Lithuania,2,15
20260611-064816#108982490127,425712852,15,EkvdKhULbMFqjKBKotAzGi3kwMvMpYNDKJXXQQmi6C1f,,Europe,Netherlands,4,13
20260611-064816#108982490649,425712854,25,EkvdKhULbMFqjKBKotAzGi3kwMvMpYNDKJXXQQmi6C1f,,Europe,Netherlands,1,16
20260611-064816#108982490937,425712855,57,EkvdKhULbMFqjKBKotAzGi3kwMvMpYNDKJXXQQmi6C1f,,Europe,Netherlands,3,14
20260611-064816#108982491441,425712857,49,5Cchr1XGEg7dbBXByV5NY2ad8jfxAM7HA3x8D56rq9Ux,Upbit Staking,North America,United States,1,16
20260611-064816#108982491687,425712858,39,5Cchr1XGEg7dbBXByV5NY2ad8jfxAM7HA3x8D56rq9Ux,Upbit Staking,North America,United States,4,13
20260611-064816#108982496305,425712876,49,GwHH8ciFhR8vejWCqmg8FWZUCNtubPY2esALvy5tBvji,ART3MIS.CLOUD ☘️,Europe,Netherlands,3,14
20260611-064816#108982497063,425712879,39,GwHH8ciFhR8vejWCqmg8FWZUCNtubPY2esALvy5tBvji,ART3MIS.CLOUD ☘️,Europe,Netherlands,2,15
20260611-064816#108982498346,425712884,42,JD549HsbJHeEKKUrKgg4Fj2iyv2RGjsV7NTZjZUrHybB,Forward Industries,North America,United States,3,14
20260611-064816#108982498616,425712885,56,JD549HsbJHeEKKUrKgg4Fj2iyv2RGjsV7NTZjZUrHybB,Forward Industries,North America,United States,3,14
20260611-064816#108982498854,425712886,38,JD549HsbJHeEKKUrKgg4Fj2iyv2RGjsV7NTZjZUrHybB,Forward Industries,North America,United States,1,16
20260611-064816#108982499348,425712888,20,DUND26mEDfFeaPsVof3YvbXDRvpuQX7HMUJrLgEWzYw4,,Asia,Japan,3,14
20260611-064816#108982500123,425712891,27,DUND26mEDfFeaPsVof3YvbXDRvpuQX7HMUJrLgEWzYw4,,Asia,Japan,4,13
20260611-064816#108982500626,425712893,18,BkoS26vBuaXnSowACdChi4WKid8UwmuPNhEJWa8KsLHd,,Europe,Germany,4,13
20260611-064816#108982500887,425712894,23,BkoS26vBuaXnSowACdChi4WKid8UwmuPNhEJWa8KsLHd,,Europe,Germany,3,14
20260611-064816#108982501651,425712897,19,7y5VhV4fkz6r4zUmH2UiwPjLwXzPL1PcV28or5NWkWRL,Haus – Best APY & No Fees,Europe,Germany,4,13
20260611-064816#108982504497,425712908,49,G9vCpJUUSpEm4zPwzSNpDmZ8MGwLEbiSLV59EBzCGvzM,AP Node,Asia,Japan,3,14
20260611-064816#108982504723,425712909,19,G9vCpJUUSpEm4zPwzSNpDmZ8MGwLEbiSLV59EBzCGvzM,AP Node,Asia,Japan,4,13
20260611-064816#108982505518,425712912,46,8a4juhtQScHcXPAcqVF3otxLMqxZMDALcE3FEVGBnKu8,,Europe,Germany,4,13
20260611-064816#108982506018,425712914,34,8a4juhtQScHcXPAcqVF3otxLMqxZMDALcE3FEVGBnKu8,,Europe,Germany,3,14
20260611-064816#108982506766,425712917,14,3JotfSFPaod4KVK7nj7ULvcq5PjUBdZNVGracNkJNhrt,,Europe,Germany,2,15
20260611-064816#108982507827,425712921,51,9eGrDohdNTAo61DRHyfMuqKWXqYnA3i254Wiszxe8FoY,Galaxy,North America,United States,3,14
20260611-064816#108982508323,425712923,35,9eGrDohdNTAo61DRHyfMuqKWXqYnA3i254Wiszxe8FoY,Galaxy,North America,United States,3,14
20260611-064816#108982509591,425712928,23,Awes4Tr6TX8JDzEhCZY2QVNimT6iD1zWHzf1vNyGvpLM,Staking Facilities | MEV 🔥,Europe,Germany,4,13
20260611-064816#108982509872,425712929,48,Awes4Tr6TX8JDzEhCZY2QVNimT6iD1zWHzf1vNyGvpLM,Staking Facilities | MEV 🔥,Europe,Germany,2,15
20260611-064816#108982510114,425712930,34,Awes4Tr6TX8JDzEhCZY2QVNimT6iD1zWHzf1vNyGvpLM,Staking Facilities | MEV 🔥,Europe,Germany,4,13
20260611-064816#108982510347,425712931,11,Awes4Tr6TX8JDzEhCZY2QVNimT6iD1zWHzf1vNyGvpLM,Staking Facilities | MEV 🔥,Europe,Germany,4,13
20260611-064816#108982510638,425712932,46,4NwpynvugnHvyLzr5h9Y7mw44saGJXDNoBjm6wgMiYDr,,Europe,Netherlands,3,14
20260611-064816#108982510896,425712933,48,4NwpynvugnHvyLzr5h9Y7mw44saGJXDNoBjm6wgMiYDr,,Europe,Netherlands,2,15
20260611-064816#108982511105,425712934,1,4NwpynvugnHvyLzr5h9Y7mw44saGJXDNoBjm6wgMiYDr,,Europe,Netherlands,4,13
20260611-064816#108982511647,425712936,31,vu1sGn2f1Xim6voHNLt4nLn38zNkYdLasU7hEr1TC2D,Allnodes ⚡️ 0% fee,Europe,Germany,4,13
20260611-064816#108982512150,425712938,22,vu1sGn2f1Xim6voHNLt4nLn38zNkYdLasU7hEr1TC2D,Allnodes ⚡️ 0% fee,Europe,Germany,4,13
20260611-064816#108982512427,425712939,43,vu1sGn2f1Xim6voHNLt4nLn38zNkYdLasU7hEr1TC2D,Allnodes ⚡️ 0% fee,Europe,Germany,3,14
20260611-064816#108982513965,425712945,45,HLnodbYkL5PFA8hjAZDkm5pGzV7eLTvcs671AW2L6St9,PoH PoS,North America,United States,3,14
20260611-064816#108982514465,425712947,33,HLnodbYkL5PFA8hjAZDkm5pGzV7eLTvcs671AW2L6St9,PoH PoS,North America,United States,1,16
20260611-064816#108982514726,425712948,38,HW4zorvt6xDwhU36RqjcWNwU8YMj9tiqnAafBKW4cqV,Moise,Asia,Hong Kong S.A.R.,3,14
20260611-064816#108982515257,425712950,57,HW4zorvt6xDwhU36RqjcWNwU8YMj9tiqnAafBKW4cqV,Moise,Asia,Hong Kong S.A.R.,1,16
20260611-064816#108982515462,425712951,6,HW4zorvt6xDwhU36RqjcWNwU8YMj9tiqnAafBKW4cqV,Moise,Asia,Hong Kong S.A.R.,2,15
20260611-064816#108982517010,425712957,18,HEL1USMZKAL2odpNBj2oCjffnFGaYwmbGmyewGv1e2TU,Helius,Europe,United Kingdom,4,13
20260611-064816#108982518068,425712961,52,AWcCdYG7Dy6GX45c6QMPbgGwgRZPKcBDT4bXGb3QrVRV,,Europe,Switzerland,3,14
20260611-064816#108982518572,425712963,44,AWcCdYG7Dy6GX45c6QMPbgGwgRZPKcBDT4bXGb3QrVRV,,Europe,Switzerland,4,13
20260611-064816#108982518821,425712964,37,2GUnfxZavKoPfS9s3VSEjaWDzB3vNf5RojUhprCS1rSx,,Asia,Japan,3,14
20260611-064816#108982519043,425712965,3,2GUnfxZavKoPfS9s3VSEjaWDzB3vNf5RojUhprCS1rSx,,Asia,Japan,2,15
20260611-064816#108982519575,425712967,23,2GUnfxZavKoPfS9s3VSEjaWDzB3vNf5RojUhprCS1rSx,,Asia,Japan,4,13
20260611-064816#108982520585,425712971,9,HEL1USMZKAL2odpNBj2oCjffnFGaYwmbGmyewGv1e2TU,Helius,Europe,United Kingdom,4,13
20260611-064816#108982521623,425712975,23,7cVfgArCheMR6Cs4t6vz5rfnqd56vZq4ndaBrY5xkxXy,Blockdaemon 🧱👿 Validator,Europe,Netherlands,4,13
20260611-064816#108982524206,425712985,46,ana2y2YvQ3ZPMwm6qhnN3nJoUSiT3qx5Pvetkq9xcfY,Anagram Staking,Europe,France,1,16
20260611-064816#108982524450,425712986,34,ana2y2YvQ3ZPMwm6qhnN3nJoUSiT3qx5Pvetkq9xcfY,Anagram Staking,Europe,France,3,14
20260611-064816#108982526766,425712995,46,3s97yjq2MhoPVPC3U9VeE3Z5S643Pweovg88ysvrQPw5,Starke Finance,North America,United States,1,16
20260611-064816#108982527025,425712996,49,CW9C7HBwAMgqNdXkNgFg9Ujr3edR2Ab9ymEuQnVacd1A,Coinbase 02,Europe,United Kingdom,4,13
20260611-064816#108982527274,425712997,42,CW9C7HBwAMgqNdXkNgFg9Ujr3edR2Ab9ymEuQnVacd1A,Coinbase 02,Europe,United Kingdom,3,14
20260611-064816#108982527523,425712998,35,CW9C7HBwAMgqNdXkNgFg9Ujr3edR2Ab9ymEuQnVacd1A,Coinbase 02,Europe,United Kingdom,4,13
20260611-064816#108982527805,425712999,61,CW9C7HBwAMgqNdXkNgFg9Ujr3edR2Ab9ymEuQnVacd1A,Coinbase 02,Europe,United Kingdom,1,16
20260611-064816#108982528565,425713002,53,HnfPZDrbJFooiP9vvgWrjx3baXVNAZCgisT58gyMCgML,,Asia,Singapore,2,15
20260611-064816#108982529083,425713004,59,Bi9kKNxfW2XqgCmLcuhHt6A3x55GuAGmrVZxRHLyVoQ4,,Europe,United Kingdom,1,16
20260611-064816#108982529287,425713005,7,Bi9kKNxfW2XqgCmLcuhHt6A3x55GuAGmrVZxRHLyVoQ4,,Europe,United Kingdom,4,13
20260611-064816#108982529551,425713006,15,Bi9kKNxfW2XqgCmLcuhHt6A3x55GuAGmrVZxRHLyVoQ4,,Europe,United Kingdom,3,14
20260611-064816#108982529844,425713007,52,Bi9kKNxfW2XqgCmLcuhHt6A3x55GuAGmrVZxRHLyVoQ4,,Europe,United Kingdom,2,15
20260611-064816#108982530098,425713008,50,CAo1dCGYrB6NhHh5xb1cGjUiu86iyCfMTENxgHumSve4,Kraken 2,North America,United States,4,13
20260611-064816#108982530306,425713009,2,CAo1dCGYrB6NhHh5xb1cGjUiu86iyCfMTENxgHumSve4,Kraken 2,North America,United States,3,14
20260611-064816#108982530613,425713010,53,CAo1dCGYrB6NhHh5xb1cGjUiu86iyCfMTENxgHumSve4,Kraken 2,North America,United States,2,15
20260611-064816#108982530824,425713011,8,CAo1dCGYrB6NhHh5xb1cGjUiu86iyCfMTENxgHumSve4,Kraken 2,North America,United States,4,13
20260611-064816#108982531130,425713012,58,7knvB4bbqHCKuNp3ef2hJWdwqoH6WAUi55NQt6LdRfkx,AutoStake ⚡️ 0% fee,Europe,Poland,1,16
20260611-064816#108982531383,425713013,55,7knvB4bbqHCKuNp3ef2hJWdwqoH6WAUi55NQt6LdRfkx,AutoStake ⚡️ 0% fee,Europe,Poland,2,15
20260611-064816#108982531637,425713014,53,7knvB4bbqHCKuNp3ef2hJWdwqoH6WAUi55NQt6LdRfkx,AutoStake ⚡️ 0% fee,Europe,Poland,3,14
20260611-064816#108982531903,425713015,63,7knvB4bbqHCKuNp3ef2hJWdwqoH6WAUi55NQt6LdRfkx,AutoStake ⚡️ 0% fee,Europe,Poland,2,15
20260611-064816#108982532102,425713016,6,BtsmiEEvnSuUnKxqXj2PZRYpPJAc7C34mGz8gtJ1DAaH,,Europe,Germany,4,13
20260611-064816#108982532649,425713018,41,BtsmiEEvnSuUnKxqXj2PZRYpPJAc7C34mGz8gtJ1DAaH,,Europe,Germany,1,16
20260611-064816#108982532921,425713019,57,BtsmiEEvnSuUnKxqXj2PZRYpPJAc7C34mGz8gtJ1DAaH,,Europe,Germany,3,14
20260611-064816#108982533649,425713022,17,5Cchr1XGEg7dbBXByV5NY2ad8jfxAM7HA3x8D56rq9Ux,Upbit Staking,North America,United States,4,13
20260611-064816#108982534178,425713024,34,HEL1USMZKAL2odpNBj2oCjffnFGaYwmbGmyewGv1e2TU,Helius,Europe,United Kingdom,1,16
20260611-064816#108982534404,425713025,4,HEL1USMZKAL2odpNBj2oCjffnFGaYwmbGmyewGv1e2TU,Helius,Europe,United Kingdom,4,13
20260611-064816#108982535178,425713028,10,pSoLoZx55zZz61gjxSTwHtwTg4yTwdm7ruBmyjbYgT2,,Europe,Netherlands,2,15
20260611-064816#108982535686,425713030,6,pSoLoZx55zZz61gjxSTwHtwTg4yTwdm7ruBmyjbYgT2,,Europe,Netherlands,3,14
20260611-064816#108982536997,425713035,37,HbidP4hpQdwhkzrxder3x3VNPt6DQnE25gFG46napD2p,,Europe,Netherlands,1,16
20260611-064816#108982537494,425713037,22,CVGwNaC1FaG95hRBHUuieDLyQU2hJuGhPduu2cMyHnw6,,Asia,Japan,3,14
20260611-064816#108982538026,425713039,42,CVGwNaC1FaG95hRBHUuieDLyQU2hJuGhPduu2cMyHnw6,,Asia,Japan,1,16
20260611-064816#108982541354,425713052,42,BtsmiEEvnSuUnKxqXj2PZRYpPJAc7C34mGz8gtJ1DAaH,,Europe,Germany,3,14
20260611-064816#108982541629,425713053,61,BtsmiEEvnSuUnKxqXj2PZRYpPJAc7C34mGz8gtJ1DAaH,,Europe,Germany,1,16
20260611-064816#108982541833,425713054,9,BtsmiEEvnSuUnKxqXj2PZRYpPJAc7C34mGz8gtJ1DAaH,,Europe,Germany,4,13
20260611-064816#108982542105,425713055,25,BtsmiEEvnSuUnKxqXj2PZRYpPJAc7C34mGz8gtJ1DAaH,,Europe,Germany,3,14
20260611-064816#108982542649,425713057,57,fishfishrD9BwrQQiAcG6YeYZVUYVJf3tb9QGQPMJqF,stakefish 🐟,North America,United States,2,15
20260611-064816#108982543124,425713059,20,fishfishrD9BwrQQiAcG6YeYZVUYVJf3tb9QGQPMJqF,stakefish 🐟,North America,United States,4,13
20260611-064816#108982543628,425713061,12,privaEdSEmnMPGPoQACUkcDGkFBbTArVvsEGd7C5wUM,,Europe,Germany,3,14
20260611-064816#108982543910,425713062,38,privaEdSEmnMPGPoQACUkcDGkFBbTArVvsEGd7C5wUM,,Europe,Germany,3,14
20260611-064816#108982544136,425713063,8,privaEdSEmnMPGPoQACUkcDGkFBbTArVvsEGd7C5wUM,,Europe,Germany,2,15
20260611-064816#108982544703,425713065,63,ChaossRPGKnsVhX1GfPC78yq5Sqju4cMThcAsKZNz5d6,Udder Chaos 🐄,Europe,Germany,3,14
20260611-064816#108982545172,425713067,20,ChaossRPGKnsVhX1GfPC78yq5Sqju4cMThcAsKZNz5d6,Udder Chaos 🐄,Europe,Germany,4,13
20260611-064816#108982545464,425713068,56,3JotfSFPaod4KVK7nj7ULvcq5PjUBdZNVGracNkJNhrt,,Europe,Germany,1,16
20260611-064816#108982545932,425713070,12,3JotfSFPaod4KVK7nj7ULvcq5PjUBdZNVGracNkJNhrt,,Europe,Germany,4,13
20260611-064816#108982546212,425713071,36,3JotfSFPaod4KVK7nj7ULvcq5PjUBdZNVGracNkJNhrt,,Europe,Germany,3,14
20260611-064816#108982549808,425713085,48,BtsmiEEvnSuUnKxqXj2PZRYpPJAc7C34mGz8gtJ1DAaH,,Europe,Germany,3,14
20260611-064816#108982550846,425713089,62,AEHqTB2RtJjegsR2ePjvoJSm6AA5pnYKWVbcsn6kqTBD,,Europe,Netherlands,2,15
20260611-064816#108982551060,425713090,20,AEHqTB2RtJjegsR2ePjvoJSm6AA5pnYKWVbcsn6kqTBD,,Europe,Netherlands,4,13
20260611-064816#108982551821,425713093,13,E1r4Psq84tHfQ6aPTvvDka4U3u8zPVD7gEUrH25RdxHL,Bitwise Onchain Solutions,Europe,Germany,3,14
20260611-064816#108982552080,425713094,16,E1r4Psq84tHfQ6aPTvvDka4U3u8zPVD7gEUrH25RdxHL,Bitwise Onchain Solutions,Europe,Germany,1,16
20260611-064816#108982552628,425713096,52,Fd7btgySsrjuo25CJCj7oE7VPMyezDhnx7pZkj2v69Nk,Figment,North America,Canada,4,13
20260611-064816#108982553357,425713099,13,Fd7btgySsrjuo25CJCj7oE7VPMyezDhnx7pZkj2v69Nk,Figment,North America,Canada,3,14
20260611-064816#108982557741,425713116,45,Fd7btgySsrjuo25CJCj7oE7VPMyezDhnx7pZkj2v69Nk,Figment,North America,Canada,1,16
20260611-064816#108982559282,425713122,50,58KprHKFNHgH1Cvo4QwxWkDeJNaSQVteCoAAFUWjtESn,Flash,Europe,Lithuania,1,16
20260611-064816#108982560286,425713126,30,q9XWcZ7T1wP4bW9SB4XgNNwjnFEJ982nE8aVbbNuwot,Ledger by Figment,Europe,Germany,2,15
20260611-064816#108982563078,425713137,6,BtsmiEEvnSuUnKxqXj2PZRYpPJAc7C34mGz8gtJ1DAaH,,Europe,Germany,4,13
20260611-064816#108982563374,425713138,46,BtsmiEEvnSuUnKxqXj2PZRYpPJAc7C34mGz8gtJ1DAaH,,Europe,Germany,3,14
20260611-064816#108982564876,425713144,12,ChorusmmK7i1AxXeiTtQgQZhQNiXYU84ULeaYF1EH15n,Bitwise Onchain Solutions 02,Europe,Netherlands,1,16
20260611-064816#108982566145,425713149,1,FACb6bbTDRBHCK999V8ox8jga5JBnt1r3vvzmAYAMv2o,Lantern,Asia,Singapore,3,14
20260611-064816#108982571312,425713169,48,ChorusmmK7i1AxXeiTtQgQZhQNiXYU84ULeaYF1EH15n,Bitwise Onchain Solutions 02,Europe,Netherlands,2,15
20260611-064816#108982573096,425713176,40,G1bLKfyNm7zsmmYEL9dyxBvMtxpFcwy2s84bHDj2ZFUY,P2P.org Turbo,South America,Brazil,1,16
20260611-064816#108982573342,425713177,30,G1bLKfyNm7zsmmYEL9dyxBvMtxpFcwy2s84bHDj2ZFUY,P2P.org Turbo,South America,Brazil,4,13
20260611-064816#108982574359,425713181,23,9rkJMARqK6VBkcxGfKBAwnA44gPAfGxPbPsfsggFNDSQ,,Europe,Germany,4,13
20260611-064816#108982574604,425713182,12,9rkJMARqK6VBkcxGfKBAwnA44gPAfGxPbPsfsggFNDSQ,,Europe,Germany,3,14
20260611-064816#108982575129,425713184,25,pSoLoZx55zZz61gjxSTwHtwTg4yTwdm7ruBmyjbYgT2,,Europe,Netherlands,3,14
20260611-064816#108982575388,425713185,28,pSoLoZx55zZz61gjxSTwHtwTg4yTwdm7ruBmyjbYgT2,,Europe,Netherlands,4,13
20260611-064816#108982575658,425713186,42,pSoLoZx55zZz61gjxSTwHtwTg4yTwdm7ruBmyjbYgT2,,Europe,Netherlands,2,15
20260611-064816#108982576404,425713189,20,JupmVLmA8RoyTUbTMMuTtoPWHEiNQobxgTeGTrPNkzT,Jupiter,Europe,Germany,1,16
20260611-064816#108982576960,425713191,64,JupmVLmA8RoyTUbTMMuTtoPWHEiNQobxgTeGTrPNkzT,Jupiter,Europe,Germany,4,13
20260611-064816#108982577211,425713192,59,7PdKhpKz7T39vZHFL1UfcYNDsLvay6hp4KPQq1aUckFf,Alpha Pro | High APY🚀 100% Reliable ⭐ VIP Services,Europe,Germany,3,14
20260611-064816#108982577430,425713193,22,7PdKhpKz7T39vZHFL1UfcYNDsLvay6hp4KPQq1aUckFf,Alpha Pro | High APY🚀 100% Reliable ⭐ VIP Services,Europe,Germany,4,13
20260611-064816#108982577725,425713194,61,7PdKhpKz7T39vZHFL1UfcYNDsLvay6hp4KPQq1aUckFf,Alpha Pro | High APY🚀 100% Reliable ⭐ VIP Services,Europe,Germany,2,15
20260611-064816#108982578236,425713196,60,J6etcxDdYjPHrtyvDXrbCkx3q9W1UjMj1vy1jBFPJEbK,,North America,United States,3,14
20260611-064816#108982578494,425713197,62,J6etcxDdYjPHrtyvDXrbCkx3q9W1UjMj1vy1jBFPJEbK,,North America,United States,2,15
20260611-064816#108982579508,425713201,52,3JotfSFPaod4KVK7nj7ULvcq5PjUBdZNVGracNkJNhrt,,Europe,Germany,2,15
20260611-064816#108982579743,425713202,31,3JotfSFPaod4KVK7nj7ULvcq5PjUBdZNVGracNkJNhrt,,Europe,Germany,4,13
20260611-064816#108982580269,425713204,45,GoeW4aFK4dGoekJySgUynWDxBZiQJqm8GDAF4H53tDK9,Twinstake,North America,,4,13
20260611-064816#108982581003,425713207,11,GoeW4aFK4dGoekJySgUynWDxBZiQJqm8GDAF4H53tDK9,Twinstake,North America,,3,14
20260611-064816#108982581283,425713208,35,Fd7btgySsrjuo25CJCj7oE7VPMyezDhnx7pZkj2v69Nk,Figment,North America,Canada,1,16
20260611-064816#108982581533,425713209,29,Fd7btgySsrjuo25CJCj7oE7VPMyezDhnx7pZkj2v69Nk,Figment,North America,Canada,4,13
20260611-064816#108982582028,425713211,12,Fd7btgySsrjuo25CJCj7oE7VPMyezDhnx7pZkj2v69Nk,Figment,North America,Canada,4,13
20260611-064816#108982582281,425713212,9,5ZqveVffQPiUbkjBg4KD9kib1MKHLqiFno4ke9jSq9qk,,Europe,Germany,1,16
20260611-064816#108982582589,425713213,61,5ZqveVffQPiUbkjBg4KD9kib1MKHLqiFno4ke9jSq9qk,,Europe,Germany,3,14
20260611-064816#108982583067,425713215,27,5ZqveVffQPiUbkjBg4KD9kib1MKHLqiFno4ke9jSq9qk,,Europe,Germany,1,16
20260611-064816#108982584850,425713222,18,q9XWcZ7T1wP4bW9SB4XgNNwjnFEJ982nE8aVbbNuwot,Ledger by Figment,Europe,Germany,3,14
20260611-064816#108982585606,425713225,6,JD549HsbJHeEKKUrKgg4Fj2iyv2RGjsV7NTZjZUrHybB,Forward Industries,North America,United States,3,14
20260611-064816#108982586422,425713228,54,9jxgosAfHgHzwnxsHw4RAZYaLVokMbnYtmiZBreynGFP,,Europe,Netherlands,2,15
20260611-064816#108982587184,425713231,48,9jxgosAfHgHzwnxsHw4RAZYaLVokMbnYtmiZBreynGFP,,Europe,Netherlands,4,13
20260611-064816#108982587425,425713232,33,HpcB5Qg8Y9E73dUkot5e8HkgAJbExsYeUzniY4bCuKac,,Europe,Lithuania,1,16
20260611-064816#108982588476,425713236,60,Ha1iade1AH3B12K9SccfWoPdFtQKKQsj2ZyWwxcjqJJU,Ha1iad3,Asia,Japan,1,16
20260611-064816#108982589189,425713239,5,Ha1iade1AH3B12K9SccfWoPdFtQKKQsj2ZyWwxcjqJJU,Ha1iad3,Asia,Japan,1,16
20260611-064816#108982589754,425713241,58,22rU5yUmdVThrkoPieVNphqEyAtMQKmZxjwcD8v4bJDU,,Europe,Netherlands,3,14
20260611-064816#108982589953,425713242,1,22rU5yUmdVThrkoPieVNphqEyAtMQKmZxjwcD8v4bJDU,,Europe,Netherlands,4,13
20260611-064816#108982590263,425713243,55,22rU5yUmdVThrkoPieVNphqEyAtMQKmZxjwcD8v4bJDU,,Europe,Netherlands,3,14
20260611-064816#108982590761,425713245,41,9jxgosAfHgHzwnxsHw4RAZYaLVokMbnYtmiZBreynGFP,,Europe,Netherlands,3,14
20260611-064816#108982591024,425713246,48,9jxgosAfHgHzwnxsHw4RAZYaLVokMbnYtmiZBreynGFP,,Europe,Netherlands,4,13
20260611-064816#108982591516,425713248,28,J6etcxDdYjPHrtyvDXrbCkx3q9W1UjMj1vy1jBFPJEbK,,North America,United States,1,16
20260611-064816#108982591746,425713249,2,J6etcxDdYjPHrtyvDXrbCkx3q9W1UjMj1vy1jBFPJEbK,,North America,United States,3,14
20260611-064816#108982592054,425713250,54,J6etcxDdYjPHrtyvDXrbCkx3q9W1UjMj1vy1jBFPJEbK,,North America,United States,1,16
20260611-064816#108982592266,425713251,10,J6etcxDdYjPHrtyvDXrbCkx3q9W1UjMj1vy1jBFPJEbK,,North America,United States,4,13
20260611-064816#108982593840,425713257,48,FWwwP9tNttSy9dJFxwf6ebXWfc6VJXqFNMTccrMiLFTH,Quatro,Europe,Lithuania,2,15
20260611-064816#108982594860,425713261,44,Fd7btgySsrjuo25CJCj7oE7VPMyezDhnx7pZkj2v69Nk,Figment,North America,Canada,2,15
20260611-064816#108982595330,425713263,2,Fd7btgySsrjuo25CJCj7oE7VPMyezDhnx7pZkj2v69Nk,Figment,North America,Canada,4,13
20260611-064816#108982595846,425713265,6,krakeNd6ednDPEXxHAmoBs1qKVM8kLg79PvWF2mhXV1,Kraken,North America,United States,4,13
20260611-064816#108982596144,425713266,48,krakeNd6ednDPEXxHAmoBs1qKVM8kLg79PvWF2mhXV1,Kraken,North America,United States,1,16
20260611-064816#108982597383,425713271,7,JupmVLmA8RoyTUbTMMuTtoPWHEiNQobxgTeGTrPNkzT,Jupiter,Europe,Germany,4,13
20260611-064816#108982597655,425713272,23,BXAxLMMMUNYfC1z166VjWHR3WjTmqzLxB837o5ghmRtH,,Europe,Ireland,2,15
20260611-064816#108982598706,425713276,50,EvnRmnMrd69kFdbLMxWkTn1icZ7DCceRhvmb2SJXqDo4,Everstake,Europe,Germany,1,16
20260611-064816#108982598966,425713277,54,EvnRmnMrd69kFdbLMxWkTn1icZ7DCceRhvmb2SJXqDo4,Everstake,Europe,Germany,4,13
20260611-064816#108982599215,425713278,47,EvnRmnMrd69kFdbLMxWkTn1icZ7DCceRhvmb2SJXqDo4,Everstake,Europe,Germany,3,14
20260611-064816#108982599463,425713279,39,EvnRmnMrd69kFdbLMxWkTn1icZ7DCceRhvmb2SJXqDo4,Everstake,Europe,Germany,4,13
20260611-064816#108982600215,425713282,23,6y7V8dL673XFzm9QyC5vvh3itWkp7wztahBd2yDqsyrK,,Europe,Lithuania,3,14
20260611-064816#108982600486,425713283,38,6y7V8dL673XFzm9QyC5vvh3itWkp7wztahBd2yDqsyrK,,Europe,Lithuania,2,15
20260611-064816#108982600965,425713285,5,6y7V8dL673XFzm9QyC5vvh3itWkp7wztahBd2yDqsyrK,,Europe,Lithuania,4,13
20260611-064816#108982601753,425713288,25,HEL1USMZKAL2odpNBj2oCjffnFGaYwmbGmyewGv1e2TU,Helius,Europe,United Kingdom,1,16
20260611-064816#108982602544,425713291,48,HEL1USMZKAL2odpNBj2oCjffnFGaYwmbGmyewGv1e2TU,Helius,Europe,United Kingdom,2,15
20260611-064816#108982603061,425713293,53,6WgdYhhGE53WrZ7ywJA15hBVkw7CRbQ8yDBBTwmBtAHN,Luganodes,Europe,Germany,3,14
20260611-064816#108982603781,425713296,5,Hz5aLvpKScNWoe9YZWxBLrQA3qzHJivBGtfciMekk8m5,,Europe,United Kingdom,4,13
20260611-064816#108982604060,425713297,28,Hz5aLvpKScNWoe9YZWxBLrQA3qzHJivBGtfciMekk8m5,,Europe,United Kingdom,3,14
20260611-064816#108982604300,425713298,12,Hz5aLvpKScNWoe9YZWxBLrQA3qzHJivBGtfciMekk8m5,,Europe,United Kingdom,4,13
20260611-064816#108982604560,425713299,16,Hz5aLvpKScNWoe9YZWxBLrQA3qzHJivBGtfciMekk8m5,,Europe,United Kingdom,1,16
20260611-064816#108982604813,425713300,13,FBKFWadXZJahGtFitAsBvbqh5968gLY7dMBBJUoUjeNi,,Europe,Ireland,4,13
20260611-064816#108982605095,425713301,39,FBKFWadXZJahGtFitAsBvbqh5968gLY7dMBBJUoUjeNi,,Europe,Ireland,3,14
20260611-064816#108982605353,425713302,41,FBKFWadXZJahGtFitAsBvbqh5968gLY7dMBBJUoUjeNi,,Europe,Ireland,3,14
20260611-064816#108982605582,425713303,14,FBKFWadXZJahGtFitAsBvbqh5968gLY7dMBBJUoUjeNi,,Europe,Ireland,3,14
20260611-064816#108982606101,425713305,21,76rcGHdPvgs8G1XrzCXUTWtwgT59AFDvpB4VbTS2TBBJ,,Europe,Netherlands,1,16
20260611-064816#108982606350,425713306,14,76rcGHdPvgs8G1XrzCXUTWtwgT59AFDvpB4VbTS2TBBJ,,Europe,Netherlands,3,14
20260611-064816#108982606879,425713308,31,5pPRHniefFjkiaArbGX3Y8NUysJmQ9tMZg3FrFGwHzSm,Kiln1,Europe,Netherlands,3,14
20260611-064816#108982607134,425713309,30,5pPRHniefFjkiaArbGX3Y8NUysJmQ9tMZg3FrFGwHzSm,Kiln1,Europe,Netherlands,2,15
20260611-064816#108982609462,425713318,54,E1r4Psq84tHfQ6aPTvvDka4U3u8zPVD7gEUrH25RdxHL,Bitwise Onchain Solutions,Europe,Germany,4,13
20260611-064816#108982610478,425713322,46,8uJiHDJ1b7UDQ4KFsQGJXK9nUCkokdKRJymg1Wy9nxvM,Alpha,Europe,Lithuania,3,14
20260611-064816#108982610986,425713324,42,5Cchr1XGEg7dbBXByV5NY2ad8jfxAM7HA3x8D56rq9Ux,Upbit Staking,North America,United States,2,15
20260611-064816#108982611209,425713325,9,5Cchr1XGEg7dbBXByV5NY2ad8jfxAM7HA3x8D56rq9Ux,Upbit Staking,North America,United States,4,13
20260611-064816#108982611726,425713327,14,5Cchr1XGEg7dbBXByV5NY2ad8jfxAM7HA3x8D56rq9Ux,Upbit Staking,North America,United States,2,15
20260611-064816#108982613280,425713333,32,Fc6NNdS2j3EmrWbU6Uqt6wsKB5ef72NjaWfNxKYbULGD,OKX Earn,Asia,Singapore,4,13
20260611-064816#108982614038,425713336,22,BUv44cVtsdvU9z2BfFGk6s5JZZWrmVnq5qCaii5ARyyB,,Europe,Netherlands,3,14
20260611-064816#108982615348,425713341,52,privaEdSEmnMPGPoQACUkcDGkFBbTArVvsEGd7C5wUM,,Europe,Germany,2,15
20260611-064816#108982615576,425713342,24,privaEdSEmnMPGPoQACUkcDGkFBbTArVvsEGd7C5wUM,,Europe,Germany,3,14
20260611-064816#108982616079,425713344,15,shftkxnsXmqAkmLgz9Mn7bNB5Fr6mKgFc58kFHfVikj,blueshift,Europe,Germany,3,14
20260611-064816#108982616324,425713345,4,shftkxnsXmqAkmLgz9Mn7bNB5Fr6mKgFc58kFHfVikj,blueshift,Europe,Germany,2,15
20260611-064816#108982616591,425713346,15,shftkxnsXmqAkmLgz9Mn7bNB5Fr6mKgFc58kFHfVikj,blueshift,Europe,Germany,3,14
20260611-064816#108982616867,425713347,35,shftkxnsXmqAkmLgz9Mn7bNB5Fr6mKgFc58kFHfVikj,blueshift,Europe,Germany,3,14
20260611-064816#108982617093,425713348,5,9iFPQbP1jGkj67sXg6YLLGRUBVEDMcapdS6jmCZSnz8R,,Europe,Germany,2,15
20260611-064816#108982617387,425713349,43,9iFPQbP1jGkj67sXg6YLLGRUBVEDMcapdS6jmCZSnz8R,,Europe,Germany,3,14
20260611-064816#108982618157,425713352,45,9eGrDohdNTAo61DRHyfMuqKWXqYnA3i254Wiszxe8FoY,Galaxy,North America,United States,4,13
20260611-064816#108982618393,425713353,25,9eGrDohdNTAo61DRHyfMuqKWXqYnA3i254Wiszxe8FoY,Galaxy,North America,United States,3,14
20260611-064816#108982618646,425713354,22,9eGrDohdNTAo61DRHyfMuqKWXqYnA3i254Wiszxe8FoY,Galaxy,North America,United States,4,13
20260611-064816#108982618918,425713355,38,9eGrDohdNTAo61DRHyfMuqKWXqYnA3i254Wiszxe8FoY,Galaxy,North America,United States,2,15
20260611-064816#108982619161,425713356,25,AMukCLCr52XxsEjXoDxKKxjNg4FpnsReXNaQx8aR6DJF,,Europe,Netherlands,3,14
20260611-064816#108982619438,425713357,46,AMukCLCr52XxsEjXoDxKKxjNg4FpnsReXNaQx8aR6DJF,,Europe,Netherlands,1,16
20260611-064816#108982619939,425713359,35,AMukCLCr52XxsEjXoDxKKxjNg4FpnsReXNaQx8aR6DJF,,Europe,Netherlands,3,14
20260611-064816#108982620708,425713362,36,FBKFWadXZJahGtFitAsBvbqh5968gLY7dMBBJUoUjeNi,,Europe,Ireland,1,16
20260611-064816#108982620942,425713363,14,FBKFWadXZJahGtFitAsBvbqh5968gLY7dMBBJUoUjeNi,,Europe,Ireland,4,13
20260611-064816#108982622982,425713371,6,HEL1USMZKAL2odpNBj2oCjffnFGaYwmbGmyewGv1e2TU,Helius,Europe,United Kingdom,4,13
20260611-064816#108982623268,425713372,36,HMWXfjaeSHhww1wvdBhqhHVP9v96mFB4LJ9xP2MXbDGH,CyberVillage,Europe,Germany,1,16
20260611-064816#108982625306,425713380,26,CAo1dCGYrB6NhHh5xb1cGjUiu86iyCfMTENxgHumSve4,Kraken 2,North America,United States,1,16
20260611-064816#108982625541,425713381,5,CAo1dCGYrB6NhHh5xb1cGjUiu86iyCfMTENxgHumSve4,Kraken 2,North America,United States,4,13
20260611-064816#108982625851,425713382,59,CAo1dCGYrB6NhHh5xb1cGjUiu86iyCfMTENxgHumSve4,Kraken 2,North America,United States,3,14
20260611-064816#108982626054,425713383,6,CAo1dCGYrB6NhHh5xb1cGjUiu86iyCfMTENxgHumSve4,Kraken 2,North America,United States,4,13
20260611-064816#108982627341,425713388,13,GBQ2GvTzmjXMu97dr7WUnLKYTNim1aoZsYS53KYXAAAA,Bitwise Onchain Solutions | Jito BAM,Europe,Netherlands,2,15
20260611-064816#108982628363,425713392,11,GYx8kpp7SsRwtQEEsGQjAxb4hFMMmT91kFJuDeky3YGQ,,Asia,Japan,1,16
20260611-064816#108982628623,425713393,15,GYx8kpp7SsRwtQEEsGQjAxb4hFMMmT91kFJuDeky3YGQ,,Asia,Japan,2,15
20260611-064816#108982628870,425713394,6,GYx8kpp7SsRwtQEEsGQjAxb4hFMMmT91kFJuDeky3YGQ,,Asia,Japan,3,14
20260611-064816#108982630694,425713401,38,FBKFWadXZJahGtFitAsBvbqh5968gLY7dMBBJUoUjeNi,,Europe,Ireland,4,13
20260611-064816#108982630964,425713402,52,FBKFWadXZJahGtFitAsBvbqh5968gLY7dMBBJUoUjeNi,,Europe,Ireland,3,14
20260611-064816#108982632981,425713410,21,Awes4Tr6TX8JDzEhCZY2QVNimT6iD1zWHzf1vNyGvpLM,Staking Facilities | MEV 🔥,Europe,Germany,3,14
20260611-064816#108982633496,425713412,24,shftkxnsXmqAkmLgz9Mn7bNB5Fr6mKgFc58kFHfVikj,blueshift,Europe,Germany,3,14
20260611-064816#108982633759,425713413,31,shftkxnsXmqAkmLgz9Mn7bNB5Fr6mKgFc58kFHfVikj,blueshift,Europe,Germany,3,14
20260611-064816#108982634011,425713414,27,shftkxnsXmqAkmLgz9Mn7bNB5Fr6mKgFc58kFHfVikj,blueshift,Europe,Germany,1,16
20260611-064816#108982634246,425713415,6,shftkxnsXmqAkmLgz9Mn7bNB5Fr6mKgFc58kFHfVikj,blueshift,Europe,Germany,4,13
20260611-064816#108982634776,425713417,24,HEL1USMZKAL2odpNBj2oCjffnFGaYwmbGmyewGv1e2TU,Helius,Europe,United Kingdom,4,13
20260611-064816#108982635327,425713419,63,HEL1USMZKAL2odpNBj2oCjffnFGaYwmbGmyewGv1e2TU,Helius,Europe,United Kingdom,4,13
20260611-064816#108982635561,425713420,41,uxqVAFQfox97HazsPtkKiwhypQH6jEGXkQBHDtXshrk,Waterloo Blockchain,Europe,Germany,2,15
20260611-064816#108982635794,425713421,18,uxqVAFQfox97HazsPtkKiwhypQH6jEGXkQBHDtXshrk,Waterloo Blockchain,Europe,Germany,4,13
20260611-064816#108982636084,425713422,52,uxqVAFQfox97HazsPtkKiwhypQH6jEGXkQBHDtXshrk,Waterloo Blockchain,Europe,Germany,1,16
20260611-064816#108982637328,425713427,16,8nbE53mcKhy74HLiGZ1q5HRocwiCvgh49csSaHSdtukr,"Moutai Validator 🚀 Performant, Secure and NO Fees",Europe,United Kingdom,1,16
20260611-064816#108982637626,425713428,58,4Kbcyn7JVPAWLRLPsNGTPmcNMvCkLTw51ZLRhqsUC6jP,,North America,United States,3,14
20260611-064816#108982638098,425713430,18,4Kbcyn7JVPAWLRLPsNGTPmcNMvCkLTw51ZLRhqsUC6jP,,North America,United States,2,15
20260611-064816#108982638394,425713431,58,4Kbcyn7JVPAWLRLPsNGTPmcNMvCkLTw51ZLRhqsUC6jP,,North America,United States,1,16
20260611-064816#108982638644,425713432,52,EvnRmnMrd69kFdbLMxWkTn1icZ7DCceRhvmb2SJXqDo4,Everstake,Europe,Germany,4,13
20260611-064816#108982639660,425713436,44,HT41udB8mLZZf7tev9tUoHYJ41TP8GWZ6zFMbjiviXk5,Neumann,Asia,Japan,1,16
20260611-064816#108982639888,425713437,16,HT41udB8mLZZf7tev9tUoHYJ41TP8GWZ6zFMbjiviXk5,Neumann,Asia,Japan,2,15
20260611-064816#108982640164,425713438,36,HT41udB8mLZZf7tev9tUoHYJ41TP8GWZ6zFMbjiviXk5,Neumann,Asia,Japan,2,15
20260611-064816#108982640692,425713440,52,5Cchr1XGEg7dbBXByV5NY2ad8jfxAM7HA3x8D56rq9Ux,Upbit Staking,North America,United States,2,15
20260611-064816#108982640923,425713441,27,5Cchr1XGEg7dbBXByV5NY2ad8jfxAM7HA3x8D56rq9Ux,Upbit Staking,North America,United States,4,13
20260611-064816#108982641192,425713442,40,5Cchr1XGEg7dbBXByV5NY2ad8jfxAM7HA3x8D56rq9Ux,Upbit Staking,North America,United States,3,14
20260611-064816#108982641980,425713445,60,vALigXFg9wnnhVHN16vNxHxXtAXiBv5QjAE6udoniBY,Valigator Open,North America,United States,4,13
20260611-064816#108982642716,425713448,28,9W3QTgBhkU4Bwg6cwnDJo6eGZ9BtZafSdu1Lo9JmWws7,Coinbase 03,Asia,Japan,1,16
20260611-064816#108982643261,425713450,61,9W3QTgBhkU4Bwg6cwnDJo6eGZ9BtZafSdu1Lo9JmWws7,Coinbase 03,Asia,Japan,3,14
20260611-064816#108982643775,425713452,63,7Zm1pE4FubFYZDyAQ5Labh3A4cxDcvve1s3WCRgEAZ84,7Zm1pE4FubFYZDyAQ5Labh3A4cxDcvve1s3WCRgEAZ84,Europe,Netherlands,3,14
20260611-064816#108982643972,425713453,4,7Zm1pE4FubFYZDyAQ5Labh3A4cxDcvve1s3WCRgEAZ84,7Zm1pE4FubFYZDyAQ5Labh3A4cxDcvve1s3WCRgEAZ84,Europe,Netherlands,4,13
20260611-064816#108982644772,425713456,36,CG4tRANBKrzUmpv93V5sgftjQznBdiJsc2yPCzZWWuS9,Bybit Staking,Europe,Netherlands,3,14
20260611-064816#108982645050,425713457,58,CG4tRANBKrzUmpv93V5sgftjQznBdiJsc2yPCzZWWuS9,Bybit Staking,Europe,Netherlands,3,14
20260611-064816#108982645251,425713458,3,CG4tRANBKrzUmpv93V5sgftjQznBdiJsc2yPCzZWWuS9,Bybit Staking,Europe,Netherlands,4,13
20260611-064816#108982645536,425713459,32,CG4tRANBKrzUmpv93V5sgftjQznBdiJsc2yPCzZWWuS9,Bybit Staking,Europe,Netherlands,1,16
20260611-064816#108982645787,425713460,27,R2D2imoV8nXk1ngT9v4dEK65We4uLNyUarTBdWbFruq,🤖 RoboRun.xyz,Europe,Netherlands,4,13
20260611-064816#108982646064,425713461,48,R2D2imoV8nXk1ngT9v4dEK65We4uLNyUarTBdWbFruq,🤖 RoboRun.xyz,Europe,Netherlands,3,14
20260611-064816#108982646320,425713462,48,R2D2imoV8nXk1ngT9v4dEK65We4uLNyUarTBdWbFruq,🤖 RoboRun.xyz,Europe,Netherlands,3,14
20260611-064816#108982647811,425713468,3,5Cchr1XGEg7dbBXByV5NY2ad8jfxAM7HA3x8D56rq9Ux,Upbit Staking,North America,United States,2,15
20260611-064816#108982648113,425713469,49,5Cchr1XGEg7dbBXByV5NY2ad8jfxAM7HA3x8D56rq9Ux,Upbit Staking,North America,United States,2,15
20260611-064816#108982648343,425713470,23,5Cchr1XGEg7dbBXByV5NY2ad8jfxAM7HA3x8D56rq9Ux,Upbit Staking,North America,United States,3,14
20260611-064816#108982648594,425713471,18,5Cchr1XGEg7dbBXByV5NY2ad8jfxAM7HA3x8D56rq9Ux,Upbit Staking,North America,United States,4,13
20260611-064816#108982648886,425713472,54,JupmVLmA8RoyTUbTMMuTtoPWHEiNQobxgTeGTrPNkzT,Jupiter,Europe,Germany,3,14
20260611-064816#108982649881,425713476,25,shftkxnsXmqAkmLgz9Mn7bNB5Fr6mKgFc58kFHfVikj,blueshift,Europe,Germany,1,16
20260611-064816#108982650396,425713478,28,shftkxnsXmqAkmLgz9Mn7bNB5Fr6mKgFc58kFHfVikj,blueshift,Europe,Germany,3,14
20260611-064816#108982650929,425713480,49,RNXnAJV1DeBt6Lytjz4wYzvS3d6bhsfidS5Np4ovwZz,RockawayX Firedancer,Europe,Czechia,1,16
20260611-064816#108982651148,425713481,12,RNXnAJV1DeBt6Lytjz4wYzvS3d6bhsfidS5Np4ovwZz,RockawayX Firedancer,Europe,Czechia,4,13
20260611-064816#108982651406,425713482,14,RNXnAJV1DeBt6Lytjz4wYzvS3d6bhsfidS5Np4ovwZz,RockawayX Firedancer,Europe,Czechia,4,13
20260611-064816#108982651659,425713483,11,RNXnAJV1DeBt6Lytjz4wYzvS3d6bhsfidS5Np4ovwZz,RockawayX Firedancer,Europe,Czechia,3,14
20260611-064816#108982652207,425713485,47,FBbqKvwLfKGZrKrfSbPJz4ymQ7zMarhRyZtu1RBkSe89,,North America,United States,1,16
20260611-064816#108982652472,425713486,56,FBbqKvwLfKGZrKrfSbPJz4ymQ7zMarhRyZtu1RBkSe89,,North America,United States,2,15
20260611-064816#108982652685,425713487,13,FBbqKvwLfKGZrKrfSbPJz4ymQ7zMarhRyZtu1RBkSe89,,North America,United States,3,14
20260611-064816#108982653953,425713492,1,CAo1dCGYrB6NhHh5xb1cGjUiu86iyCfMTENxgHumSve4,Kraken 2,North America,United States,1,16
20260611-064816#108982654525,425713494,61,CAo1dCGYrB6NhHh5xb1cGjUiu86iyCfMTENxgHumSve4,Kraken 2,North America,United States,1,16
20260611-064816#108982654730,425713495,10,CAo1dCGYrB6NhHh5xb1cGjUiu86iyCfMTENxgHumSve4,Kraken 2,North America,United States,4,13
20260611-064816#108982654996,425713496,20,q9XWcZ7T1wP4bW9SB4XgNNwjnFEJ982nE8aVbbNuwot,Ledger by Figment,Europe,Germany,3,14
20260611-064816#108982655258,425713497,26,q9XWcZ7T1wP4bW9SB4XgNNwjnFEJ982nE8aVbbNuwot,Ledger by Figment,Europe,Germany,2,15
20260611-064816#108982657088,425713504,64,2m1A2WM1vte7RWz5xTTw4i1SiXmngVtXhqFERaUjoAAb,,North America,United States,1,16
20260611-064816#108982657293,425713505,13,2m1A2WM1vte7RWz5xTTw4i1SiXmngVtXhqFERaUjoAAb,,North America,United States,4,13
20260611-064816#108982657851,425713507,59,2m1A2WM1vte7RWz5xTTw4i1SiXmngVtXhqFERaUjoAAb,,North America,United States,3,14
20260611-064816#108982658064,425713508,16,JD549HsbJHeEKKUrKgg4Fj2iyv2RGjsV7NTZjZUrHybB,Forward Industries,North America,United States,2,15
20260611-064816#108982658318,425713509,14,JD549HsbJHeEKKUrKgg4Fj2iyv2RGjsV7NTZjZUrHybB,Forward Industries,North America,United States,3,14
20260611-064816#108982658600,425713510,40,JD549HsbJHeEKKUrKgg4Fj2iyv2RGjsV7NTZjZUrHybB,Forward Industries,North America,United States,3,14
20260611-064816#108982658850,425713511,34,JD549HsbJHeEKKUrKgg4Fj2iyv2RGjsV7NTZjZUrHybB,Forward Industries,North America,United States,2,15
20260611-064816#108982659083,425713512,11,Hz5aLvpKScNWoe9YZWxBLrQA3qzHJivBGtfciMekk8m5,,Europe,United Kingdom,3,14
20260611-064816#108982659339,425713513,11,Hz5aLvpKScNWoe9YZWxBLrQA3qzHJivBGtfciMekk8m5,,Europe,United Kingdom,4,13
20260611-064816#108982659630,425713514,46,Hz5aLvpKScNWoe9YZWxBLrQA3qzHJivBGtfciMekk8m5,,Europe,United Kingdom,4,13
20260611-064816#108982659849,425713515,9,Hz5aLvpKScNWoe9YZWxBLrQA3qzHJivBGtfciMekk8m5,,Europe,United Kingdom,2,15
20260611-064816#108982662452,425713525,52,DWvDTSh3qfn88UoQTEKRV2JnLt5jtJAVoiCo3ivtMwXP,P2P.org,Europe,Netherlands,2,15
20260611-064816#108982662682,425713526,26,DWvDTSh3qfn88UoQTEKRV2JnLt5jtJAVoiCo3ivtMwXP,P2P.org,Europe,Netherlands,4,13
20260611-064816#108982665223,425713536,7,9UM8wQ8F5oMiRcP5YdqD6Lr4krpBWCD8LtgQYoisJd9i,,Europe,United Kingdom,1,16
20260611-064816#108982665494,425713537,22,9UM8wQ8F5oMiRcP5YdqD6Lr4krpBWCD8LtgQYoisJd9i,,Europe,United Kingdom,4,13
20260611-064816#108982665741,425713538,13,9UM8wQ8F5oMiRcP5YdqD6Lr4krpBWCD8LtgQYoisJd9i,,Europe,United Kingdom,3,14
20260611-064816#108982678072,425713586,56,Awes4Tr6TX8JDzEhCZY2QVNimT6iD1zWHzf1vNyGvpLM,Staking Facilities | MEV 🔥,Europe,Germany,1,16
20260611-064816#108982680859,425713597,27,shftkxnsXmqAkmLgz9Mn7bNB5Fr6mKgFc58kFHfVikj,blueshift,Europe,Germany,2,15
20260611-064816#108982685475,425713615,35,5RvfTSowms7BTYaBj8SxVjj7ELAAKdQadKsuNpmBAwCs,,Europe,Germany,2,15
20260611-064816#108982685750,425713616,54,DRpbCBMxVnDK7maPM5tGv6MvB3v1sRMC86PZ8okm21hy,binance staking,North America,United States,3,14
20260611-064816#108982699798,425713671,22,DRpbCBMxVnDK7maPM5tGv6MvB3v1sRMC86PZ8okm21hy,binance staking,North America,United States,4,13
20260611-064816#108982700063,425713672,31,AqyRvpjjSN6jWYPxijoJwhmKwJFk6fRYDh9fQZHcJ2o7,STSS Validator,Europe,Germany,2,15
20260611-064816#108982700351,425713673,63,AqyRvpjjSN6jWYPxijoJwhmKwJFk6fRYDh9fQZHcJ2o7,STSS Validator,Europe,Germany,3,14
20260611-064816#108982706435,425713697,3,FBKFWadXZJahGtFitAsBvbqh5968gLY7dMBBJUoUjeNi,,Europe,Ireland,3,14
20260611-064816#108982716437,425713736,21,3JotfSFPaod4KVK7nj7ULvcq5PjUBdZNVGracNkJNhrt,,Europe,Germany,2,15
20260611-064816#108982719260,425713747,28,Fd7btgySsrjuo25CJCj7oE7VPMyezDhnx7pZkj2v69Nk,Figment,North America,Canada,4,13
20260611-064816#108982719530,425713748,42,Gv9gguvrAkgQtB5g5a3Un7trcHCxLYsk8vSojLmQMsWV,,Europe,United Kingdom,2,15
20260611-064816#108982725895,425713773,7,CAo1dCGYrB6NhHh5xb1cGjUiu86iyCfMTENxgHumSve4,Kraken 2,North America,United States,4,13
20260611-064816#108982726401,425713775,1,CAo1dCGYrB6NhHh5xb1cGjUiu86iyCfMTENxgHumSve4,Kraken 2,North America,United States,3,14
20260611-064816#108982726968,425713777,56,FNTPSUuRpDoJx1hwFmB5ncNLLMX42aE83P4hsFYUfNRL,Nodz,North America,United States,4,13
20260611-064816#108982727689,425713780,9,fdzip81euDS8jEZHx5H1mn27zGVMLzkgpQuzYRBfBYG,fd1.zip 📦,Asia,Japan,2,15
20260611-064816#108982742290,425713837,18,vu1sGn2f1Xim6voHNLt4nLn38zNkYdLasU7hEr1TC2D,Allnodes ⚡️ 0% fee,Europe,Germany,1,16
20260611-064816#108982742587,425713838,59,vu1sGn2f1Xim6voHNLt4nLn38zNkYdLasU7hEr1TC2D,Allnodes ⚡️ 0% fee,Europe,Germany,1,16
20260611-064816#108982742841,425713839,57,vu1sGn2f1Xim6voHNLt4nLn38zNkYdLasU7hEr1TC2D,Allnodes ⚡️ 0% fee,Europe,Germany,4,13
20260611-064816#108982743100,425713840,60,FyLVPAKkgdAy8Gn9jnFYN5yjC1ubQWRkw2EHt2UnC8uA,Solary | 0% +MEV,Europe,Netherlands,3,14
20260611-064816#108982743334,425713841,38,FyLVPAKkgdAy8Gn9jnFYN5yjC1ubQWRkw2EHt2UnC8uA,Solary | 0% +MEV,Europe,Netherlands,4,13
