leader_identity,leader_name,sender_name,land_count,n_triggers,land_rate
HEL1USMZKAL2odpNBj2oCjffnFGaYwmbGmyewGv1e2TU,Helius,helius-dual,439,828,0.5302
HEL1USMZKAL2odpNBj2oCjffnFGaYwmbGmyewGv1e2TU,Helius,allenhark-quic-fra,112,828,0.1353
HEL1USMZKAL2odpNBj2oCjffnFGaYwmbGmyewGv1e2TU,Helius,triton-fra,105,828,0.1268
HEL1USMZKAL2odpNBj2oCjffnFGaYwmbGmyewGv1e2TU,Helius,astralane-fra,34,828,0.0411
HEL1USMZKAL2odpNBj2oCjffnFGaYwmbGmyewGv1e2TU,Helius,astralane-quic-fra,17,828,0.0205
HEL1USMZKAL2odpNBj2oCjffnFGaYwmbGmyewGv1e2TU,Helius,bloxroute-fra,16,828,0.0193
HEL1USMZKAL2odpNBj2oCjffnFGaYwmbGmyewGv1e2TU,Helius,0slot-de1,13,828,0.0157
HEL1USMZKAL2odpNBj2oCjffnFGaYwmbGmyewGv1e2TU,Helius,bloxroute-quic-fra,13,828,0.0157
HEL1USMZKAL2odpNBj2oCjffnFGaYwmbGmyewGv1e2TU,Helius,helius-fra,5,828,0.006
HEL1USMZKAL2odpNBj2oCjffnFGaYwmbGmyewGv1e2TU,Helius,syncro-fra,1,828,0.0012
DRpbCBMxVnDK7maPM5tGv6MvB3v1sRMC86PZ8okm21hy,binance staking,0slot-de1,394,804,0.49
DRpbCBMxVnDK7maPM5tGv6MvB3v1sRMC86PZ8okm21hy,binance staking,triton-fra,265,804,0.3296
DRpbCBMxVnDK7maPM5tGv6MvB3v1sRMC86PZ8okm21hy,binance staking,astralane-fra,22,804,0.0274
DRpbCBMxVnDK7maPM5tGv6MvB3v1sRMC86PZ8okm21hy,binance staking,astralane-quic-fra,15,804,0.0187
DRpbCBMxVnDK7maPM5tGv6MvB3v1sRMC86PZ8okm21hy,binance staking,helius-dual,6,804,0.0075
DRpbCBMxVnDK7maPM5tGv6MvB3v1sRMC86PZ8okm21hy,binance staking,syncro-fra,6,804,0.0075
DRpbCBMxVnDK7maPM5tGv6MvB3v1sRMC86PZ8okm21hy,binance staking,allenhark-quic-ams,5,804,0.0062
DRpbCBMxVnDK7maPM5tGv6MvB3v1sRMC86PZ8okm21hy,binance staking,blockrazor,5,804,0.0062
DRpbCBMxVnDK7maPM5tGv6MvB3v1sRMC86PZ8okm21hy,binance staking,nozomi-fra,5,804,0.0062
DRpbCBMxVnDK7maPM5tGv6MvB3v1sRMC86PZ8okm21hy,binance staking,allenhark-quic-fra,4,804,0.005
DRpbCBMxVnDK7maPM5tGv6MvB3v1sRMC86PZ8okm21hy,binance staking,bloxroute-fra,3,804,0.0037
DRpbCBMxVnDK7maPM5tGv6MvB3v1sRMC86PZ8okm21hy,binance staking,helius-fra,3,804,0.0037
DRpbCBMxVnDK7maPM5tGv6MvB3v1sRMC86PZ8okm21hy,binance staking,bloxroute-quic-fra,2,804,0.0025
DRpbCBMxVnDK7maPM5tGv6MvB3v1sRMC86PZ8okm21hy,binance staking,nextblock-quic-fra,2,804,0.0025
Fd7btgySsrjuo25CJCj7oE7VPMyezDhnx7pZkj2v69Nk,Figment,0slot-de1,477,656,0.7271
Fd7btgySsrjuo25CJCj7oE7VPMyezDhnx7pZkj2v69Nk,Figment,astralane-fra,55,656,0.0838
Fd7btgySsrjuo25CJCj7oE7VPMyezDhnx7pZkj2v69Nk,Figment,astralane-quic-fra,44,656,0.0671
Fd7btgySsrjuo25CJCj7oE7VPMyezDhnx7pZkj2v69Nk,Figment,nozomi-fra,7,656,0.0107
Fd7btgySsrjuo25CJCj7oE7VPMyezDhnx7pZkj2v69Nk,Figment,triton-fra,5,656,0.0076
Fd7btgySsrjuo25CJCj7oE7VPMyezDhnx7pZkj2v69Nk,Figment,helius-dual,2,656,0.003
JupmVLmA8RoyTUbTMMuTtoPWHEiNQobxgTeGTrPNkzT,Jupiter,helius-dual,474,644,0.736
JupmVLmA8RoyTUbTMMuTtoPWHEiNQobxgTeGTrPNkzT,Jupiter,0slot-de1,45,644,0.0699
JupmVLmA8RoyTUbTMMuTtoPWHEiNQobxgTeGTrPNkzT,Jupiter,nextblock-quic-fra,15,644,0.0233
JupmVLmA8RoyTUbTMMuTtoPWHEiNQobxgTeGTrPNkzT,Jupiter,allenhark-quic-fra,12,644,0.0186
JupmVLmA8RoyTUbTMMuTtoPWHEiNQobxgTeGTrPNkzT,Jupiter,astralane-quic-fra,11,644,0.0171
JupmVLmA8RoyTUbTMMuTtoPWHEiNQobxgTeGTrPNkzT,Jupiter,astralane-fra,8,644,0.0124
JupmVLmA8RoyTUbTMMuTtoPWHEiNQobxgTeGTrPNkzT,Jupiter,bloxroute-fra,7,644,0.0109
JupmVLmA8RoyTUbTMMuTtoPWHEiNQobxgTeGTrPNkzT,Jupiter,bloxroute-quic-fra,6,644,0.0093
JupmVLmA8RoyTUbTMMuTtoPWHEiNQobxgTeGTrPNkzT,Jupiter,triton-fra,5,644,0.0078
JupmVLmA8RoyTUbTMMuTtoPWHEiNQobxgTeGTrPNkzT,Jupiter,blockrazor,4,644,0.0062
JupmVLmA8RoyTUbTMMuTtoPWHEiNQobxgTeGTrPNkzT,Jupiter,nozomi-fra,4,644,0.0062
JupmVLmA8RoyTUbTMMuTtoPWHEiNQobxgTeGTrPNkzT,Jupiter,helius-fra,3,644,0.0047
JupmVLmA8RoyTUbTMMuTtoPWHEiNQobxgTeGTrPNkzT,Jupiter,syncro-fra,1,644,0.0016
q9XWcZ7T1wP4bW9SB4XgNNwjnFEJ982nE8aVbbNuwot,Ledger by Figment,0slot-de1,354,448,0.7902
q9XWcZ7T1wP4bW9SB4XgNNwjnFEJ982nE8aVbbNuwot,Ledger by Figment,astralane-quic-fra,26,448,0.058
q9XWcZ7T1wP4bW9SB4XgNNwjnFEJ982nE8aVbbNuwot,Ledger by Figment,astralane-fra,19,448,0.0424
q9XWcZ7T1wP4bW9SB4XgNNwjnFEJ982nE8aVbbNuwot,Ledger by Figment,nozomi-fra,4,448,0.0089
q9XWcZ7T1wP4bW9SB4XgNNwjnFEJ982nE8aVbbNuwot,Ledger by Figment,bloxroute-fra,2,448,0.0045
q9XWcZ7T1wP4bW9SB4XgNNwjnFEJ982nE8aVbbNuwot,Ledger by Figment,triton-fra,2,448,0.0045
q9XWcZ7T1wP4bW9SB4XgNNwjnFEJ982nE8aVbbNuwot,Ledger by Figment,helius-dual,1,448,0.0022
q9XWcZ7T1wP4bW9SB4XgNNwjnFEJ982nE8aVbbNuwot,Ledger by Figment,syncro-fra,1,448,0.0022
E1r4Psq84tHfQ6aPTvvDka4U3u8zPVD7gEUrH25RdxHL,Bitwise Onchain Solutions,helius-dual,145,428,0.3388
E1r4Psq84tHfQ6aPTvvDka4U3u8zPVD7gEUrH25RdxHL,Bitwise Onchain Solutions,nextblock-quic-fra,86,428,0.2009
E1r4Psq84tHfQ6aPTvvDka4U3u8zPVD7gEUrH25RdxHL,Bitwise Onchain Solutions,astralane-fra,58,428,0.1355
E1r4Psq84tHfQ6aPTvvDka4U3u8zPVD7gEUrH25RdxHL,Bitwise Onchain Solutions,astralane-quic-fra,48,428,0.1121
E1r4Psq84tHfQ6aPTvvDka4U3u8zPVD7gEUrH25RdxHL,Bitwise Onchain Solutions,triton-fra,16,428,0.0374
E1r4Psq84tHfQ6aPTvvDka4U3u8zPVD7gEUrH25RdxHL,Bitwise Onchain Solutions,nozomi-fra,11,428,0.0257
E1r4Psq84tHfQ6aPTvvDka4U3u8zPVD7gEUrH25RdxHL,Bitwise Onchain Solutions,0slot-de1,9,428,0.021
E1r4Psq84tHfQ6aPTvvDka4U3u8zPVD7gEUrH25RdxHL,Bitwise Onchain Solutions,allenhark-quic-fra,9,428,0.021
E1r4Psq84tHfQ6aPTvvDka4U3u8zPVD7gEUrH25RdxHL,Bitwise Onchain Solutions,blockrazor,8,428,0.0187
E1r4Psq84tHfQ6aPTvvDka4U3u8zPVD7gEUrH25RdxHL,Bitwise Onchain Solutions,helius-fra,5,428,0.0117
E1r4Psq84tHfQ6aPTvvDka4U3u8zPVD7gEUrH25RdxHL,Bitwise Onchain Solutions,bloxroute-fra,4,428,0.0093
E1r4Psq84tHfQ6aPTvvDka4U3u8zPVD7gEUrH25RdxHL,Bitwise Onchain Solutions,bloxroute-quic-fra,3,428,0.007
E1r4Psq84tHfQ6aPTvvDka4U3u8zPVD7gEUrH25RdxHL,Bitwise Onchain Solutions,allenhark-quic-ams,1,428,0.0023
E1r4Psq84tHfQ6aPTvvDka4U3u8zPVD7gEUrH25RdxHL,Bitwise Onchain Solutions,syncro-fra,1,428,0.0023
9jxgosAfHgHzwnxsHw4RAZYaLVokMbnYtmiZBreynGFP,,nextblock-quic-fra,87,365,0.2384
9jxgosAfHgHzwnxsHw4RAZYaLVokMbnYtmiZBreynGFP,,astralane-fra,46,365,0.126
9jxgosAfHgHzwnxsHw4RAZYaLVokMbnYtmiZBreynGFP,,triton-fra,39,365,0.1068
9jxgosAfHgHzwnxsHw4RAZYaLVokMbnYtmiZBreynGFP,,nozomi-fra,34,365,0.0932
9jxgosAfHgHzwnxsHw4RAZYaLVokMbnYtmiZBreynGFP,,astralane-quic-fra,32,365,0.0877
9jxgosAfHgHzwnxsHw4RAZYaLVokMbnYtmiZBreynGFP,,0slot-de1,17,365,0.0466
9jxgosAfHgHzwnxsHw4RAZYaLVokMbnYtmiZBreynGFP,,allenhark-quic-fra,9,365,0.0247
9jxgosAfHgHzwnxsHw4RAZYaLVokMbnYtmiZBreynGFP,,allenhark-quic-ams,5,365,0.0137
9jxgosAfHgHzwnxsHw4RAZYaLVokMbnYtmiZBreynGFP,,bloxroute-quic-fra,5,365,0.0137
9jxgosAfHgHzwnxsHw4RAZYaLVokMbnYtmiZBreynGFP,,helius-dual,5,365,0.0137
9jxgosAfHgHzwnxsHw4RAZYaLVokMbnYtmiZBreynGFP,,blockrazor,2,365,0.0055
9jxgosAfHgHzwnxsHw4RAZYaLVokMbnYtmiZBreynGFP,,bloxroute-fra,2,365,0.0055
9jxgosAfHgHzwnxsHw4RAZYaLVokMbnYtmiZBreynGFP,,helius-fra,2,365,0.0055
Awes4Tr6TX8JDzEhCZY2QVNimT6iD1zWHzf1vNyGvpLM,Staking Facilities | MEV 🔥,astralane-fra,103,335,0.3075
Awes4Tr6TX8JDzEhCZY2QVNimT6iD1zWHzf1vNyGvpLM,Staking Facilities | MEV 🔥,astralane-quic-fra,65,335,0.194
Awes4Tr6TX8JDzEhCZY2QVNimT6iD1zWHzf1vNyGvpLM,Staking Facilities | MEV 🔥,0slot-de1,26,335,0.0776
Awes4Tr6TX8JDzEhCZY2QVNimT6iD1zWHzf1vNyGvpLM,Staking Facilities | MEV 🔥,triton-fra,20,335,0.0597
Awes4Tr6TX8JDzEhCZY2QVNimT6iD1zWHzf1vNyGvpLM,Staking Facilities | MEV 🔥,nextblock-quic-fra,18,335,0.0537
Awes4Tr6TX8JDzEhCZY2QVNimT6iD1zWHzf1vNyGvpLM,Staking Facilities | MEV 🔥,bloxroute-fra,9,335,0.0269
Awes4Tr6TX8JDzEhCZY2QVNimT6iD1zWHzf1vNyGvpLM,Staking Facilities | MEV 🔥,allenhark-quic-fra,7,335,0.0209
Awes4Tr6TX8JDzEhCZY2QVNimT6iD1zWHzf1vNyGvpLM,Staking Facilities | MEV 🔥,allenhark-quic-ams,2,335,0.006
Awes4Tr6TX8JDzEhCZY2QVNimT6iD1zWHzf1vNyGvpLM,Staking Facilities | MEV 🔥,blockrazor,2,335,0.006
Awes4Tr6TX8JDzEhCZY2QVNimT6iD1zWHzf1vNyGvpLM,Staking Facilities | MEV 🔥,nozomi-fra,2,335,0.006
Awes4Tr6TX8JDzEhCZY2QVNimT6iD1zWHzf1vNyGvpLM,Staking Facilities | MEV 🔥,bloxroute-quic-fra,1,335,0.003
Awes4Tr6TX8JDzEhCZY2QVNimT6iD1zWHzf1vNyGvpLM,Staking Facilities | MEV 🔥,helius-dual,1,335,0.003
Awes4Tr6TX8JDzEhCZY2QVNimT6iD1zWHzf1vNyGvpLM,Staking Facilities | MEV 🔥,helius-fra,1,335,0.003
CAo1dCGYrB6NhHh5xb1cGjUiu86iyCfMTENxgHumSve4,Kraken 2,astralane-fra,103,327,0.315
CAo1dCGYrB6NhHh5xb1cGjUiu86iyCfMTENxgHumSve4,Kraken 2,astralane-quic-fra,80,327,0.2446
CAo1dCGYrB6NhHh5xb1cGjUiu86iyCfMTENxgHumSve4,Kraken 2,nozomi-fra,61,327,0.1865
CAo1dCGYrB6NhHh5xb1cGjUiu86iyCfMTENxgHumSve4,Kraken 2,nextblock-quic-fra,11,327,0.0336
CAo1dCGYrB6NhHh5xb1cGjUiu86iyCfMTENxgHumSve4,Kraken 2,triton-fra,8,327,0.0245
CAo1dCGYrB6NhHh5xb1cGjUiu86iyCfMTENxgHumSve4,Kraken 2,0slot-de1,6,327,0.0183
CAo1dCGYrB6NhHh5xb1cGjUiu86iyCfMTENxgHumSve4,Kraken 2,helius-dual,1,327,0.0031
5Cchr1XGEg7dbBXByV5NY2ad8jfxAM7HA3x8D56rq9Ux,Upbit Staking,nextblock-quic-fra,59,321,0.1838
5Cchr1XGEg7dbBXByV5NY2ad8jfxAM7HA3x8D56rq9Ux,Upbit Staking,triton-fra,48,321,0.1495
5Cchr1XGEg7dbBXByV5NY2ad8jfxAM7HA3x8D56rq9Ux,Upbit Staking,nozomi-fra,29,321,0.0903
5Cchr1XGEg7dbBXByV5NY2ad8jfxAM7HA3x8D56rq9Ux,Upbit Staking,helius-dual,23,321,0.0717
5Cchr1XGEg7dbBXByV5NY2ad8jfxAM7HA3x8D56rq9Ux,Upbit Staking,0slot-de1,17,321,0.053
5Cchr1XGEg7dbBXByV5NY2ad8jfxAM7HA3x8D56rq9Ux,Upbit Staking,allenhark-quic-fra,16,321,0.0498
5Cchr1XGEg7dbBXByV5NY2ad8jfxAM7HA3x8D56rq9Ux,Upbit Staking,astralane-quic-fra,15,321,0.0467
5Cchr1XGEg7dbBXByV5NY2ad8jfxAM7HA3x8D56rq9Ux,Upbit Staking,helius-fra,15,321,0.0467
5Cchr1XGEg7dbBXByV5NY2ad8jfxAM7HA3x8D56rq9Ux,Upbit Staking,astralane-fra,7,321,0.0218
5Cchr1XGEg7dbBXByV5NY2ad8jfxAM7HA3x8D56rq9Ux,Upbit Staking,bloxroute-fra,7,321,0.0218
5Cchr1XGEg7dbBXByV5NY2ad8jfxAM7HA3x8D56rq9Ux,Upbit Staking,blockrazor,6,321,0.0187
5Cchr1XGEg7dbBXByV5NY2ad8jfxAM7HA3x8D56rq9Ux,Upbit Staking,bloxroute-quic-fra,5,321,0.0156
5Cchr1XGEg7dbBXByV5NY2ad8jfxAM7HA3x8D56rq9Ux,Upbit Staking,syncro-fra,1,321,0.0031
9eGrDohdNTAo61DRHyfMuqKWXqYnA3i254Wiszxe8FoY,Galaxy,0slot-de1,187,298,0.6275
9eGrDohdNTAo61DRHyfMuqKWXqYnA3i254Wiszxe8FoY,Galaxy,triton-fra,16,298,0.0537
9eGrDohdNTAo61DRHyfMuqKWXqYnA3i254Wiszxe8FoY,Galaxy,allenhark-quic-fra,13,298,0.0436
9eGrDohdNTAo61DRHyfMuqKWXqYnA3i254Wiszxe8FoY,Galaxy,astralane-fra,11,298,0.0369
9eGrDohdNTAo61DRHyfMuqKWXqYnA3i254Wiszxe8FoY,Galaxy,astralane-quic-fra,10,298,0.0336
9eGrDohdNTAo61DRHyfMuqKWXqYnA3i254Wiszxe8FoY,Galaxy,nozomi-fra,8,298,0.0268
9eGrDohdNTAo61DRHyfMuqKWXqYnA3i254Wiszxe8FoY,Galaxy,allenhark-quic-ams,1,298,0.0034
9eGrDohdNTAo61DRHyfMuqKWXqYnA3i254Wiszxe8FoY,Galaxy,bloxroute-fra,1,298,0.0034
5pPRHniefFjkiaArbGX3Y8NUysJmQ9tMZg3FrFGwHzSm,Kiln1,helius-dual,236,288,0.8194
5pPRHniefFjkiaArbGX3Y8NUysJmQ9tMZg3FrFGwHzSm,Kiln1,0slot-de1,23,288,0.0799
5pPRHniefFjkiaArbGX3Y8NUysJmQ9tMZg3FrFGwHzSm,Kiln1,astralane-fra,2,288,0.0069
5pPRHniefFjkiaArbGX3Y8NUysJmQ9tMZg3FrFGwHzSm,Kiln1,nozomi-fra,2,288,0.0069
5pPRHniefFjkiaArbGX3Y8NUysJmQ9tMZg3FrFGwHzSm,Kiln1,triton-fra,2,288,0.0069
5pPRHniefFjkiaArbGX3Y8NUysJmQ9tMZg3FrFGwHzSm,Kiln1,allenhark-quic-fra,1,288,0.0035
5pPRHniefFjkiaArbGX3Y8NUysJmQ9tMZg3FrFGwHzSm,Kiln1,astralane-quic-fra,1,288,0.0035
5pPRHniefFjkiaArbGX3Y8NUysJmQ9tMZg3FrFGwHzSm,Kiln1,nextblock-quic-fra,1,288,0.0035
EvnRmnMrd69kFdbLMxWkTn1icZ7DCceRhvmb2SJXqDo4,Everstake,astralane-fra,103,283,0.364
EvnRmnMrd69kFdbLMxWkTn1icZ7DCceRhvmb2SJXqDo4,Everstake,astralane-quic-fra,58,283,0.2049
EvnRmnMrd69kFdbLMxWkTn1icZ7DCceRhvmb2SJXqDo4,Everstake,nextblock-quic-fra,30,283,0.106
EvnRmnMrd69kFdbLMxWkTn1icZ7DCceRhvmb2SJXqDo4,Everstake,helius-dual,22,283,0.0777
EvnRmnMrd69kFdbLMxWkTn1icZ7DCceRhvmb2SJXqDo4,Everstake,0slot-de1,4,283,0.0141
EvnRmnMrd69kFdbLMxWkTn1icZ7DCceRhvmb2SJXqDo4,Everstake,allenhark-quic-fra,3,283,0.0106
EvnRmnMrd69kFdbLMxWkTn1icZ7DCceRhvmb2SJXqDo4,Everstake,blockrazor,2,283,0.0071
EvnRmnMrd69kFdbLMxWkTn1icZ7DCceRhvmb2SJXqDo4,Everstake,nozomi-fra,2,283,0.0071
EvnRmnMrd69kFdbLMxWkTn1icZ7DCceRhvmb2SJXqDo4,Everstake,allenhark-quic-ams,1,283,0.0035
EvnRmnMrd69kFdbLMxWkTn1icZ7DCceRhvmb2SJXqDo4,Everstake,helius-fra,1,283,0.0035
EvnRmnMrd69kFdbLMxWkTn1icZ7DCceRhvmb2SJXqDo4,Everstake,triton-fra,1,283,0.0035
JD549HsbJHeEKKUrKgg4Fj2iyv2RGjsV7NTZjZUrHybB,Forward Industries,0slot-de1,154,244,0.6311
JD549HsbJHeEKKUrKgg4Fj2iyv2RGjsV7NTZjZUrHybB,Forward Industries,triton-fra,22,244,0.0902
JD549HsbJHeEKKUrKgg4Fj2iyv2RGjsV7NTZjZUrHybB,Forward Industries,astralane-fra,8,244,0.0328
JD549HsbJHeEKKUrKgg4Fj2iyv2RGjsV7NTZjZUrHybB,Forward Industries,nozomi-fra,6,244,0.0246
JD549HsbJHeEKKUrKgg4Fj2iyv2RGjsV7NTZjZUrHybB,Forward Industries,astralane-quic-fra,5,244,0.0205
JD549HsbJHeEKKUrKgg4Fj2iyv2RGjsV7NTZjZUrHybB,Forward Industries,allenhark-quic-fra,2,244,0.0082
JD549HsbJHeEKKUrKgg4Fj2iyv2RGjsV7NTZjZUrHybB,Forward Industries,bloxroute-quic-fra,2,244,0.0082
JD549HsbJHeEKKUrKgg4Fj2iyv2RGjsV7NTZjZUrHybB,Forward Industries,helius-fra,1,244,0.0041
EkvdKhULbMFqjKBKotAzGi3kwMvMpYNDKJXXQQmi6C1f,,astralane-fra,71,238,0.2983
EkvdKhULbMFqjKBKotAzGi3kwMvMpYNDKJXXQQmi6C1f,,astralane-quic-fra,64,238,0.2689
EkvdKhULbMFqjKBKotAzGi3kwMvMpYNDKJXXQQmi6C1f,,nozomi-fra,31,238,0.1303
EkvdKhULbMFqjKBKotAzGi3kwMvMpYNDKJXXQQmi6C1f,,0slot-de1,11,238,0.0462
EkvdKhULbMFqjKBKotAzGi3kwMvMpYNDKJXXQQmi6C1f,,triton-fra,4,238,0.0168
EkvdKhULbMFqjKBKotAzGi3kwMvMpYNDKJXXQQmi6C1f,,blockrazor,1,238,0.0042
EkvdKhULbMFqjKBKotAzGi3kwMvMpYNDKJXXQQmi6C1f,,nextblock-quic-fra,1,238,0.0042
9rkJMARqK6VBkcxGfKBAwnA44gPAfGxPbPsfsggFNDSQ,,nextblock-quic-fra,72,236,0.3051
9rkJMARqK6VBkcxGfKBAwnA44gPAfGxPbPsfsggFNDSQ,,astralane-fra,31,236,0.1314
9rkJMARqK6VBkcxGfKBAwnA44gPAfGxPbPsfsggFNDSQ,,astralane-quic-fra,31,236,0.1314
9rkJMARqK6VBkcxGfKBAwnA44gPAfGxPbPsfsggFNDSQ,,triton-fra,27,236,0.1144
9rkJMARqK6VBkcxGfKBAwnA44gPAfGxPbPsfsggFNDSQ,,0slot-de1,18,236,0.0763
9rkJMARqK6VBkcxGfKBAwnA44gPAfGxPbPsfsggFNDSQ,,helius-fra,11,236,0.0466
9rkJMARqK6VBkcxGfKBAwnA44gPAfGxPbPsfsggFNDSQ,,helius-dual,9,236,0.0381
9rkJMARqK6VBkcxGfKBAwnA44gPAfGxPbPsfsggFNDSQ,,bloxroute-fra,8,236,0.0339
9rkJMARqK6VBkcxGfKBAwnA44gPAfGxPbPsfsggFNDSQ,,nozomi-fra,5,236,0.0212
9rkJMARqK6VBkcxGfKBAwnA44gPAfGxPbPsfsggFNDSQ,,allenhark-quic-fra,4,236,0.0169
9rkJMARqK6VBkcxGfKBAwnA44gPAfGxPbPsfsggFNDSQ,,blockrazor,3,236,0.0127
9rkJMARqK6VBkcxGfKBAwnA44gPAfGxPbPsfsggFNDSQ,,bloxroute-quic-fra,3,236,0.0127
9rkJMARqK6VBkcxGfKBAwnA44gPAfGxPbPsfsggFNDSQ,,allenhark-quic-ams,1,236,0.0042
Hz5aLvpKScNWoe9YZWxBLrQA3qzHJivBGtfciMekk8m5,,astralane-fra,70,233,0.3004
Hz5aLvpKScNWoe9YZWxBLrQA3qzHJivBGtfciMekk8m5,,astralane-quic-fra,64,233,0.2747
Hz5aLvpKScNWoe9YZWxBLrQA3qzHJivBGtfciMekk8m5,,nozomi-fra,45,233,0.1931
Hz5aLvpKScNWoe9YZWxBLrQA3qzHJivBGtfciMekk8m5,,0slot-de1,8,233,0.0343
Hz5aLvpKScNWoe9YZWxBLrQA3qzHJivBGtfciMekk8m5,,nextblock-quic-fra,3,233,0.0129
Hz5aLvpKScNWoe9YZWxBLrQA3qzHJivBGtfciMekk8m5,,blockrazor,1,233,0.0043
Hz5aLvpKScNWoe9YZWxBLrQA3qzHJivBGtfciMekk8m5,,helius-dual,1,233,0.0043
Hz5aLvpKScNWoe9YZWxBLrQA3qzHJivBGtfciMekk8m5,,helius-fra,1,233,0.0043
Hz5aLvpKScNWoe9YZWxBLrQA3qzHJivBGtfciMekk8m5,,triton-fra,1,233,0.0043
DWvDTSh3qfn88UoQTEKRV2JnLt5jtJAVoiCo3ivtMwXP,P2P.org,syncro-fra,198,232,0.8534
DWvDTSh3qfn88UoQTEKRV2JnLt5jtJAVoiCo3ivtMwXP,P2P.org,0slot-de1,9,232,0.0388
DWvDTSh3qfn88UoQTEKRV2JnLt5jtJAVoiCo3ivtMwXP,P2P.org,astralane-quic-fra,4,232,0.0172
DWvDTSh3qfn88UoQTEKRV2JnLt5jtJAVoiCo3ivtMwXP,P2P.org,helius-dual,2,232,0.0086
DWvDTSh3qfn88UoQTEKRV2JnLt5jtJAVoiCo3ivtMwXP,P2P.org,nozomi-fra,1,232,0.0043
DWvDTSh3qfn88UoQTEKRV2JnLt5jtJAVoiCo3ivtMwXP,P2P.org,triton-fra,1,232,0.0043
FBKFWadXZJahGtFitAsBvbqh5968gLY7dMBBJUoUjeNi,,astralane-fra,68,221,0.3077
FBKFWadXZJahGtFitAsBvbqh5968gLY7dMBBJUoUjeNi,,astralane-quic-fra,42,221,0.19
FBKFWadXZJahGtFitAsBvbqh5968gLY7dMBBJUoUjeNi,,nozomi-fra,40,221,0.181
FBKFWadXZJahGtFitAsBvbqh5968gLY7dMBBJUoUjeNi,,0slot-de1,9,221,0.0407
FBKFWadXZJahGtFitAsBvbqh5968gLY7dMBBJUoUjeNi,,nextblock-quic-fra,6,221,0.0271
FBKFWadXZJahGtFitAsBvbqh5968gLY7dMBBJUoUjeNi,,triton-fra,4,221,0.0181
FBKFWadXZJahGtFitAsBvbqh5968gLY7dMBBJUoUjeNi,,bloxroute-fra,2,221,0.009
FBKFWadXZJahGtFitAsBvbqh5968gLY7dMBBJUoUjeNi,,helius-dual,1,221,0.0045
BtsmiEEvnSuUnKxqXj2PZRYpPJAc7C34mGz8gtJ1DAaH,,astralane-fra,84,220,0.3818
BtsmiEEvnSuUnKxqXj2PZRYpPJAc7C34mGz8gtJ1DAaH,,astralane-quic-fra,68,220,0.3091
BtsmiEEvnSuUnKxqXj2PZRYpPJAc7C34mGz8gtJ1DAaH,,0slot-de1,10,220,0.0455
BtsmiEEvnSuUnKxqXj2PZRYpPJAc7C34mGz8gtJ1DAaH,,nozomi-fra,7,220,0.0318
BtsmiEEvnSuUnKxqXj2PZRYpPJAc7C34mGz8gtJ1DAaH,,triton-fra,4,220,0.0182
BtsmiEEvnSuUnKxqXj2PZRYpPJAc7C34mGz8gtJ1DAaH,,blockrazor,2,220,0.0091
BtsmiEEvnSuUnKxqXj2PZRYpPJAc7C34mGz8gtJ1DAaH,,bloxroute-fra,1,220,0.0045
A1vqhA2fS6K7CvHsJKX1ACcHJFEmyRg4KuR5pctHANy4,,astralane-quic-fra,69,217,0.318
A1vqhA2fS6K7CvHsJKX1ACcHJFEmyRg4KuR5pctHANy4,,astralane-fra,57,217,0.2627
A1vqhA2fS6K7CvHsJKX1ACcHJFEmyRg4KuR5pctHANy4,,nozomi-fra,35,217,0.1613
A1vqhA2fS6K7CvHsJKX1ACcHJFEmyRg4KuR5pctHANy4,,triton-fra,7,217,0.0323
A1vqhA2fS6K7CvHsJKX1ACcHJFEmyRg4KuR5pctHANy4,,0slot-de1,4,217,0.0184
A1vqhA2fS6K7CvHsJKX1ACcHJFEmyRg4KuR5pctHANy4,,nextblock-quic-fra,4,217,0.0184
A1vqhA2fS6K7CvHsJKX1ACcHJFEmyRg4KuR5pctHANy4,,allenhark-quic-fra,2,217,0.0092
A1vqhA2fS6K7CvHsJKX1ACcHJFEmyRg4KuR5pctHANy4,,blockrazor,1,217,0.0046
A1vqhA2fS6K7CvHsJKX1ACcHJFEmyRg4KuR5pctHANy4,,syncro-fra,1,217,0.0046
krakeNd6ednDPEXxHAmoBs1qKVM8kLg79PvWF2mhXV1,Kraken,0slot-de1,103,216,0.4769
krakeNd6ednDPEXxHAmoBs1qKVM8kLg79PvWF2mhXV1,Kraken,triton-fra,86,216,0.3981
krakeNd6ednDPEXxHAmoBs1qKVM8kLg79PvWF2mhXV1,Kraken,astralane-fra,6,216,0.0278
krakeNd6ednDPEXxHAmoBs1qKVM8kLg79PvWF2mhXV1,Kraken,blockrazor,2,216,0.0093
krakeNd6ednDPEXxHAmoBs1qKVM8kLg79PvWF2mhXV1,Kraken,syncro-fra,2,216,0.0093
krakeNd6ednDPEXxHAmoBs1qKVM8kLg79PvWF2mhXV1,Kraken,bloxroute-quic-fra,1,216,0.0046
krakeNd6ednDPEXxHAmoBs1qKVM8kLg79PvWF2mhXV1,Kraken,helius-dual,1,216,0.0046
krakeNd6ednDPEXxHAmoBs1qKVM8kLg79PvWF2mhXV1,Kraken,nextblock-quic-fra,1,216,0.0046
krakeNd6ednDPEXxHAmoBs1qKVM8kLg79PvWF2mhXV1,Kraken,nozomi-fra,1,216,0.0046
9UM8wQ8F5oMiRcP5YdqD6Lr4krpBWCD8LtgQYoisJd9i,,astralane-fra,70,215,0.3256
9UM8wQ8F5oMiRcP5YdqD6Lr4krpBWCD8LtgQYoisJd9i,,astralane-quic-fra,49,215,0.2279
9UM8wQ8F5oMiRcP5YdqD6Lr4krpBWCD8LtgQYoisJd9i,,nozomi-fra,31,215,0.1442
9UM8wQ8F5oMiRcP5YdqD6Lr4krpBWCD8LtgQYoisJd9i,,0slot-de1,18,215,0.0837
9UM8wQ8F5oMiRcP5YdqD6Lr4krpBWCD8LtgQYoisJd9i,,triton-fra,6,215,0.0279
9UM8wQ8F5oMiRcP5YdqD6Lr4krpBWCD8LtgQYoisJd9i,,nextblock-quic-fra,5,215,0.0233
9UM8wQ8F5oMiRcP5YdqD6Lr4krpBWCD8LtgQYoisJd9i,,bloxroute-quic-fra,3,215,0.014
9UM8wQ8F5oMiRcP5YdqD6Lr4krpBWCD8LtgQYoisJd9i,,bloxroute-fra,2,215,0.0093
9UM8wQ8F5oMiRcP5YdqD6Lr4krpBWCD8LtgQYoisJd9i,,syncro-fra,1,215,0.0047
shftkxnsXmqAkmLgz9Mn7bNB5Fr6mKgFc58kFHfVikj,blueshift,astralane-fra,80,212,0.3774
shftkxnsXmqAkmLgz9Mn7bNB5Fr6mKgFc58kFHfVikj,blueshift,astralane-quic-fra,64,212,0.3019
shftkxnsXmqAkmLgz9Mn7bNB5Fr6mKgFc58kFHfVikj,blueshift,0slot-de1,11,212,0.0519
shftkxnsXmqAkmLgz9Mn7bNB5Fr6mKgFc58kFHfVikj,blueshift,triton-fra,8,212,0.0377
shftkxnsXmqAkmLgz9Mn7bNB5Fr6mKgFc58kFHfVikj,blueshift,nozomi-fra,7,212,0.033
shftkxnsXmqAkmLgz9Mn7bNB5Fr6mKgFc58kFHfVikj,blueshift,blockrazor,3,212,0.0142
shftkxnsXmqAkmLgz9Mn7bNB5Fr6mKgFc58kFHfVikj,blueshift,allenhark-quic-ams,1,212,0.0047
shftkxnsXmqAkmLgz9Mn7bNB5Fr6mKgFc58kFHfVikj,blueshift,helius-fra,1,212,0.0047
shftkxnsXmqAkmLgz9Mn7bNB5Fr6mKgFc58kFHfVikj,blueshift,nextblock-quic-fra,1,212,0.0047
shftkxnsXmqAkmLgz9Mn7bNB5Fr6mKgFc58kFHfVikj,blueshift,syncro-fra,1,212,0.0047
J6etcxDdYjPHrtyvDXrbCkx3q9W1UjMj1vy1jBFPJEbK,,astralane-fra,46,190,0.2421
J6etcxDdYjPHrtyvDXrbCkx3q9W1UjMj1vy1jBFPJEbK,,astralane-quic-fra,46,190,0.2421
J6etcxDdYjPHrtyvDXrbCkx3q9W1UjMj1vy1jBFPJEbK,,nozomi-fra,38,190,0.2
J6etcxDdYjPHrtyvDXrbCkx3q9W1UjMj1vy1jBFPJEbK,,0slot-de1,10,190,0.0526
J6etcxDdYjPHrtyvDXrbCkx3q9W1UjMj1vy1jBFPJEbK,,triton-fra,3,190,0.0158
J6etcxDdYjPHrtyvDXrbCkx3q9W1UjMj1vy1jBFPJEbK,,blockrazor,2,190,0.0105
J6etcxDdYjPHrtyvDXrbCkx3q9W1UjMj1vy1jBFPJEbK,,bloxroute-quic-fra,2,190,0.0105
J6etcxDdYjPHrtyvDXrbCkx3q9W1UjMj1vy1jBFPJEbK,,allenhark-quic-fra,1,190,0.0053
J6etcxDdYjPHrtyvDXrbCkx3q9W1UjMj1vy1jBFPJEbK,,bloxroute-fra,1,190,0.0053
J6etcxDdYjPHrtyvDXrbCkx3q9W1UjMj1vy1jBFPJEbK,,nextblock-quic-fra,1,190,0.0053
J6etcxDdYjPHrtyvDXrbCkx3q9W1UjMj1vy1jBFPJEbK,,syncro-fra,1,190,0.0053
FNKgX9dYUhYQFRTM9bkeKoRpsyEtZGNMxbdQLDzfqB8a,Coinbase 04,astralane-fra,57,188,0.3032
FNKgX9dYUhYQFRTM9bkeKoRpsyEtZGNMxbdQLDzfqB8a,Coinbase 04,astralane-quic-fra,49,188,0.2606
FNKgX9dYUhYQFRTM9bkeKoRpsyEtZGNMxbdQLDzfqB8a,Coinbase 04,nozomi-fra,25,188,0.133
FNKgX9dYUhYQFRTM9bkeKoRpsyEtZGNMxbdQLDzfqB8a,Coinbase 04,0slot-de1,10,188,0.0532
FNKgX9dYUhYQFRTM9bkeKoRpsyEtZGNMxbdQLDzfqB8a,Coinbase 04,nextblock-quic-fra,4,188,0.0213
FNKgX9dYUhYQFRTM9bkeKoRpsyEtZGNMxbdQLDzfqB8a,Coinbase 04,triton-fra,3,188,0.016
5ZqveVffQPiUbkjBg4KD9kib1MKHLqiFno4ke9jSq9qk,,astralane-fra,84,177,0.4746
5ZqveVffQPiUbkjBg4KD9kib1MKHLqiFno4ke9jSq9qk,,astralane-quic-fra,49,177,0.2768
5ZqveVffQPiUbkjBg4KD9kib1MKHLqiFno4ke9jSq9qk,,0slot-de1,9,177,0.0508
5ZqveVffQPiUbkjBg4KD9kib1MKHLqiFno4ke9jSq9qk,,nozomi-fra,6,177,0.0339
5ZqveVffQPiUbkjBg4KD9kib1MKHLqiFno4ke9jSq9qk,,blockrazor,1,177,0.0056
5ZqveVffQPiUbkjBg4KD9kib1MKHLqiFno4ke9jSq9qk,,nextblock-quic-fra,1,177,0.0056
5ZqveVffQPiUbkjBg4KD9kib1MKHLqiFno4ke9jSq9qk,,triton-fra,1,177,0.0056
GSTampk6BJRKSDkzhaMM49R7qRx98MTPYYWvKbp83XKc,,0slot-de1,83,172,0.4826
GSTampk6BJRKSDkzhaMM49R7qRx98MTPYYWvKbp83XKc,,triton-fra,61,172,0.3547
GSTampk6BJRKSDkzhaMM49R7qRx98MTPYYWvKbp83XKc,,astralane-quic-fra,6,172,0.0349
GSTampk6BJRKSDkzhaMM49R7qRx98MTPYYWvKbp83XKc,,astralane-fra,3,172,0.0174
GSTampk6BJRKSDkzhaMM49R7qRx98MTPYYWvKbp83XKc,,syncro-fra,3,172,0.0174
GSTampk6BJRKSDkzhaMM49R7qRx98MTPYYWvKbp83XKc,,helius-fra,2,172,0.0116
GSTampk6BJRKSDkzhaMM49R7qRx98MTPYYWvKbp83XKc,,allenhark-quic-fra,1,172,0.0058
GSTampk6BJRKSDkzhaMM49R7qRx98MTPYYWvKbp83XKc,,blockrazor,1,172,0.0058
GSTampk6BJRKSDkzhaMM49R7qRx98MTPYYWvKbp83XKc,,bloxroute-quic-fra,1,172,0.0058
GSTampk6BJRKSDkzhaMM49R7qRx98MTPYYWvKbp83XKc,,nextblock-quic-fra,1,172,0.0058
Fc6NNdS2j3EmrWbU6Uqt6wsKB5ef72NjaWfNxKYbULGD,OKX Earn,0slot-de1,88,164,0.5366
Fc6NNdS2j3EmrWbU6Uqt6wsKB5ef72NjaWfNxKYbULGD,OKX Earn,triton-fra,44,164,0.2683
Fc6NNdS2j3EmrWbU6Uqt6wsKB5ef72NjaWfNxKYbULGD,OKX Earn,astralane-fra,6,164,0.0366
Fc6NNdS2j3EmrWbU6Uqt6wsKB5ef72NjaWfNxKYbULGD,OKX Earn,astralane-quic-fra,3,164,0.0183
Fc6NNdS2j3EmrWbU6Uqt6wsKB5ef72NjaWfNxKYbULGD,OKX Earn,helius-fra,2,164,0.0122
Fc6NNdS2j3EmrWbU6Uqt6wsKB5ef72NjaWfNxKYbULGD,OKX Earn,nextblock-quic-fra,2,164,0.0122
Fc6NNdS2j3EmrWbU6Uqt6wsKB5ef72NjaWfNxKYbULGD,OKX Earn,blockrazor,1,164,0.0061
Fc6NNdS2j3EmrWbU6Uqt6wsKB5ef72NjaWfNxKYbULGD,OKX Earn,bloxroute-quic-fra,1,164,0.0061
Fc6NNdS2j3EmrWbU6Uqt6wsKB5ef72NjaWfNxKYbULGD,OKX Earn,helius-dual,1,164,0.0061
Fc6NNdS2j3EmrWbU6Uqt6wsKB5ef72NjaWfNxKYbULGD,OKX Earn,nozomi-fra,1,164,0.0061
Fc6NNdS2j3EmrWbU6Uqt6wsKB5ef72NjaWfNxKYbULGD,OKX Earn,syncro-fra,1,164,0.0061
GBQ2GvTzmjXMu97dr7WUnLKYTNim1aoZsYS53KYXAAAA,Bitwise Onchain Solutions | Jito BAM,0slot-de1,84,163,0.5153
GBQ2GvTzmjXMu97dr7WUnLKYTNim1aoZsYS53KYXAAAA,Bitwise Onchain Solutions | Jito BAM,triton-fra,57,163,0.3497
GBQ2GvTzmjXMu97dr7WUnLKYTNim1aoZsYS53KYXAAAA,Bitwise Onchain Solutions | Jito BAM,astralane-fra,3,163,0.0184
GBQ2GvTzmjXMu97dr7WUnLKYTNim1aoZsYS53KYXAAAA,Bitwise Onchain Solutions | Jito BAM,astralane-quic-fra,3,163,0.0184
GBQ2GvTzmjXMu97dr7WUnLKYTNim1aoZsYS53KYXAAAA,Bitwise Onchain Solutions | Jito BAM,allenhark-quic-fra,1,163,0.0061
GBQ2GvTzmjXMu97dr7WUnLKYTNim1aoZsYS53KYXAAAA,Bitwise Onchain Solutions | Jito BAM,blockrazor,1,163,0.0061
GBQ2GvTzmjXMu97dr7WUnLKYTNim1aoZsYS53KYXAAAA,Bitwise Onchain Solutions | Jito BAM,helius-fra,1,163,0.0061
GBQ2GvTzmjXMu97dr7WUnLKYTNim1aoZsYS53KYXAAAA,Bitwise Onchain Solutions | Jito BAM,nextblock-quic-fra,1,163,0.0061
GBQ2GvTzmjXMu97dr7WUnLKYTNim1aoZsYS53KYXAAAA,Bitwise Onchain Solutions | Jito BAM,nozomi-fra,1,163,0.0061
7cVfgArCheMR6Cs4t6vz5rfnqd56vZq4ndaBrY5xkxXy,Blockdaemon 🧱👿 Validator,0slot-de1,118,160,0.7375
7cVfgArCheMR6Cs4t6vz5rfnqd56vZq4ndaBrY5xkxXy,Blockdaemon 🧱👿 Validator,astralane-quic-fra,7,160,0.0438
7cVfgArCheMR6Cs4t6vz5rfnqd56vZq4ndaBrY5xkxXy,Blockdaemon 🧱👿 Validator,astralane-fra,6,160,0.0375
7cVfgArCheMR6Cs4t6vz5rfnqd56vZq4ndaBrY5xkxXy,Blockdaemon 🧱👿 Validator,triton-fra,4,160,0.025
7cVfgArCheMR6Cs4t6vz5rfnqd56vZq4ndaBrY5xkxXy,Blockdaemon 🧱👿 Validator,bloxroute-quic-fra,2,160,0.0125
7cVfgArCheMR6Cs4t6vz5rfnqd56vZq4ndaBrY5xkxXy,Blockdaemon 🧱👿 Validator,nextblock-quic-fra,2,160,0.0125
7cVfgArCheMR6Cs4t6vz5rfnqd56vZq4ndaBrY5xkxXy,Blockdaemon 🧱👿 Validator,allenhark-quic-fra,1,160,0.0062
7cVfgArCheMR6Cs4t6vz5rfnqd56vZq4ndaBrY5xkxXy,Blockdaemon 🧱👿 Validator,bloxroute-fra,1,160,0.0062
7cVfgArCheMR6Cs4t6vz5rfnqd56vZq4ndaBrY5xkxXy,Blockdaemon 🧱👿 Validator,nozomi-fra,1,160,0.0062
BkoS26vBuaXnSowACdChi4WKid8UwmuPNhEJWa8KsLHd,,nextblock-quic-fra,60,160,0.375
BkoS26vBuaXnSowACdChi4WKid8UwmuPNhEJWa8KsLHd,,0slot-de1,19,160,0.1188
BkoS26vBuaXnSowACdChi4WKid8UwmuPNhEJWa8KsLHd,,astralane-quic-fra,18,160,0.1125
BkoS26vBuaXnSowACdChi4WKid8UwmuPNhEJWa8KsLHd,,astralane-fra,16,160,0.1
BkoS26vBuaXnSowACdChi4WKid8UwmuPNhEJWa8KsLHd,,triton-fra,15,160,0.0938
BkoS26vBuaXnSowACdChi4WKid8UwmuPNhEJWa8KsLHd,,helius-dual,8,160,0.05
BkoS26vBuaXnSowACdChi4WKid8UwmuPNhEJWa8KsLHd,,helius-fra,7,160,0.0438
BkoS26vBuaXnSowACdChi4WKid8UwmuPNhEJWa8KsLHd,,nozomi-fra,6,160,0.0375
BkoS26vBuaXnSowACdChi4WKid8UwmuPNhEJWa8KsLHd,,allenhark-quic-fra,1,160,0.0062
BkoS26vBuaXnSowACdChi4WKid8UwmuPNhEJWa8KsLHd,,blockrazor,1,160,0.0062
BkoS26vBuaXnSowACdChi4WKid8UwmuPNhEJWa8KsLHd,,bloxroute-fra,1,160,0.0062
BkoS26vBuaXnSowACdChi4WKid8UwmuPNhEJWa8KsLHd,,syncro-fra,1,160,0.0062
5EhGYUyQNrxgUbuYF4vbL2SZDT6RMfhq3yjeyevvULeC,,0slot-de1,49,156,0.3141
5EhGYUyQNrxgUbuYF4vbL2SZDT6RMfhq3yjeyevvULeC,,triton-fra,29,156,0.1859
5EhGYUyQNrxgUbuYF4vbL2SZDT6RMfhq3yjeyevvULeC,,helius-fra,15,156,0.0962
5EhGYUyQNrxgUbuYF4vbL2SZDT6RMfhq3yjeyevvULeC,,blockrazor,9,156,0.0577
5EhGYUyQNrxgUbuYF4vbL2SZDT6RMfhq3yjeyevvULeC,,bloxroute-quic-fra,9,156,0.0577
5EhGYUyQNrxgUbuYF4vbL2SZDT6RMfhq3yjeyevvULeC,,bloxroute-fra,8,156,0.0513
5EhGYUyQNrxgUbuYF4vbL2SZDT6RMfhq3yjeyevvULeC,,helius-dual,6,156,0.0385
5EhGYUyQNrxgUbuYF4vbL2SZDT6RMfhq3yjeyevvULeC,,nozomi-fra,5,156,0.0321
5EhGYUyQNrxgUbuYF4vbL2SZDT6RMfhq3yjeyevvULeC,,astralane-fra,4,156,0.0256
5EhGYUyQNrxgUbuYF4vbL2SZDT6RMfhq3yjeyevvULeC,,astralane-quic-fra,1,156,0.0064
5EhGYUyQNrxgUbuYF4vbL2SZDT6RMfhq3yjeyevvULeC,,syncro-fra,1,156,0.0064
6WgdYhhGE53WrZ7ywJA15hBVkw7CRbQ8yDBBTwmBtAHN,Luganodes,0slot-de1,69,156,0.4423
6WgdYhhGE53WrZ7ywJA15hBVkw7CRbQ8yDBBTwmBtAHN,Luganodes,triton-fra,60,156,0.3846
6WgdYhhGE53WrZ7ywJA15hBVkw7CRbQ8yDBBTwmBtAHN,Luganodes,astralane-quic-fra,4,156,0.0256
6WgdYhhGE53WrZ7ywJA15hBVkw7CRbQ8yDBBTwmBtAHN,Luganodes,astralane-fra,2,156,0.0128
6WgdYhhGE53WrZ7ywJA15hBVkw7CRbQ8yDBBTwmBtAHN,Luganodes,bloxroute-fra,2,156,0.0128
6WgdYhhGE53WrZ7ywJA15hBVkw7CRbQ8yDBBTwmBtAHN,Luganodes,helius-fra,2,156,0.0128
6WgdYhhGE53WrZ7ywJA15hBVkw7CRbQ8yDBBTwmBtAHN,Luganodes,nextblock-quic-fra,2,156,0.0128
6WgdYhhGE53WrZ7ywJA15hBVkw7CRbQ8yDBBTwmBtAHN,Luganodes,allenhark-quic-ams,1,156,0.0064
6WgdYhhGE53WrZ7ywJA15hBVkw7CRbQ8yDBBTwmBtAHN,Luganodes,allenhark-quic-fra,1,156,0.0064
6WgdYhhGE53WrZ7ywJA15hBVkw7CRbQ8yDBBTwmBtAHN,Luganodes,helius-dual,1,156,0.0064
GoeW4aFK4dGoekJySgUynWDxBZiQJqm8GDAF4H53tDK9,Twinstake,astralane-fra,45,155,0.2903
GoeW4aFK4dGoekJySgUynWDxBZiQJqm8GDAF4H53tDK9,Twinstake,astralane-quic-fra,35,155,0.2258
GoeW4aFK4dGoekJySgUynWDxBZiQJqm8GDAF4H53tDK9,Twinstake,nozomi-fra,29,155,0.1871
GoeW4aFK4dGoekJySgUynWDxBZiQJqm8GDAF4H53tDK9,Twinstake,triton-fra,8,155,0.0516
GoeW4aFK4dGoekJySgUynWDxBZiQJqm8GDAF4H53tDK9,Twinstake,0slot-de1,3,155,0.0194
GoeW4aFK4dGoekJySgUynWDxBZiQJqm8GDAF4H53tDK9,Twinstake,allenhark-quic-fra,3,155,0.0194
GoeW4aFK4dGoekJySgUynWDxBZiQJqm8GDAF4H53tDK9,Twinstake,bloxroute-quic-fra,1,155,0.0065
GoeW4aFK4dGoekJySgUynWDxBZiQJqm8GDAF4H53tDK9,Twinstake,helius-dual,1,155,0.0065
GoeW4aFK4dGoekJySgUynWDxBZiQJqm8GDAF4H53tDK9,Twinstake,nextblock-quic-fra,1,155,0.0065
6y7V8dL673XFzm9QyC5vvh3itWkp7wztahBd2yDqsyrK,,triton-fra,60,152,0.3947
6y7V8dL673XFzm9QyC5vvh3itWkp7wztahBd2yDqsyrK,,0slot-de1,48,152,0.3158
6y7V8dL673XFzm9QyC5vvh3itWkp7wztahBd2yDqsyrK,,astralane-quic-fra,12,152,0.0789
6y7V8dL673XFzm9QyC5vvh3itWkp7wztahBd2yDqsyrK,,astralane-fra,5,152,0.0329
6y7V8dL673XFzm9QyC5vvh3itWkp7wztahBd2yDqsyrK,,allenhark-quic-ams,1,152,0.0066
6y7V8dL673XFzm9QyC5vvh3itWkp7wztahBd2yDqsyrK,,bloxroute-fra,1,152,0.0066
6y7V8dL673XFzm9QyC5vvh3itWkp7wztahBd2yDqsyrK,,nextblock-quic-fra,1,152,0.0066
22rU5yUmdVThrkoPieVNphqEyAtMQKmZxjwcD8v4bJDU,,nextblock-quic-fra,27,144,0.1875
22rU5yUmdVThrkoPieVNphqEyAtMQKmZxjwcD8v4bJDU,,astralane-fra,18,144,0.125
22rU5yUmdVThrkoPieVNphqEyAtMQKmZxjwcD8v4bJDU,,triton-fra,16,144,0.1111
22rU5yUmdVThrkoPieVNphqEyAtMQKmZxjwcD8v4bJDU,,astralane-quic-fra,14,144,0.0972
22rU5yUmdVThrkoPieVNphqEyAtMQKmZxjwcD8v4bJDU,,0slot-de1,10,144,0.0694
22rU5yUmdVThrkoPieVNphqEyAtMQKmZxjwcD8v4bJDU,,nozomi-fra,10,144,0.0694
22rU5yUmdVThrkoPieVNphqEyAtMQKmZxjwcD8v4bJDU,,blockrazor,4,144,0.0278
22rU5yUmdVThrkoPieVNphqEyAtMQKmZxjwcD8v4bJDU,,allenhark-quic-fra,3,144,0.0208
22rU5yUmdVThrkoPieVNphqEyAtMQKmZxjwcD8v4bJDU,,helius-dual,2,144,0.0139
22rU5yUmdVThrkoPieVNphqEyAtMQKmZxjwcD8v4bJDU,,helius-fra,2,144,0.0139
22rU5yUmdVThrkoPieVNphqEyAtMQKmZxjwcD8v4bJDU,,bloxroute-fra,1,144,0.0069
22rU5yUmdVThrkoPieVNphqEyAtMQKmZxjwcD8v4bJDU,,bloxroute-quic-fra,1,144,0.0069
Aw5wEMXhbygFLR7jHtHpih8QvxVBGAMTqsQ2SjWPk1ex,,nextblock-quic-fra,43,144,0.2986
Aw5wEMXhbygFLR7jHtHpih8QvxVBGAMTqsQ2SjWPk1ex,,astralane-fra,24,144,0.1667
Aw5wEMXhbygFLR7jHtHpih8QvxVBGAMTqsQ2SjWPk1ex,,triton-fra,21,144,0.1458
Aw5wEMXhbygFLR7jHtHpih8QvxVBGAMTqsQ2SjWPk1ex,,astralane-quic-fra,14,144,0.0972
Aw5wEMXhbygFLR7jHtHpih8QvxVBGAMTqsQ2SjWPk1ex,,nozomi-fra,14,144,0.0972
Aw5wEMXhbygFLR7jHtHpih8QvxVBGAMTqsQ2SjWPk1ex,,bloxroute-quic-fra,5,144,0.0347
Aw5wEMXhbygFLR7jHtHpih8QvxVBGAMTqsQ2SjWPk1ex,,0slot-de1,4,144,0.0278
Aw5wEMXhbygFLR7jHtHpih8QvxVBGAMTqsQ2SjWPk1ex,,helius-dual,4,144,0.0278
Aw5wEMXhbygFLR7jHtHpih8QvxVBGAMTqsQ2SjWPk1ex,,blockrazor,3,144,0.0208
Aw5wEMXhbygFLR7jHtHpih8QvxVBGAMTqsQ2SjWPk1ex,,allenhark-quic-fra,1,144,0.0069
Aw5wEMXhbygFLR7jHtHpih8QvxVBGAMTqsQ2SjWPk1ex,,bloxroute-fra,1,144,0.0069
Aw5wEMXhbygFLR7jHtHpih8QvxVBGAMTqsQ2SjWPk1ex,,syncro-fra,1,144,0.0069
5ejbTALcBsKQ7Cj1iSuu2mY5jqbYHqh9gF5ERXLiYj1z,,0slot-de1,55,140,0.3929
5ejbTALcBsKQ7Cj1iSuu2mY5jqbYHqh9gF5ERXLiYj1z,,triton-fra,52,140,0.3714
5ejbTALcBsKQ7Cj1iSuu2mY5jqbYHqh9gF5ERXLiYj1z,,astralane-fra,6,140,0.0429
5ejbTALcBsKQ7Cj1iSuu2mY5jqbYHqh9gF5ERXLiYj1z,,astralane-quic-fra,6,140,0.0429
5ejbTALcBsKQ7Cj1iSuu2mY5jqbYHqh9gF5ERXLiYj1z,,nextblock-quic-fra,4,140,0.0286
5ejbTALcBsKQ7Cj1iSuu2mY5jqbYHqh9gF5ERXLiYj1z,,bloxroute-quic-fra,2,140,0.0143
5ejbTALcBsKQ7Cj1iSuu2mY5jqbYHqh9gF5ERXLiYj1z,,bloxroute-fra,1,140,0.0071
5ejbTALcBsKQ7Cj1iSuu2mY5jqbYHqh9gF5ERXLiYj1z,,helius-dual,1,140,0.0071
5ejbTALcBsKQ7Cj1iSuu2mY5jqbYHqh9gF5ERXLiYj1z,,nozomi-fra,1,140,0.0071
76rcGHdPvgs8G1XrzCXUTWtwgT59AFDvpB4VbTS2TBBJ,,nextblock-quic-fra,36,140,0.2571
76rcGHdPvgs8G1XrzCXUTWtwgT59AFDvpB4VbTS2TBBJ,,triton-fra,23,140,0.1643
76rcGHdPvgs8G1XrzCXUTWtwgT59AFDvpB4VbTS2TBBJ,,astralane-fra,20,140,0.1429
76rcGHdPvgs8G1XrzCXUTWtwgT59AFDvpB4VbTS2TBBJ,,0slot-de1,15,140,0.1071
76rcGHdPvgs8G1XrzCXUTWtwgT59AFDvpB4VbTS2TBBJ,,nozomi-fra,13,140,0.0929
76rcGHdPvgs8G1XrzCXUTWtwgT59AFDvpB4VbTS2TBBJ,,astralane-quic-fra,10,140,0.0714
76rcGHdPvgs8G1XrzCXUTWtwgT59AFDvpB4VbTS2TBBJ,,bloxroute-fra,4,140,0.0286
76rcGHdPvgs8G1XrzCXUTWtwgT59AFDvpB4VbTS2TBBJ,,allenhark-quic-fra,3,140,0.0214
76rcGHdPvgs8G1XrzCXUTWtwgT59AFDvpB4VbTS2TBBJ,,helius-fra,3,140,0.0214
76rcGHdPvgs8G1XrzCXUTWtwgT59AFDvpB4VbTS2TBBJ,,blockrazor,1,140,0.0071
HnfPZDrbJFooiP9vvgWrjx3baXVNAZCgisT58gyMCgML,,nextblock-quic-fra,36,140,0.2571
HnfPZDrbJFooiP9vvgWrjx3baXVNAZCgisT58gyMCgML,,astralane-quic-fra,25,140,0.1786
HnfPZDrbJFooiP9vvgWrjx3baXVNAZCgisT58gyMCgML,,astralane-fra,19,140,0.1357
HnfPZDrbJFooiP9vvgWrjx3baXVNAZCgisT58gyMCgML,,triton-fra,18,140,0.1286
HnfPZDrbJFooiP9vvgWrjx3baXVNAZCgisT58gyMCgML,,nozomi-fra,13,140,0.0929
HnfPZDrbJFooiP9vvgWrjx3baXVNAZCgisT58gyMCgML,,0slot-de1,11,140,0.0786
HnfPZDrbJFooiP9vvgWrjx3baXVNAZCgisT58gyMCgML,,allenhark-quic-fra,3,140,0.0214
HnfPZDrbJFooiP9vvgWrjx3baXVNAZCgisT58gyMCgML,,helius-dual,3,140,0.0214
HnfPZDrbJFooiP9vvgWrjx3baXVNAZCgisT58gyMCgML,,bloxroute-fra,2,140,0.0143
HnfPZDrbJFooiP9vvgWrjx3baXVNAZCgisT58gyMCgML,,blockrazor,1,140,0.0071
HnfPZDrbJFooiP9vvgWrjx3baXVNAZCgisT58gyMCgML,,bloxroute-quic-fra,1,140,0.0071
HpcB5Qg8Y9E73dUkot5e8HkgAJbExsYeUzniY4bCuKac,,triton-fra,51,136,0.375
HpcB5Qg8Y9E73dUkot5e8HkgAJbExsYeUzniY4bCuKac,,0slot-de1,45,136,0.3309
HpcB5Qg8Y9E73dUkot5e8HkgAJbExsYeUzniY4bCuKac,,astralane-fra,13,136,0.0956
HpcB5Qg8Y9E73dUkot5e8HkgAJbExsYeUzniY4bCuKac,,astralane-quic-fra,7,136,0.0515
HpcB5Qg8Y9E73dUkot5e8HkgAJbExsYeUzniY4bCuKac,,bloxroute-quic-fra,1,136,0.0074
HpcB5Qg8Y9E73dUkot5e8HkgAJbExsYeUzniY4bCuKac,,helius-dual,1,136,0.0074
HpcB5Qg8Y9E73dUkot5e8HkgAJbExsYeUzniY4bCuKac,,syncro-fra,1,136,0.0074
CoG8d9Fp2TFJRkAmrPMiPsGhQWHzdTTVoegEp9svRgmJ,Nansen | Stake to Stack Points,0slot-de1,72,132,0.5455
CoG8d9Fp2TFJRkAmrPMiPsGhQWHzdTTVoegEp9svRgmJ,Nansen | Stake to Stack Points,triton-fra,34,132,0.2576
CoG8d9Fp2TFJRkAmrPMiPsGhQWHzdTTVoegEp9svRgmJ,Nansen | Stake to Stack Points,astralane-quic-fra,3,132,0.0227
CoG8d9Fp2TFJRkAmrPMiPsGhQWHzdTTVoegEp9svRgmJ,Nansen | Stake to Stack Points,helius-dual,3,132,0.0227
CoG8d9Fp2TFJRkAmrPMiPsGhQWHzdTTVoegEp9svRgmJ,Nansen | Stake to Stack Points,allenhark-quic-fra,2,132,0.0152
CoG8d9Fp2TFJRkAmrPMiPsGhQWHzdTTVoegEp9svRgmJ,Nansen | Stake to Stack Points,astralane-fra,2,132,0.0152
CoG8d9Fp2TFJRkAmrPMiPsGhQWHzdTTVoegEp9svRgmJ,Nansen | Stake to Stack Points,blockrazor,2,132,0.0152
CoG8d9Fp2TFJRkAmrPMiPsGhQWHzdTTVoegEp9svRgmJ,Nansen | Stake to Stack Points,nextblock-quic-fra,2,132,0.0152
CoG8d9Fp2TFJRkAmrPMiPsGhQWHzdTTVoegEp9svRgmJ,Nansen | Stake to Stack Points,bloxroute-fra,1,132,0.0076
CoG8d9Fp2TFJRkAmrPMiPsGhQWHzdTTVoegEp9svRgmJ,Nansen | Stake to Stack Points,nozomi-fra,1,132,0.0076
CoG8d9Fp2TFJRkAmrPMiPsGhQWHzdTTVoegEp9svRgmJ,Nansen | Stake to Stack Points,syncro-fra,1,132,0.0076
3psxMyr7rQzywVp1MXKd1XFmFz33NjydzCoJx9t2sMQW,OtterSec,astralane-fra,40,130,0.3077
3psxMyr7rQzywVp1MXKd1XFmFz33NjydzCoJx9t2sMQW,OtterSec,astralane-quic-fra,33,130,0.2538
3psxMyr7rQzywVp1MXKd1XFmFz33NjydzCoJx9t2sMQW,OtterSec,nozomi-fra,28,130,0.2154
3psxMyr7rQzywVp1MXKd1XFmFz33NjydzCoJx9t2sMQW,OtterSec,0slot-de1,11,130,0.0846
3psxMyr7rQzywVp1MXKd1XFmFz33NjydzCoJx9t2sMQW,OtterSec,triton-fra,5,130,0.0385
3psxMyr7rQzywVp1MXKd1XFmFz33NjydzCoJx9t2sMQW,OtterSec,allenhark-quic-fra,1,130,0.0077
3psxMyr7rQzywVp1MXKd1XFmFz33NjydzCoJx9t2sMQW,OtterSec,helius-fra,1,130,0.0077
7qGNnXKW1e3DsqEaSxwxMdBTFsrK73XtWTmkGitRyMQc,Alchemy,0slot-de1,62,128,0.4844
7qGNnXKW1e3DsqEaSxwxMdBTFsrK73XtWTmkGitRyMQc,Alchemy,triton-fra,45,128,0.3516
7qGNnXKW1e3DsqEaSxwxMdBTFsrK73XtWTmkGitRyMQc,Alchemy,astralane-quic-fra,4,128,0.0312
7qGNnXKW1e3DsqEaSxwxMdBTFsrK73XtWTmkGitRyMQc,Alchemy,astralane-fra,3,128,0.0234
7qGNnXKW1e3DsqEaSxwxMdBTFsrK73XtWTmkGitRyMQc,Alchemy,bloxroute-fra,3,128,0.0234
7qGNnXKW1e3DsqEaSxwxMdBTFsrK73XtWTmkGitRyMQc,Alchemy,helius-dual,2,128,0.0156
7qGNnXKW1e3DsqEaSxwxMdBTFsrK73XtWTmkGitRyMQc,Alchemy,syncro-fra,2,128,0.0156
7qGNnXKW1e3DsqEaSxwxMdBTFsrK73XtWTmkGitRyMQc,Alchemy,bloxroute-quic-fra,1,128,0.0078
7qGNnXKW1e3DsqEaSxwxMdBTFsrK73XtWTmkGitRyMQc,Alchemy,helius-fra,1,128,0.0078
7qGNnXKW1e3DsqEaSxwxMdBTFsrK73XtWTmkGitRyMQc,Alchemy,nextblock-quic-fra,1,128,0.0078
BSVckjdW2f8kcXPGcrPPtV9kUDBZ8w8PjrrGVnxgEdwq,,triton-fra,53,128,0.4141
BSVckjdW2f8kcXPGcrPPtV9kUDBZ8w8PjrrGVnxgEdwq,,0slot-de1,41,128,0.3203
BSVckjdW2f8kcXPGcrPPtV9kUDBZ8w8PjrrGVnxgEdwq,,astralane-fra,7,128,0.0547
BSVckjdW2f8kcXPGcrPPtV9kUDBZ8w8PjrrGVnxgEdwq,,astralane-quic-fra,5,128,0.0391
BSVckjdW2f8kcXPGcrPPtV9kUDBZ8w8PjrrGVnxgEdwq,,nextblock-quic-fra,3,128,0.0234
BSVckjdW2f8kcXPGcrPPtV9kUDBZ8w8PjrrGVnxgEdwq,,allenhark-quic-fra,2,128,0.0156
BSVckjdW2f8kcXPGcrPPtV9kUDBZ8w8PjrrGVnxgEdwq,,bloxroute-quic-fra,1,128,0.0078
BSVckjdW2f8kcXPGcrPPtV9kUDBZ8w8PjrrGVnxgEdwq,,nozomi-fra,1,128,0.0078
2GUnfxZavKoPfS9s3VSEjaWDzB3vNf5RojUhprCS1rSx,,blockrazor,27,127,0.2126
2GUnfxZavKoPfS9s3VSEjaWDzB3vNf5RojUhprCS1rSx,,helius-fra,21,127,0.1654
2GUnfxZavKoPfS9s3VSEjaWDzB3vNf5RojUhprCS1rSx,,helius-dual,18,127,0.1417
2GUnfxZavKoPfS9s3VSEjaWDzB3vNf5RojUhprCS1rSx,,nozomi-fra,16,127,0.126
2GUnfxZavKoPfS9s3VSEjaWDzB3vNf5RojUhprCS1rSx,,0slot-de1,8,127,0.063
2GUnfxZavKoPfS9s3VSEjaWDzB3vNf5RojUhprCS1rSx,,bloxroute-quic-fra,3,127,0.0236
2GUnfxZavKoPfS9s3VSEjaWDzB3vNf5RojUhprCS1rSx,,astralane-quic-fra,2,127,0.0157
2GUnfxZavKoPfS9s3VSEjaWDzB3vNf5RojUhprCS1rSx,,astralane-fra,1,127,0.0079
2GUnfxZavKoPfS9s3VSEjaWDzB3vNf5RojUhprCS1rSx,,bloxroute-fra,1,127,0.0079
2GUnfxZavKoPfS9s3VSEjaWDzB3vNf5RojUhprCS1rSx,,syncro-fra,1,127,0.0079
2GUnfxZavKoPfS9s3VSEjaWDzB3vNf5RojUhprCS1rSx,,triton-fra,1,127,0.0079
7QQGNm3ptwinipDCyaCF7jY5katgmFUu1ieP2f7nwLpE,,astralane-fra,49,121,0.405
7QQGNm3ptwinipDCyaCF7jY5katgmFUu1ieP2f7nwLpE,,astralane-quic-fra,36,121,0.2975
7QQGNm3ptwinipDCyaCF7jY5katgmFUu1ieP2f7nwLpE,,triton-fra,8,121,0.0661
7QQGNm3ptwinipDCyaCF7jY5katgmFUu1ieP2f7nwLpE,,0slot-de1,2,121,0.0165
7QQGNm3ptwinipDCyaCF7jY5katgmFUu1ieP2f7nwLpE,,helius-dual,1,121,0.0083
7QQGNm3ptwinipDCyaCF7jY5katgmFUu1ieP2f7nwLpE,,nextblock-quic-fra,1,121,0.0083
3SkE34PVeGck2ArEffFKjihrQgURsvnoTAhitsNXNzXd,,astralane-quic-fra,48,120,0.4
3SkE34PVeGck2ArEffFKjihrQgURsvnoTAhitsNXNzXd,,astralane-fra,37,120,0.3083
3SkE34PVeGck2ArEffFKjihrQgURsvnoTAhitsNXNzXd,,triton-fra,13,120,0.1083
3SkE34PVeGck2ArEffFKjihrQgURsvnoTAhitsNXNzXd,,0slot-de1,8,120,0.0667
3SkE34PVeGck2ArEffFKjihrQgURsvnoTAhitsNXNzXd,,allenhark-quic-fra,2,120,0.0167
3SkE34PVeGck2ArEffFKjihrQgURsvnoTAhitsNXNzXd,,allenhark-quic-ams,1,120,0.0083
3SkE34PVeGck2ArEffFKjihrQgURsvnoTAhitsNXNzXd,,bloxroute-quic-fra,1,120,0.0083
3SkE34PVeGck2ArEffFKjihrQgURsvnoTAhitsNXNzXd,,helius-dual,1,120,0.0083
3SkE34PVeGck2ArEffFKjihrQgURsvnoTAhitsNXNzXd,,nozomi-fra,1,120,0.0083
DUND26mEDfFeaPsVof3YvbXDRvpuQX7HMUJrLgEWzYw4,,blockrazor,31,120,0.2583
DUND26mEDfFeaPsVof3YvbXDRvpuQX7HMUJrLgEWzYw4,,helius-dual,20,120,0.1667
DUND26mEDfFeaPsVof3YvbXDRvpuQX7HMUJrLgEWzYw4,,helius-fra,15,120,0.125
DUND26mEDfFeaPsVof3YvbXDRvpuQX7HMUJrLgEWzYw4,,nozomi-fra,8,120,0.0667
DUND26mEDfFeaPsVof3YvbXDRvpuQX7HMUJrLgEWzYw4,,0slot-de1,6,120,0.05
DUND26mEDfFeaPsVof3YvbXDRvpuQX7HMUJrLgEWzYw4,,triton-fra,6,120,0.05
DUND26mEDfFeaPsVof3YvbXDRvpuQX7HMUJrLgEWzYw4,,astralane-fra,3,120,0.025
DUND26mEDfFeaPsVof3YvbXDRvpuQX7HMUJrLgEWzYw4,,bloxroute-fra,3,120,0.025
DUND26mEDfFeaPsVof3YvbXDRvpuQX7HMUJrLgEWzYw4,,astralane-quic-fra,1,120,0.0083
DUND26mEDfFeaPsVof3YvbXDRvpuQX7HMUJrLgEWzYw4,,bloxroute-quic-fra,1,120,0.0083
ana2y2YvQ3ZPMwm6qhnN3nJoUSiT3qx5Pvetkq9xcfY,Anagram Staking,0slot-de1,71,120,0.5917
ana2y2YvQ3ZPMwm6qhnN3nJoUSiT3qx5Pvetkq9xcfY,Anagram Staking,triton-fra,11,120,0.0917
ana2y2YvQ3ZPMwm6qhnN3nJoUSiT3qx5Pvetkq9xcfY,Anagram Staking,astralane-quic-fra,10,120,0.0833
ana2y2YvQ3ZPMwm6qhnN3nJoUSiT3qx5Pvetkq9xcfY,Anagram Staking,astralane-fra,6,120,0.05
ana2y2YvQ3ZPMwm6qhnN3nJoUSiT3qx5Pvetkq9xcfY,Anagram Staking,allenhark-quic-fra,4,120,0.0333
ana2y2YvQ3ZPMwm6qhnN3nJoUSiT3qx5Pvetkq9xcfY,Anagram Staking,helius-dual,4,120,0.0333
ana2y2YvQ3ZPMwm6qhnN3nJoUSiT3qx5Pvetkq9xcfY,Anagram Staking,blockrazor,3,120,0.025
ana2y2YvQ3ZPMwm6qhnN3nJoUSiT3qx5Pvetkq9xcfY,Anagram Staking,bloxroute-quic-fra,2,120,0.0167
ana2y2YvQ3ZPMwm6qhnN3nJoUSiT3qx5Pvetkq9xcfY,Anagram Staking,helius-fra,2,120,0.0167
ana2y2YvQ3ZPMwm6qhnN3nJoUSiT3qx5Pvetkq9xcfY,Anagram Staking,allenhark-quic-ams,1,120,0.0083
ana2y2YvQ3ZPMwm6qhnN3nJoUSiT3qx5Pvetkq9xcfY,Anagram Staking,bloxroute-fra,1,120,0.0083
ana2y2YvQ3ZPMwm6qhnN3nJoUSiT3qx5Pvetkq9xcfY,Anagram Staking,nozomi-fra,1,120,0.0083
9W3QTgBhkU4Bwg6cwnDJo6eGZ9BtZafSdu1Lo9JmWws7,Coinbase 03,0slot-de1,31,117,0.265
9W3QTgBhkU4Bwg6cwnDJo6eGZ9BtZafSdu1Lo9JmWws7,Coinbase 03,nozomi-fra,19,117,0.1624
9W3QTgBhkU4Bwg6cwnDJo6eGZ9BtZafSdu1Lo9JmWws7,Coinbase 03,helius-fra,11,117,0.094
9W3QTgBhkU4Bwg6cwnDJo6eGZ9BtZafSdu1Lo9JmWws7,Coinbase 03,blockrazor,7,117,0.0598
9W3QTgBhkU4Bwg6cwnDJo6eGZ9BtZafSdu1Lo9JmWws7,Coinbase 03,helius-dual,7,117,0.0598
9W3QTgBhkU4Bwg6cwnDJo6eGZ9BtZafSdu1Lo9JmWws7,Coinbase 03,bloxroute-fra,6,117,0.0513
9W3QTgBhkU4Bwg6cwnDJo6eGZ9BtZafSdu1Lo9JmWws7,Coinbase 03,astralane-fra,4,117,0.0342
9W3QTgBhkU4Bwg6cwnDJo6eGZ9BtZafSdu1Lo9JmWws7,Coinbase 03,bloxroute-quic-fra,4,117,0.0342
9W3QTgBhkU4Bwg6cwnDJo6eGZ9BtZafSdu1Lo9JmWws7,Coinbase 03,astralane-quic-fra,3,117,0.0256
9W3QTgBhkU4Bwg6cwnDJo6eGZ9BtZafSdu1Lo9JmWws7,Coinbase 03,nextblock-quic-fra,3,117,0.0256
9W3QTgBhkU4Bwg6cwnDJo6eGZ9BtZafSdu1Lo9JmWws7,Coinbase 03,triton-fra,3,117,0.0256
9W3QTgBhkU4Bwg6cwnDJo6eGZ9BtZafSdu1Lo9JmWws7,Coinbase 03,syncro-fra,1,117,0.0085
DrifTrN923QaouP89UxkQzFGbumKPCnfkNYQRwmZxatz,Drift,0slot-de1,56,116,0.4828
DrifTrN923QaouP89UxkQzFGbumKPCnfkNYQRwmZxatz,Drift,triton-fra,38,116,0.3276
DrifTrN923QaouP89UxkQzFGbumKPCnfkNYQRwmZxatz,Drift,astralane-quic-fra,4,116,0.0345
DrifTrN923QaouP89UxkQzFGbumKPCnfkNYQRwmZxatz,Drift,astralane-fra,2,116,0.0172
DrifTrN923QaouP89UxkQzFGbumKPCnfkNYQRwmZxatz,Drift,blockrazor,2,116,0.0172
DrifTrN923QaouP89UxkQzFGbumKPCnfkNYQRwmZxatz,Drift,helius-dual,1,116,0.0086
DrifTrN923QaouP89UxkQzFGbumKPCnfkNYQRwmZxatz,Drift,helius-fra,1,116,0.0086
DrifTrN923QaouP89UxkQzFGbumKPCnfkNYQRwmZxatz,Drift,nozomi-fra,1,116,0.0086
DrifTrN923QaouP89UxkQzFGbumKPCnfkNYQRwmZxatz,Drift,syncro-fra,1,116,0.0086
GQzMeEMwAR44ugoNCifTb5NdRKos1GduDUPeNh6AgV46,,blockrazor,35,116,0.3017
GQzMeEMwAR44ugoNCifTb5NdRKos1GduDUPeNh6AgV46,,helius-dual,21,116,0.181
GQzMeEMwAR44ugoNCifTb5NdRKos1GduDUPeNh6AgV46,,helius-fra,17,116,0.1466
GQzMeEMwAR44ugoNCifTb5NdRKos1GduDUPeNh6AgV46,,nozomi-fra,12,116,0.1034
GQzMeEMwAR44ugoNCifTb5NdRKos1GduDUPeNh6AgV46,,0slot-de1,8,116,0.069
GQzMeEMwAR44ugoNCifTb5NdRKos1GduDUPeNh6AgV46,,astralane-quic-fra,3,116,0.0259
GQzMeEMwAR44ugoNCifTb5NdRKos1GduDUPeNh6AgV46,,bloxroute-fra,3,116,0.0259
GQzMeEMwAR44ugoNCifTb5NdRKos1GduDUPeNh6AgV46,,triton-fra,3,116,0.0259
GQzMeEMwAR44ugoNCifTb5NdRKos1GduDUPeNh6AgV46,,astralane-fra,1,116,0.0086
GQzMeEMwAR44ugoNCifTb5NdRKos1GduDUPeNh6AgV46,,bloxroute-quic-fra,1,116,0.0086
3JotfSFPaod4KVK7nj7ULvcq5PjUBdZNVGracNkJNhrt,,0slot-de1,50,112,0.4464
3JotfSFPaod4KVK7nj7ULvcq5PjUBdZNVGracNkJNhrt,,triton-fra,36,112,0.3214
3JotfSFPaod4KVK7nj7ULvcq5PjUBdZNVGracNkJNhrt,,astralane-fra,4,112,0.0357
3JotfSFPaod4KVK7nj7ULvcq5PjUBdZNVGracNkJNhrt,,allenhark-quic-fra,1,112,0.0089
3JotfSFPaod4KVK7nj7ULvcq5PjUBdZNVGracNkJNhrt,,blockrazor,1,112,0.0089
3JotfSFPaod4KVK7nj7ULvcq5PjUBdZNVGracNkJNhrt,,helius-fra,1,112,0.0089
3JotfSFPaod4KVK7nj7ULvcq5PjUBdZNVGracNkJNhrt,,nozomi-fra,1,112,0.0089
3JotfSFPaod4KVK7nj7ULvcq5PjUBdZNVGracNkJNhrt,,syncro-fra,1,112,0.0089
AMukCLCr52XxsEjXoDxKKxjNg4FpnsReXNaQx8aR6DJF,,astralane-fra,49,112,0.4375
AMukCLCr52XxsEjXoDxKKxjNg4FpnsReXNaQx8aR6DJF,,nozomi-fra,20,112,0.1786
AMukCLCr52XxsEjXoDxKKxjNg4FpnsReXNaQx8aR6DJF,,astralane-quic-fra,18,112,0.1607
AMukCLCr52XxsEjXoDxKKxjNg4FpnsReXNaQx8aR6DJF,,0slot-de1,2,112,0.0179
AMukCLCr52XxsEjXoDxKKxjNg4FpnsReXNaQx8aR6DJF,,nextblock-quic-fra,2,112,0.0179
AMukCLCr52XxsEjXoDxKKxjNg4FpnsReXNaQx8aR6DJF,,triton-fra,2,112,0.0179
BUv44cVtsdvU9z2BfFGk6s5JZZWrmVnq5qCaii5ARyyB,,0slot-de1,59,112,0.5268
BUv44cVtsdvU9z2BfFGk6s5JZZWrmVnq5qCaii5ARyyB,,triton-fra,39,112,0.3482
BUv44cVtsdvU9z2BfFGk6s5JZZWrmVnq5qCaii5ARyyB,,astralane-fra,5,112,0.0446
BUv44cVtsdvU9z2BfFGk6s5JZZWrmVnq5qCaii5ARyyB,,nozomi-fra,2,112,0.0179
BUv44cVtsdvU9z2BfFGk6s5JZZWrmVnq5qCaii5ARyyB,,astralane-quic-fra,1,112,0.0089
BUv44cVtsdvU9z2BfFGk6s5JZZWrmVnq5qCaii5ARyyB,,helius-dual,1,112,0.0089
Ninja1spj6n9t5hVYgF3PdnYz2PLnkt7rvaw3firmjs,Shinobi Systems 🚀 stakeview.app,0slot-de1,90,112,0.8036
Ninja1spj6n9t5hVYgF3PdnYz2PLnkt7rvaw3firmjs,Shinobi Systems 🚀 stakeview.app,astralane-quic-fra,5,112,0.0446
Ninja1spj6n9t5hVYgF3PdnYz2PLnkt7rvaw3firmjs,Shinobi Systems 🚀 stakeview.app,nozomi-fra,5,112,0.0446
Ninja1spj6n9t5hVYgF3PdnYz2PLnkt7rvaw3firmjs,Shinobi Systems 🚀 stakeview.app,astralane-fra,2,112,0.0179
Ninja1spj6n9t5hVYgF3PdnYz2PLnkt7rvaw3firmjs,Shinobi Systems 🚀 stakeview.app,triton-fra,2,112,0.0179
Ninja1spj6n9t5hVYgF3PdnYz2PLnkt7rvaw3firmjs,Shinobi Systems 🚀 stakeview.app,bloxroute-fra,1,112,0.0089
Ninja1spj6n9t5hVYgF3PdnYz2PLnkt7rvaw3firmjs,Shinobi Systems 🚀 stakeview.app,helius-dual,1,112,0.0089
FbYX2uN573G5WsgiPdHU6fS5PNUyjdXfGfpZNkYUuT4k,,astralane-fra,46,111,0.4144
FbYX2uN573G5WsgiPdHU6fS5PNUyjdXfGfpZNkYUuT4k,,astralane-quic-fra,27,111,0.2432
FbYX2uN573G5WsgiPdHU6fS5PNUyjdXfGfpZNkYUuT4k,,triton-fra,19,111,0.1712
FbYX2uN573G5WsgiPdHU6fS5PNUyjdXfGfpZNkYUuT4k,,0slot-de1,5,111,0.045
FbYX2uN573G5WsgiPdHU6fS5PNUyjdXfGfpZNkYUuT4k,,helius-dual,2,111,0.018
FbYX2uN573G5WsgiPdHU6fS5PNUyjdXfGfpZNkYUuT4k,,allenhark-quic-fra,1,111,0.009
FbYX2uN573G5WsgiPdHU6fS5PNUyjdXfGfpZNkYUuT4k,,nozomi-fra,1,111,0.009
AEHqTB2RtJjegsR2ePjvoJSm6AA5pnYKWVbcsn6kqTBD,,nextblock-quic-fra,29,108,0.2685
AEHqTB2RtJjegsR2ePjvoJSm6AA5pnYKWVbcsn6kqTBD,,triton-fra,18,108,0.1667
AEHqTB2RtJjegsR2ePjvoJSm6AA5pnYKWVbcsn6kqTBD,,0slot-de1,8,108,0.0741
AEHqTB2RtJjegsR2ePjvoJSm6AA5pnYKWVbcsn6kqTBD,,nozomi-fra,8,108,0.0741
AEHqTB2RtJjegsR2ePjvoJSm6AA5pnYKWVbcsn6kqTBD,,allenhark-quic-fra,7,108,0.0648
AEHqTB2RtJjegsR2ePjvoJSm6AA5pnYKWVbcsn6kqTBD,,astralane-quic-fra,4,108,0.037
AEHqTB2RtJjegsR2ePjvoJSm6AA5pnYKWVbcsn6kqTBD,,blockrazor,4,108,0.037
AEHqTB2RtJjegsR2ePjvoJSm6AA5pnYKWVbcsn6kqTBD,,bloxroute-fra,4,108,0.037
AEHqTB2RtJjegsR2ePjvoJSm6AA5pnYKWVbcsn6kqTBD,,helius-dual,4,108,0.037
AEHqTB2RtJjegsR2ePjvoJSm6AA5pnYKWVbcsn6kqTBD,,helius-fra,4,108,0.037
AEHqTB2RtJjegsR2ePjvoJSm6AA5pnYKWVbcsn6kqTBD,,astralane-fra,3,108,0.0278
AEHqTB2RtJjegsR2ePjvoJSm6AA5pnYKWVbcsn6kqTBD,,allenhark-quic-ams,1,108,0.0093
AEHqTB2RtJjegsR2ePjvoJSm6AA5pnYKWVbcsn6kqTBD,,bloxroute-quic-fra,1,108,0.0093
AWcCdYG7Dy6GX45c6QMPbgGwgRZPKcBDT4bXGb3QrVRV,,triton-fra,46,108,0.4259
AWcCdYG7Dy6GX45c6QMPbgGwgRZPKcBDT4bXGb3QrVRV,,0slot-de1,43,108,0.3981
AWcCdYG7Dy6GX45c6QMPbgGwgRZPKcBDT4bXGb3QrVRV,,astralane-quic-fra,4,108,0.037
AWcCdYG7Dy6GX45c6QMPbgGwgRZPKcBDT4bXGb3QrVRV,,astralane-fra,2,108,0.0185
AWcCdYG7Dy6GX45c6QMPbgGwgRZPKcBDT4bXGb3QrVRV,,helius-dual,2,108,0.0185
AWcCdYG7Dy6GX45c6QMPbgGwgRZPKcBDT4bXGb3QrVRV,,allenhark-quic-ams,1,108,0.0093
AWcCdYG7Dy6GX45c6QMPbgGwgRZPKcBDT4bXGb3QrVRV,,bloxroute-fra,1,108,0.0093
AWcCdYG7Dy6GX45c6QMPbgGwgRZPKcBDT4bXGb3QrVRV,,nextblock-quic-fra,1,108,0.0093
HTeRsa3gm3CGrizMoCrtWj4uBZ1NKYcGqh8jfBu2u3Jo,,astralane-fra,39,107,0.3645
HTeRsa3gm3CGrizMoCrtWj4uBZ1NKYcGqh8jfBu2u3Jo,,astralane-quic-fra,37,107,0.3458
HTeRsa3gm3CGrizMoCrtWj4uBZ1NKYcGqh8jfBu2u3Jo,,0slot-de1,6,107,0.0561
HTeRsa3gm3CGrizMoCrtWj4uBZ1NKYcGqh8jfBu2u3Jo,,nozomi-fra,5,107,0.0467
HTeRsa3gm3CGrizMoCrtWj4uBZ1NKYcGqh8jfBu2u3Jo,,helius-dual,2,107,0.0187
HTeRsa3gm3CGrizMoCrtWj4uBZ1NKYcGqh8jfBu2u3Jo,,blockrazor,1,107,0.0093
HTeRsa3gm3CGrizMoCrtWj4uBZ1NKYcGqh8jfBu2u3Jo,,triton-fra,1,107,0.0093
5TGfVQV1S3wHE9hkgGaQkRoPC7xZxiqwMcjQZxVYsf1j,Sanctum,astralane-quic-fra,26,106,0.2453
5TGfVQV1S3wHE9hkgGaQkRoPC7xZxiqwMcjQZxVYsf1j,Sanctum,nextblock-quic-fra,25,106,0.2358
5TGfVQV1S3wHE9hkgGaQkRoPC7xZxiqwMcjQZxVYsf1j,Sanctum,astralane-fra,16,106,0.1509
5TGfVQV1S3wHE9hkgGaQkRoPC7xZxiqwMcjQZxVYsf1j,Sanctum,0slot-de1,9,106,0.0849
5TGfVQV1S3wHE9hkgGaQkRoPC7xZxiqwMcjQZxVYsf1j,Sanctum,triton-fra,6,106,0.0566
5TGfVQV1S3wHE9hkgGaQkRoPC7xZxiqwMcjQZxVYsf1j,Sanctum,allenhark-quic-fra,3,106,0.0283
5TGfVQV1S3wHE9hkgGaQkRoPC7xZxiqwMcjQZxVYsf1j,Sanctum,blockrazor,2,106,0.0189
5TGfVQV1S3wHE9hkgGaQkRoPC7xZxiqwMcjQZxVYsf1j,Sanctum,helius-fra,2,106,0.0189
5TGfVQV1S3wHE9hkgGaQkRoPC7xZxiqwMcjQZxVYsf1j,Sanctum,bloxroute-fra,1,106,0.0094
GYx8kpp7SsRwtQEEsGQjAxb4hFMMmT91kFJuDeky3YGQ,,0slot-de1,22,104,0.2115
GYx8kpp7SsRwtQEEsGQjAxb4hFMMmT91kFJuDeky3YGQ,,triton-fra,17,104,0.1635
GYx8kpp7SsRwtQEEsGQjAxb4hFMMmT91kFJuDeky3YGQ,,bloxroute-quic-fra,10,104,0.0962
GYx8kpp7SsRwtQEEsGQjAxb4hFMMmT91kFJuDeky3YGQ,,helius-dual,9,104,0.0865
GYx8kpp7SsRwtQEEsGQjAxb4hFMMmT91kFJuDeky3YGQ,,blockrazor,8,104,0.0769
GYx8kpp7SsRwtQEEsGQjAxb4hFMMmT91kFJuDeky3YGQ,,nozomi-fra,5,104,0.0481
GYx8kpp7SsRwtQEEsGQjAxb4hFMMmT91kFJuDeky3YGQ,,bloxroute-fra,4,104,0.0385
GYx8kpp7SsRwtQEEsGQjAxb4hFMMmT91kFJuDeky3YGQ,,astralane-quic-fra,3,104,0.0288
GYx8kpp7SsRwtQEEsGQjAxb4hFMMmT91kFJuDeky3YGQ,,helius-fra,3,104,0.0288
GYx8kpp7SsRwtQEEsGQjAxb4hFMMmT91kFJuDeky3YGQ,,astralane-fra,1,104,0.0096
GYx8kpp7SsRwtQEEsGQjAxb4hFMMmT91kFJuDeky3YGQ,,nextblock-quic-fra,1,104,0.0096
7y5VhV4fkz6r4zUmH2UiwPjLwXzPL1PcV28or5NWkWRL,Haus – Best APY & No Fees,triton-fra,37,98,0.3776
7y5VhV4fkz6r4zUmH2UiwPjLwXzPL1PcV28or5NWkWRL,Haus – Best APY & No Fees,0slot-de1,32,98,0.3265
7y5VhV4fkz6r4zUmH2UiwPjLwXzPL1PcV28or5NWkWRL,Haus – Best APY & No Fees,astralane-quic-fra,7,98,0.0714
7y5VhV4fkz6r4zUmH2UiwPjLwXzPL1PcV28or5NWkWRL,Haus – Best APY & No Fees,bloxroute-quic-fra,2,98,0.0204
7y5VhV4fkz6r4zUmH2UiwPjLwXzPL1PcV28or5NWkWRL,Haus – Best APY & No Fees,nextblock-quic-fra,2,98,0.0204
7y5VhV4fkz6r4zUmH2UiwPjLwXzPL1PcV28or5NWkWRL,Haus – Best APY & No Fees,nozomi-fra,2,98,0.0204
7y5VhV4fkz6r4zUmH2UiwPjLwXzPL1PcV28or5NWkWRL,Haus – Best APY & No Fees,syncro-fra,2,98,0.0204
7y5VhV4fkz6r4zUmH2UiwPjLwXzPL1PcV28or5NWkWRL,Haus – Best APY & No Fees,astralane-fra,1,98,0.0102
7y5VhV4fkz6r4zUmH2UiwPjLwXzPL1PcV28or5NWkWRL,Haus – Best APY & No Fees,blockrazor,1,98,0.0102
7y5VhV4fkz6r4zUmH2UiwPjLwXzPL1PcV28or5NWkWRL,Haus – Best APY & No Fees,bloxroute-fra,1,98,0.0102
7y5VhV4fkz6r4zUmH2UiwPjLwXzPL1PcV28or5NWkWRL,Haus – Best APY & No Fees,helius-dual,1,98,0.0102
7y5VhV4fkz6r4zUmH2UiwPjLwXzPL1PcV28or5NWkWRL,Haus – Best APY & No Fees,helius-fra,1,98,0.0102
2m1A2WM1vte7RWz5xTTw4i1SiXmngVtXhqFERaUjoAAb,,0slot-de1,48,96,0.5
2m1A2WM1vte7RWz5xTTw4i1SiXmngVtXhqFERaUjoAAb,,triton-fra,31,96,0.3229
2m1A2WM1vte7RWz5xTTw4i1SiXmngVtXhqFERaUjoAAb,,astralane-fra,4,96,0.0417
2m1A2WM1vte7RWz5xTTw4i1SiXmngVtXhqFERaUjoAAb,,astralane-quic-fra,2,96,0.0208
2m1A2WM1vte7RWz5xTTw4i1SiXmngVtXhqFERaUjoAAb,,nozomi-fra,2,96,0.0208
EUcJwf7jXskRE6NZBtFPVH2EedNvNYko8LL2WT62XctB,StakeBowl,0slot-de1,59,96,0.6146
EUcJwf7jXskRE6NZBtFPVH2EedNvNYko8LL2WT62XctB,StakeBowl,allenhark-quic-fra,6,96,0.0625
EUcJwf7jXskRE6NZBtFPVH2EedNvNYko8LL2WT62XctB,StakeBowl,astralane-fra,6,96,0.0625
EUcJwf7jXskRE6NZBtFPVH2EedNvNYko8LL2WT62XctB,StakeBowl,astralane-quic-fra,5,96,0.0521
EUcJwf7jXskRE6NZBtFPVH2EedNvNYko8LL2WT62XctB,StakeBowl,helius-dual,5,96,0.0521
EUcJwf7jXskRE6NZBtFPVH2EedNvNYko8LL2WT62XctB,StakeBowl,blockrazor,2,96,0.0208
EUcJwf7jXskRE6NZBtFPVH2EedNvNYko8LL2WT62XctB,StakeBowl,nextblock-quic-fra,2,96,0.0208
EUcJwf7jXskRE6NZBtFPVH2EedNvNYko8LL2WT62XctB,StakeBowl,nozomi-fra,2,96,0.0208
EUcJwf7jXskRE6NZBtFPVH2EedNvNYko8LL2WT62XctB,StakeBowl,bloxroute-fra,1,96,0.0104
EUcJwf7jXskRE6NZBtFPVH2EedNvNYko8LL2WT62XctB,StakeBowl,helius-fra,1,96,0.0104
EUcJwf7jXskRE6NZBtFPVH2EedNvNYko8LL2WT62XctB,StakeBowl,jito-multi,1,96,0.0104
FzQqaDStQQHs52YKeCnDovwSqvyZBCgs2kJcmvoFZwaS,,0slot-de1,39,92,0.4239
FzQqaDStQQHs52YKeCnDovwSqvyZBCgs2kJcmvoFZwaS,,triton-fra,29,92,0.3152
FzQqaDStQQHs52YKeCnDovwSqvyZBCgs2kJcmvoFZwaS,,astralane-fra,3,92,0.0326
FzQqaDStQQHs52YKeCnDovwSqvyZBCgs2kJcmvoFZwaS,,astralane-quic-fra,3,92,0.0326
FzQqaDStQQHs52YKeCnDovwSqvyZBCgs2kJcmvoFZwaS,,allenhark-quic-ams,2,92,0.0217
FzQqaDStQQHs52YKeCnDovwSqvyZBCgs2kJcmvoFZwaS,,helius-dual,2,92,0.0217
FzQqaDStQQHs52YKeCnDovwSqvyZBCgs2kJcmvoFZwaS,,nozomi-fra,2,92,0.0217
FzQqaDStQQHs52YKeCnDovwSqvyZBCgs2kJcmvoFZwaS,,bloxroute-fra,1,92,0.0109
FzQqaDStQQHs52YKeCnDovwSqvyZBCgs2kJcmvoFZwaS,,bloxroute-quic-fra,1,92,0.0109
FzQqaDStQQHs52YKeCnDovwSqvyZBCgs2kJcmvoFZwaS,,helius-fra,1,92,0.0109
G9vCpJUUSpEm4zPwzSNpDmZ8MGwLEbiSLV59EBzCGvzM,AP Node,0slot-de1,25,92,0.2717
G9vCpJUUSpEm4zPwzSNpDmZ8MGwLEbiSLV59EBzCGvzM,AP Node,triton-fra,16,92,0.1739
G9vCpJUUSpEm4zPwzSNpDmZ8MGwLEbiSLV59EBzCGvzM,AP Node,helius-dual,8,92,0.087
G9vCpJUUSpEm4zPwzSNpDmZ8MGwLEbiSLV59EBzCGvzM,AP Node,blockrazor,6,92,0.0652
G9vCpJUUSpEm4zPwzSNpDmZ8MGwLEbiSLV59EBzCGvzM,AP Node,bloxroute-quic-fra,5,92,0.0543
G9vCpJUUSpEm4zPwzSNpDmZ8MGwLEbiSLV59EBzCGvzM,AP Node,nozomi-fra,5,92,0.0543
G9vCpJUUSpEm4zPwzSNpDmZ8MGwLEbiSLV59EBzCGvzM,AP Node,bloxroute-fra,3,92,0.0326
G9vCpJUUSpEm4zPwzSNpDmZ8MGwLEbiSLV59EBzCGvzM,AP Node,helius-fra,3,92,0.0326
G9vCpJUUSpEm4zPwzSNpDmZ8MGwLEbiSLV59EBzCGvzM,AP Node,astralane-fra,2,92,0.0217
G9vCpJUUSpEm4zPwzSNpDmZ8MGwLEbiSLV59EBzCGvzM,AP Node,astralane-quic-fra,2,92,0.0217
G9vCpJUUSpEm4zPwzSNpDmZ8MGwLEbiSLV59EBzCGvzM,AP Node,allenhark-quic-ams,1,92,0.0109
G9vCpJUUSpEm4zPwzSNpDmZ8MGwLEbiSLV59EBzCGvzM,AP Node,allenhark-quic-fra,1,92,0.0109
G9vCpJUUSpEm4zPwzSNpDmZ8MGwLEbiSLV59EBzCGvzM,AP Node,syncro-fra,1,92,0.0109
pSoLoZx55zZz61gjxSTwHtwTg4yTwdm7ruBmyjbYgT2,,astralane-fra,33,91,0.3626
pSoLoZx55zZz61gjxSTwHtwTg4yTwdm7ruBmyjbYgT2,,astralane-quic-fra,24,91,0.2637
pSoLoZx55zZz61gjxSTwHtwTg4yTwdm7ruBmyjbYgT2,,nozomi-fra,15,91,0.1648
pSoLoZx55zZz61gjxSTwHtwTg4yTwdm7ruBmyjbYgT2,,0slot-de1,4,91,0.044
pSoLoZx55zZz61gjxSTwHtwTg4yTwdm7ruBmyjbYgT2,,triton-fra,2,91,0.022
pSoLoZx55zZz61gjxSTwHtwTg4yTwdm7ruBmyjbYgT2,,nextblock-quic-fra,1,91,0.011
pSoLoZx55zZz61gjxSTwHtwTg4yTwdm7ruBmyjbYgT2,,syncro-fra,1,91,0.011
privaEdSEmnMPGPoQACUkcDGkFBbTArVvsEGd7C5wUM,,astralane-fra,24,81,0.2963
privaEdSEmnMPGPoQACUkcDGkFBbTArVvsEGd7C5wUM,,astralane-quic-fra,24,81,0.2963
privaEdSEmnMPGPoQACUkcDGkFBbTArVvsEGd7C5wUM,,0slot-de1,8,81,0.0988
privaEdSEmnMPGPoQACUkcDGkFBbTArVvsEGd7C5wUM,,triton-fra,3,81,0.037
8tjFeSApQ85ThoQXT28acfF2KUfQr3TvTdirSkzNnYC7,,helius-dual,55,80,0.6875
8tjFeSApQ85ThoQXT28acfF2KUfQr3TvTdirSkzNnYC7,,0slot-de1,17,80,0.2125
8tjFeSApQ85ThoQXT28acfF2KUfQr3TvTdirSkzNnYC7,,triton-fra,2,80,0.025
8tjFeSApQ85ThoQXT28acfF2KUfQr3TvTdirSkzNnYC7,,bloxroute-quic-fra,1,80,0.0125
8uJiHDJ1b7UDQ4KFsQGJXK9nUCkokdKRJymg1Wy9nxvM,Alpha,triton-fra,36,80,0.45
8uJiHDJ1b7UDQ4KFsQGJXK9nUCkokdKRJymg1Wy9nxvM,Alpha,0slot-de1,21,80,0.2625
8uJiHDJ1b7UDQ4KFsQGJXK9nUCkokdKRJymg1Wy9nxvM,Alpha,astralane-quic-fra,8,80,0.1
8uJiHDJ1b7UDQ4KFsQGJXK9nUCkokdKRJymg1Wy9nxvM,Alpha,astralane-fra,3,80,0.0375
8uJiHDJ1b7UDQ4KFsQGJXK9nUCkokdKRJymg1Wy9nxvM,Alpha,allenhark-quic-ams,1,80,0.0125
8uJiHDJ1b7UDQ4KFsQGJXK9nUCkokdKRJymg1Wy9nxvM,Alpha,allenhark-quic-fra,1,80,0.0125
8uJiHDJ1b7UDQ4KFsQGJXK9nUCkokdKRJymg1Wy9nxvM,Alpha,blockrazor,1,80,0.0125
8uJiHDJ1b7UDQ4KFsQGJXK9nUCkokdKRJymg1Wy9nxvM,Alpha,bloxroute-quic-fra,1,80,0.0125
8uJiHDJ1b7UDQ4KFsQGJXK9nUCkokdKRJymg1Wy9nxvM,Alpha,helius-dual,1,80,0.0125
8uJiHDJ1b7UDQ4KFsQGJXK9nUCkokdKRJymg1Wy9nxvM,Alpha,helius-fra,1,80,0.0125
8uJiHDJ1b7UDQ4KFsQGJXK9nUCkokdKRJymg1Wy9nxvM,Alpha,nextblock-quic-fra,1,80,0.0125
8uJiHDJ1b7UDQ4KFsQGJXK9nUCkokdKRJymg1Wy9nxvM,Alpha,nozomi-fra,1,80,0.0125
8uJiHDJ1b7UDQ4KFsQGJXK9nUCkokdKRJymg1Wy9nxvM,Alpha,syncro-fra,1,80,0.0125
CMPSSdrTnRQBiBGTyFpdCc3VMNuLWYWaSkE8Zh5z6gbd,Solana Compass 🧭 Solana For The People,0slot-de1,30,80,0.375
CMPSSdrTnRQBiBGTyFpdCc3VMNuLWYWaSkE8Zh5z6gbd,Solana Compass 🧭 Solana For The People,triton-fra,17,80,0.2125
CMPSSdrTnRQBiBGTyFpdCc3VMNuLWYWaSkE8Zh5z6gbd,Solana Compass 🧭 Solana For The People,helius-dual,8,80,0.1
CMPSSdrTnRQBiBGTyFpdCc3VMNuLWYWaSkE8Zh5z6gbd,Solana Compass 🧭 Solana For The People,helius-fra,6,80,0.075
CMPSSdrTnRQBiBGTyFpdCc3VMNuLWYWaSkE8Zh5z6gbd,Solana Compass 🧭 Solana For The People,blockrazor,3,80,0.0375
CMPSSdrTnRQBiBGTyFpdCc3VMNuLWYWaSkE8Zh5z6gbd,Solana Compass 🧭 Solana For The People,astralane-quic-fra,2,80,0.025
CMPSSdrTnRQBiBGTyFpdCc3VMNuLWYWaSkE8Zh5z6gbd,Solana Compass 🧭 Solana For The People,bloxroute-fra,2,80,0.025
CMPSSdrTnRQBiBGTyFpdCc3VMNuLWYWaSkE8Zh5z6gbd,Solana Compass 🧭 Solana For The People,bloxroute-quic-fra,1,80,0.0125
CMPSSdrTnRQBiBGTyFpdCc3VMNuLWYWaSkE8Zh5z6gbd,Solana Compass 🧭 Solana For The People,nozomi-fra,1,80,0.0125
CMPSSdrTnRQBiBGTyFpdCc3VMNuLWYWaSkE8Zh5z6gbd,Solana Compass 🧭 Solana For The People,syncro-fra,1,80,0.0125
ChorusmmK7i1AxXeiTtQgQZhQNiXYU84ULeaYF1EH15n,Bitwise Onchain Solutions 02,0slot-de1,58,80,0.725
ChorusmmK7i1AxXeiTtQgQZhQNiXYU84ULeaYF1EH15n,Bitwise Onchain Solutions 02,astralane-fra,4,80,0.05
ChorusmmK7i1AxXeiTtQgQZhQNiXYU84ULeaYF1EH15n,Bitwise Onchain Solutions 02,astralane-quic-fra,4,80,0.05
ChorusmmK7i1AxXeiTtQgQZhQNiXYU84ULeaYF1EH15n,Bitwise Onchain Solutions 02,helius-dual,1,80,0.0125
DNVZMSqeRH18Xa4MCTrb1MndNf3Npg4MEwqswo23eWkf,Firedancer Development,nextblock-quic-fra,34,80,0.425
DNVZMSqeRH18Xa4MCTrb1MndNf3Npg4MEwqswo23eWkf,Firedancer Development,triton-fra,11,80,0.1375
DNVZMSqeRH18Xa4MCTrb1MndNf3Npg4MEwqswo23eWkf,Firedancer Development,astralane-fra,7,80,0.0875
DNVZMSqeRH18Xa4MCTrb1MndNf3Npg4MEwqswo23eWkf,Firedancer Development,nozomi-fra,6,80,0.075
DNVZMSqeRH18Xa4MCTrb1MndNf3Npg4MEwqswo23eWkf,Firedancer Development,0slot-de1,5,80,0.0625
DNVZMSqeRH18Xa4MCTrb1MndNf3Npg4MEwqswo23eWkf,Firedancer Development,allenhark-quic-fra,3,80,0.0375
DNVZMSqeRH18Xa4MCTrb1MndNf3Npg4MEwqswo23eWkf,Firedancer Development,astralane-quic-fra,3,80,0.0375
DNVZMSqeRH18Xa4MCTrb1MndNf3Npg4MEwqswo23eWkf,Firedancer Development,bloxroute-quic-fra,1,80,0.0125
EXckihF3qmguH5znjhfzLvHsbk2E3nEW2DqNh4MMnDMm,,nozomi-fra,23,80,0.2875
EXckihF3qmguH5znjhfzLvHsbk2E3nEW2DqNh4MMnDMm,,0slot-de1,10,80,0.125
EXckihF3qmguH5znjhfzLvHsbk2E3nEW2DqNh4MMnDMm,,astralane-quic-fra,10,80,0.125
EXckihF3qmguH5znjhfzLvHsbk2E3nEW2DqNh4MMnDMm,,astralane-fra,6,80,0.075
EXckihF3qmguH5znjhfzLvHsbk2E3nEW2DqNh4MMnDMm,,triton-fra,6,80,0.075
EXckihF3qmguH5znjhfzLvHsbk2E3nEW2DqNh4MMnDMm,,bloxroute-quic-fra,5,80,0.0625
EXckihF3qmguH5znjhfzLvHsbk2E3nEW2DqNh4MMnDMm,,bloxroute-fra,2,80,0.025
EXckihF3qmguH5znjhfzLvHsbk2E3nEW2DqNh4MMnDMm,,allenhark-quic-fra,1,80,0.0125
EXckihF3qmguH5znjhfzLvHsbk2E3nEW2DqNh4MMnDMm,,helius-dual,1,80,0.0125
EXckihF3qmguH5znjhfzLvHsbk2E3nEW2DqNh4MMnDMm,,nextblock-quic-fra,1,80,0.0125
FBbqKvwLfKGZrKrfSbPJz4ymQ7zMarhRyZtu1RBkSe89,,nextblock-quic-fra,23,77,0.2987
FBbqKvwLfKGZrKrfSbPJz4ymQ7zMarhRyZtu1RBkSe89,,triton-fra,12,77,0.1558
FBbqKvwLfKGZrKrfSbPJz4ymQ7zMarhRyZtu1RBkSe89,,nozomi-fra,11,77,0.1429
FBbqKvwLfKGZrKrfSbPJz4ymQ7zMarhRyZtu1RBkSe89,,0slot-de1,3,77,0.039
FBbqKvwLfKGZrKrfSbPJz4ymQ7zMarhRyZtu1RBkSe89,,allenhark-quic-fra,3,77,0.039
FBbqKvwLfKGZrKrfSbPJz4ymQ7zMarhRyZtu1RBkSe89,,helius-fra,3,77,0.039
FBbqKvwLfKGZrKrfSbPJz4ymQ7zMarhRyZtu1RBkSe89,,astralane-fra,2,77,0.026
FBbqKvwLfKGZrKrfSbPJz4ymQ7zMarhRyZtu1RBkSe89,,astralane-quic-fra,2,77,0.026
FBbqKvwLfKGZrKrfSbPJz4ymQ7zMarhRyZtu1RBkSe89,,blockrazor,1,77,0.013
FBbqKvwLfKGZrKrfSbPJz4ymQ7zMarhRyZtu1RBkSe89,,bloxroute-quic-fra,1,77,0.013
C1ocKDYMCm2ooWptMMnpd5VEB2Nx4UMJgRuYofysyzcA,Overclock,0slot-de1,36,76,0.4737
C1ocKDYMCm2ooWptMMnpd5VEB2Nx4UMJgRuYofysyzcA,Overclock,triton-fra,29,76,0.3816
C1ocKDYMCm2ooWptMMnpd5VEB2Nx4UMJgRuYofysyzcA,Overclock,astralane-quic-fra,2,76,0.0263
C1ocKDYMCm2ooWptMMnpd5VEB2Nx4UMJgRuYofysyzcA,Overclock,astralane-fra,1,76,0.0132
C1ocKDYMCm2ooWptMMnpd5VEB2Nx4UMJgRuYofysyzcA,Overclock,blockrazor,1,76,0.0132
C1ocKDYMCm2ooWptMMnpd5VEB2Nx4UMJgRuYofysyzcA,Overclock,bloxroute-fra,1,76,0.0132
C1ocKDYMCm2ooWptMMnpd5VEB2Nx4UMJgRuYofysyzcA,Overclock,bloxroute-quic-fra,1,76,0.0132
C1ocKDYMCm2ooWptMMnpd5VEB2Nx4UMJgRuYofysyzcA,Overclock,helius-dual,1,76,0.0132
C1ocKDYMCm2ooWptMMnpd5VEB2Nx4UMJgRuYofysyzcA,Overclock,nextblock-quic-fra,1,76,0.0132
C1ocKDYMCm2ooWptMMnpd5VEB2Nx4UMJgRuYofysyzcA,Overclock,nozomi-fra,1,76,0.0132
C1ocKDYMCm2ooWptMMnpd5VEB2Nx4UMJgRuYofysyzcA,Overclock,syncro-fra,1,76,0.0132
CG4tRANBKrzUmpv93V5sgftjQznBdiJsc2yPCzZWWuS9,Bybit Staking,0slot-de1,46,76,0.6053
CG4tRANBKrzUmpv93V5sgftjQznBdiJsc2yPCzZWWuS9,Bybit Staking,nozomi-fra,6,76,0.0789
CG4tRANBKrzUmpv93V5sgftjQznBdiJsc2yPCzZWWuS9,Bybit Staking,astralane-fra,5,76,0.0658
CG4tRANBKrzUmpv93V5sgftjQznBdiJsc2yPCzZWWuS9,Bybit Staking,astralane-quic-fra,4,76,0.0526
CG4tRANBKrzUmpv93V5sgftjQznBdiJsc2yPCzZWWuS9,Bybit Staking,nextblock-quic-fra,3,76,0.0395
CG4tRANBKrzUmpv93V5sgftjQznBdiJsc2yPCzZWWuS9,Bybit Staking,helius-dual,2,76,0.0263
CG4tRANBKrzUmpv93V5sgftjQznBdiJsc2yPCzZWWuS9,Bybit Staking,triton-fra,2,76,0.0263
CG4tRANBKrzUmpv93V5sgftjQznBdiJsc2yPCzZWWuS9,Bybit Staking,blockrazor,1,76,0.0132
CG4tRANBKrzUmpv93V5sgftjQznBdiJsc2yPCzZWWuS9,Bybit Staking,bloxroute-quic-fra,1,76,0.0132
6aDs9tUm2gErcPn2c1TZnp5cu2bQV9BzyuwW4baWQYd4,Coinbase 05,triton-fra,37,72,0.5139
6aDs9tUm2gErcPn2c1TZnp5cu2bQV9BzyuwW4baWQYd4,Coinbase 05,0slot-de1,28,72,0.3889
6aDs9tUm2gErcPn2c1TZnp5cu2bQV9BzyuwW4baWQYd4,Coinbase 05,astralane-fra,2,72,0.0278
6aDs9tUm2gErcPn2c1TZnp5cu2bQV9BzyuwW4baWQYd4,Coinbase 05,astralane-quic-fra,2,72,0.0278
6aDs9tUm2gErcPn2c1TZnp5cu2bQV9BzyuwW4baWQYd4,Coinbase 05,nozomi-fra,1,72,0.0139
722RdWmHC5TGXBjTejzNjbc8xEiduVDLqZvoUGz6Xzbp,Solflare,0slot-de1,39,72,0.5417
722RdWmHC5TGXBjTejzNjbc8xEiduVDLqZvoUGz6Xzbp,Solflare,triton-fra,23,72,0.3194
722RdWmHC5TGXBjTejzNjbc8xEiduVDLqZvoUGz6Xzbp,Solflare,astralane-fra,3,72,0.0417
722RdWmHC5TGXBjTejzNjbc8xEiduVDLqZvoUGz6Xzbp,Solflare,astralane-quic-fra,2,72,0.0278
722RdWmHC5TGXBjTejzNjbc8xEiduVDLqZvoUGz6Xzbp,Solflare,nozomi-fra,1,72,0.0139
6TkKqq15wXjqEjNg9zqTKADwuVATR9dW3rkNnsYme1ea,melea 🚀 SOL 🤑2K,triton-fra,28,68,0.4118
6TkKqq15wXjqEjNg9zqTKADwuVATR9dW3rkNnsYme1ea,melea 🚀 SOL 🤑2K,0slot-de1,27,68,0.3971
6TkKqq15wXjqEjNg9zqTKADwuVATR9dW3rkNnsYme1ea,melea 🚀 SOL 🤑2K,helius-dual,2,68,0.0294
6TkKqq15wXjqEjNg9zqTKADwuVATR9dW3rkNnsYme1ea,melea 🚀 SOL 🤑2K,astralane-quic-fra,1,68,0.0147
6TkKqq15wXjqEjNg9zqTKADwuVATR9dW3rkNnsYme1ea,melea 🚀 SOL 🤑2K,nextblock-quic-fra,1,68,0.0147
6TkKqq15wXjqEjNg9zqTKADwuVATR9dW3rkNnsYme1ea,melea 🚀 SOL 🤑2K,nozomi-fra,1,68,0.0147
CW9C7HBwAMgqNdXkNgFg9Ujr3edR2Ab9ymEuQnVacd1A,Coinbase 02,astralane-fra,17,64,0.2656
CW9C7HBwAMgqNdXkNgFg9Ujr3edR2Ab9ymEuQnVacd1A,Coinbase 02,astralane-quic-fra,13,64,0.2031
CW9C7HBwAMgqNdXkNgFg9Ujr3edR2Ab9ymEuQnVacd1A,Coinbase 02,nozomi-fra,11,64,0.1719
CW9C7HBwAMgqNdXkNgFg9Ujr3edR2Ab9ymEuQnVacd1A,Coinbase 02,nextblock-quic-fra,3,64,0.0469
CW9C7HBwAMgqNdXkNgFg9Ujr3edR2Ab9ymEuQnVacd1A,Coinbase 02,0slot-de1,2,64,0.0312
CW9C7HBwAMgqNdXkNgFg9Ujr3edR2Ab9ymEuQnVacd1A,Coinbase 02,helius-dual,1,64,0.0156
FWwwP9tNttSy9dJFxwf6ebXWfc6VJXqFNMTccrMiLFTH,Quatro,triton-fra,27,64,0.4219
FWwwP9tNttSy9dJFxwf6ebXWfc6VJXqFNMTccrMiLFTH,Quatro,0slot-de1,18,64,0.2812
FWwwP9tNttSy9dJFxwf6ebXWfc6VJXqFNMTccrMiLFTH,Quatro,astralane-quic-fra,8,64,0.125
FWwwP9tNttSy9dJFxwf6ebXWfc6VJXqFNMTccrMiLFTH,Quatro,astralane-fra,5,64,0.0781
FWwwP9tNttSy9dJFxwf6ebXWfc6VJXqFNMTccrMiLFTH,Quatro,helius-dual,2,64,0.0312
FWwwP9tNttSy9dJFxwf6ebXWfc6VJXqFNMTccrMiLFTH,Quatro,nextblock-quic-fra,1,64,0.0156
G3a3iYZKNLbivothF3twqcaTCEvoPb9uJ2bFc9DNKkBQ,,triton-fra,28,64,0.4375
G3a3iYZKNLbivothF3twqcaTCEvoPb9uJ2bFc9DNKkBQ,,0slot-de1,24,64,0.375
G3a3iYZKNLbivothF3twqcaTCEvoPb9uJ2bFc9DNKkBQ,,astralane-quic-fra,3,64,0.0469
G3a3iYZKNLbivothF3twqcaTCEvoPb9uJ2bFc9DNKkBQ,,astralane-fra,2,64,0.0312
G3a3iYZKNLbivothF3twqcaTCEvoPb9uJ2bFc9DNKkBQ,,allenhark-quic-fra,1,64,0.0156
G3a3iYZKNLbivothF3twqcaTCEvoPb9uJ2bFc9DNKkBQ,,helius-dual,1,64,0.0156
G3a3iYZKNLbivothF3twqcaTCEvoPb9uJ2bFc9DNKkBQ,,helius-fra,1,64,0.0156
G3a3iYZKNLbivothF3twqcaTCEvoPb9uJ2bFc9DNKkBQ,,nozomi-fra,1,64,0.0156
HbidP4hpQdwhkzrxder3x3VNPt6DQnE25gFG46napD2p,,0slot-de1,41,64,0.6406
HbidP4hpQdwhkzrxder3x3VNPt6DQnE25gFG46napD2p,,triton-fra,15,64,0.2344
HbidP4hpQdwhkzrxder3x3VNPt6DQnE25gFG46napD2p,,astralane-fra,2,64,0.0312
HbidP4hpQdwhkzrxder3x3VNPt6DQnE25gFG46napD2p,,astralane-quic-fra,2,64,0.0312
HbidP4hpQdwhkzrxder3x3VNPt6DQnE25gFG46napD2p,,nozomi-fra,1,64,0.0156
GmCxjmjKZoaKN1DKunbYq8RCYib94Nm3sHyncFfofaF5,Rocket,triton-fra,34,63,0.5397
GmCxjmjKZoaKN1DKunbYq8RCYib94Nm3sHyncFfofaF5,Rocket,0slot-de1,16,63,0.254
GmCxjmjKZoaKN1DKunbYq8RCYib94Nm3sHyncFfofaF5,Rocket,astralane-quic-fra,4,63,0.0635
GmCxjmjKZoaKN1DKunbYq8RCYib94Nm3sHyncFfofaF5,Rocket,astralane-fra,3,63,0.0476
Ha1iade1AH3B12K9SccfWoPdFtQKKQsj2ZyWwxcjqJJU,Ha1iad3,0slot-de1,16,60,0.2667
Ha1iade1AH3B12K9SccfWoPdFtQKKQsj2ZyWwxcjqJJU,Ha1iad3,nozomi-fra,11,60,0.1833
Ha1iade1AH3B12K9SccfWoPdFtQKKQsj2ZyWwxcjqJJU,Ha1iad3,blockrazor,9,60,0.15
Ha1iade1AH3B12K9SccfWoPdFtQKKQsj2ZyWwxcjqJJU,Ha1iad3,bloxroute-quic-fra,4,60,0.0667
Ha1iade1AH3B12K9SccfWoPdFtQKKQsj2ZyWwxcjqJJU,Ha1iad3,helius-dual,3,60,0.05
Ha1iade1AH3B12K9SccfWoPdFtQKKQsj2ZyWwxcjqJJU,Ha1iad3,triton-fra,3,60,0.05
Ha1iade1AH3B12K9SccfWoPdFtQKKQsj2ZyWwxcjqJJU,Ha1iad3,astralane-fra,2,60,0.0333
Ha1iade1AH3B12K9SccfWoPdFtQKKQsj2ZyWwxcjqJJU,Ha1iad3,bloxroute-fra,2,60,0.0333
Ha1iade1AH3B12K9SccfWoPdFtQKKQsj2ZyWwxcjqJJU,Ha1iad3,helius-fra,2,60,0.0333
Ha1iade1AH3B12K9SccfWoPdFtQKKQsj2ZyWwxcjqJJU,Ha1iad3,astralane-quic-fra,1,60,0.0167
6yFGGAgYpBxgYPuHW4rv7hJmhKrUiXKyHkpVGaYtKrwE,Watchtower,0slot-de1,13,58,0.2241
6yFGGAgYpBxgYPuHW4rv7hJmhKrUiXKyHkpVGaYtKrwE,Watchtower,triton-fra,8,58,0.1379
6yFGGAgYpBxgYPuHW4rv7hJmhKrUiXKyHkpVGaYtKrwE,Watchtower,astralane-fra,7,58,0.1207
6yFGGAgYpBxgYPuHW4rv7hJmhKrUiXKyHkpVGaYtKrwE,Watchtower,astralane-quic-fra,4,58,0.069
6yFGGAgYpBxgYPuHW4rv7hJmhKrUiXKyHkpVGaYtKrwE,Watchtower,nozomi-fra,4,58,0.069
6yFGGAgYpBxgYPuHW4rv7hJmhKrUiXKyHkpVGaYtKrwE,Watchtower,blockrazor,2,58,0.0345
6yFGGAgYpBxgYPuHW4rv7hJmhKrUiXKyHkpVGaYtKrwE,Watchtower,helius-fra,1,58,0.0172
6yFGGAgYpBxgYPuHW4rv7hJmhKrUiXKyHkpVGaYtKrwE,Watchtower,nextblock-quic-fra,1,58,0.0172
A9mvukTd77EbRoBX4ydSCFQHdu5bsRFkNXTTRstA8FAC,,0slot-de1,44,56,0.7857
A9mvukTd77EbRoBX4ydSCFQHdu5bsRFkNXTTRstA8FAC,,astralane-fra,4,56,0.0714
A9mvukTd77EbRoBX4ydSCFQHdu5bsRFkNXTTRstA8FAC,,triton-fra,3,56,0.0536
A9mvukTd77EbRoBX4ydSCFQHdu5bsRFkNXTTRstA8FAC,,astralane-quic-fra,1,56,0.0179
A9mvukTd77EbRoBX4ydSCFQHdu5bsRFkNXTTRstA8FAC,,bloxroute-fra,1,56,0.0179
AicQr2zCWBLiBwt2r6o7iTemmtyE7q5pTKyuuupbXEQA,,astralane-fra,18,56,0.3214
AicQr2zCWBLiBwt2r6o7iTemmtyE7q5pTKyuuupbXEQA,,astralane-quic-fra,13,56,0.2321
AicQr2zCWBLiBwt2r6o7iTemmtyE7q5pTKyuuupbXEQA,,nozomi-fra,9,56,0.1607
AicQr2zCWBLiBwt2r6o7iTemmtyE7q5pTKyuuupbXEQA,,0slot-de1,4,56,0.0714
AicQr2zCWBLiBwt2r6o7iTemmtyE7q5pTKyuuupbXEQA,,triton-fra,4,56,0.0714
DTSUkYHd2e9P2HLyZfbLarsbDdPhQUhZnWjRYuJZQRC8,Temporal Emerald,astralane-fra,23,56,0.4107
DTSUkYHd2e9P2HLyZfbLarsbDdPhQUhZnWjRYuJZQRC8,Temporal Emerald,astralane-quic-fra,12,56,0.2143
DTSUkYHd2e9P2HLyZfbLarsbDdPhQUhZnWjRYuJZQRC8,Temporal Emerald,nozomi-fra,8,56,0.1429
DTSUkYHd2e9P2HLyZfbLarsbDdPhQUhZnWjRYuJZQRC8,Temporal Emerald,jito-multi,1,56,0.0179
7PdKhpKz7T39vZHFL1UfcYNDsLvay6hp4KPQq1aUckFf,Alpha Pro | High APY🚀 100% Reliable ⭐ VIP Services,astralane-fra,12,54,0.2222
7PdKhpKz7T39vZHFL1UfcYNDsLvay6hp4KPQq1aUckFf,Alpha Pro | High APY🚀 100% Reliable ⭐ VIP Services,astralane-quic-fra,9,54,0.1667
7PdKhpKz7T39vZHFL1UfcYNDsLvay6hp4KPQq1aUckFf,Alpha Pro | High APY🚀 100% Reliable ⭐ VIP Services,0slot-de1,6,54,0.1111
7PdKhpKz7T39vZHFL1UfcYNDsLvay6hp4KPQq1aUckFf,Alpha Pro | High APY🚀 100% Reliable ⭐ VIP Services,blockrazor,4,54,0.0741
7PdKhpKz7T39vZHFL1UfcYNDsLvay6hp4KPQq1aUckFf,Alpha Pro | High APY🚀 100% Reliable ⭐ VIP Services,helius-dual,2,54,0.037
7PdKhpKz7T39vZHFL1UfcYNDsLvay6hp4KPQq1aUckFf,Alpha Pro | High APY🚀 100% Reliable ⭐ VIP Services,helius-fra,2,54,0.037
7PdKhpKz7T39vZHFL1UfcYNDsLvay6hp4KPQq1aUckFf,Alpha Pro | High APY🚀 100% Reliable ⭐ VIP Services,nozomi-fra,2,54,0.037
7PdKhpKz7T39vZHFL1UfcYNDsLvay6hp4KPQq1aUckFf,Alpha Pro | High APY🚀 100% Reliable ⭐ VIP Services,triton-fra,2,54,0.037
CfgRXmp1LEYr97EaT2RyoL2cSvtWgJh52Bes89RxVSoW,Blockman,0slot-de1,26,52,0.5
CfgRXmp1LEYr97EaT2RyoL2cSvtWgJh52Bes89RxVSoW,Blockman,triton-fra,15,52,0.2885
CfgRXmp1LEYr97EaT2RyoL2cSvtWgJh52Bes89RxVSoW,Blockman,astralane-quic-fra,2,52,0.0385
CfgRXmp1LEYr97EaT2RyoL2cSvtWgJh52Bes89RxVSoW,Blockman,astralane-fra,1,52,0.0192
CfgRXmp1LEYr97EaT2RyoL2cSvtWgJh52Bes89RxVSoW,Blockman,helius-fra,1,52,0.0192
CfgRXmp1LEYr97EaT2RyoL2cSvtWgJh52Bes89RxVSoW,Blockman,nozomi-fra,1,52,0.0192
HLnodbYkL5PFA8hjAZDkm5pGzV7eLTvcs671AW2L6St9,PoH PoS,0slot-de1,25,52,0.4808
HLnodbYkL5PFA8hjAZDkm5pGzV7eLTvcs671AW2L6St9,PoH PoS,triton-fra,16,52,0.3077
HLnodbYkL5PFA8hjAZDkm5pGzV7eLTvcs671AW2L6St9,PoH PoS,astralane-quic-fra,2,52,0.0385
HLnodbYkL5PFA8hjAZDkm5pGzV7eLTvcs671AW2L6St9,PoH PoS,allenhark-quic-ams,1,52,0.0192
HLnodbYkL5PFA8hjAZDkm5pGzV7eLTvcs671AW2L6St9,PoH PoS,astralane-fra,1,52,0.0192
HLnodbYkL5PFA8hjAZDkm5pGzV7eLTvcs671AW2L6St9,PoH PoS,bloxroute-quic-fra,1,52,0.0192
HLnodbYkL5PFA8hjAZDkm5pGzV7eLTvcs671AW2L6St9,PoH PoS,helius-fra,1,52,0.0192
VQwCCSfW3o5NDx7n5FBr9SoYiLXVgetstHvaWBvv2YH,,bloxroute-fra,9,52,0.1731
VQwCCSfW3o5NDx7n5FBr9SoYiLXVgetstHvaWBvv2YH,,nozomi-fra,6,52,0.1154
VQwCCSfW3o5NDx7n5FBr9SoYiLXVgetstHvaWBvv2YH,,triton-fra,6,52,0.1154
VQwCCSfW3o5NDx7n5FBr9SoYiLXVgetstHvaWBvv2YH,,0slot-de1,4,52,0.0769
VQwCCSfW3o5NDx7n5FBr9SoYiLXVgetstHvaWBvv2YH,,blockrazor,4,52,0.0769
VQwCCSfW3o5NDx7n5FBr9SoYiLXVgetstHvaWBvv2YH,,astralane-fra,3,52,0.0577
VQwCCSfW3o5NDx7n5FBr9SoYiLXVgetstHvaWBvv2YH,,astralane-quic-fra,2,52,0.0385
VQwCCSfW3o5NDx7n5FBr9SoYiLXVgetstHvaWBvv2YH,,helius-fra,2,52,0.0385
VQwCCSfW3o5NDx7n5FBr9SoYiLXVgetstHvaWBvv2YH,,nextblock-quic-fra,2,52,0.0385
VQwCCSfW3o5NDx7n5FBr9SoYiLXVgetstHvaWBvv2YH,,allenhark-quic-fra,1,52,0.0192
VQwCCSfW3o5NDx7n5FBr9SoYiLXVgetstHvaWBvv2YH,,bloxroute-quic-fra,1,52,0.0192
VQwCCSfW3o5NDx7n5FBr9SoYiLXVgetstHvaWBvv2YH,,helius-dual,1,52,0.0192
5Us18hLZPXJTS4QVuGSsUw137Dyd2tgBaem24Xsf5nBS,,astralane-quic-fra,17,48,0.3542
5Us18hLZPXJTS4QVuGSsUw137Dyd2tgBaem24Xsf5nBS,,astralane-fra,10,48,0.2083
5Us18hLZPXJTS4QVuGSsUw137Dyd2tgBaem24Xsf5nBS,,triton-fra,8,48,0.1667
5Us18hLZPXJTS4QVuGSsUw137Dyd2tgBaem24Xsf5nBS,,0slot-de1,1,48,0.0208
5Us18hLZPXJTS4QVuGSsUw137Dyd2tgBaem24Xsf5nBS,,allenhark-quic-fra,1,48,0.0208
5Us18hLZPXJTS4QVuGSsUw137Dyd2tgBaem24Xsf5nBS,,helius-fra,1,48,0.0208
6ptuwW4rg5A3wP9hNKxeymG3QhSagugPd3grnMTGJwWG,,nextblock-quic-fra,14,48,0.2917
6ptuwW4rg5A3wP9hNKxeymG3QhSagugPd3grnMTGJwWG,,nozomi-fra,7,48,0.1458
6ptuwW4rg5A3wP9hNKxeymG3QhSagugPd3grnMTGJwWG,,triton-fra,6,48,0.125
6ptuwW4rg5A3wP9hNKxeymG3QhSagugPd3grnMTGJwWG,,0slot-de1,5,48,0.1042
6ptuwW4rg5A3wP9hNKxeymG3QhSagugPd3grnMTGJwWG,,astralane-quic-fra,4,48,0.0833
6ptuwW4rg5A3wP9hNKxeymG3QhSagugPd3grnMTGJwWG,,astralane-fra,1,48,0.0208
6ptuwW4rg5A3wP9hNKxeymG3QhSagugPd3grnMTGJwWG,,bloxroute-fra,1,48,0.0208
6ptuwW4rg5A3wP9hNKxeymG3QhSagugPd3grnMTGJwWG,,helius-dual,1,48,0.0208
6ptuwW4rg5A3wP9hNKxeymG3QhSagugPd3grnMTGJwWG,,helius-fra,1,48,0.0208
6ptuwW4rg5A3wP9hNKxeymG3QhSagugPd3grnMTGJwWG,,syncro-fra,1,48,0.0208
6xWLi1TDSh65fWsSqE1zdvANTSuVDRMx4ghsGJwgunS8,Solana Validator,0slot-de1,30,48,0.625
6xWLi1TDSh65fWsSqE1zdvANTSuVDRMx4ghsGJwgunS8,Solana Validator,astralane-fra,5,48,0.1042
6xWLi1TDSh65fWsSqE1zdvANTSuVDRMx4ghsGJwgunS8,Solana Validator,astralane-quic-fra,3,48,0.0625
6xWLi1TDSh65fWsSqE1zdvANTSuVDRMx4ghsGJwgunS8,Solana Validator,helius-dual,3,48,0.0625
6xWLi1TDSh65fWsSqE1zdvANTSuVDRMx4ghsGJwgunS8,Solana Validator,nextblock-quic-fra,3,48,0.0625
6xWLi1TDSh65fWsSqE1zdvANTSuVDRMx4ghsGJwgunS8,Solana Validator,nozomi-fra,2,48,0.0417
6xWLi1TDSh65fWsSqE1zdvANTSuVDRMx4ghsGJwgunS8,Solana Validator,blockrazor,1,48,0.0208
G2TBEh2ahNGS9tGnuBNyDduNjyfUtGhMcssgRb8b6KfH,AG 0% fee + ALL MEV profit share,nextblock-quic-fra,19,48,0.3958
G2TBEh2ahNGS9tGnuBNyDduNjyfUtGhMcssgRb8b6KfH,AG 0% fee + ALL MEV profit share,astralane-fra,17,48,0.3542
G2TBEh2ahNGS9tGnuBNyDduNjyfUtGhMcssgRb8b6KfH,AG 0% fee + ALL MEV profit share,astralane-quic-fra,3,48,0.0625
G2TBEh2ahNGS9tGnuBNyDduNjyfUtGhMcssgRb8b6KfH,AG 0% fee + ALL MEV profit share,triton-fra,3,48,0.0625
G2TBEh2ahNGS9tGnuBNyDduNjyfUtGhMcssgRb8b6KfH,AG 0% fee + ALL MEV profit share,0slot-de1,1,48,0.0208
Gv9gguvrAkgQtB5g5a3Un7trcHCxLYsk8vSojLmQMsWV,,helius-dual,20,48,0.4167
Gv9gguvrAkgQtB5g5a3Un7trcHCxLYsk8vSojLmQMsWV,,astralane-fra,6,48,0.125
Gv9gguvrAkgQtB5g5a3Un7trcHCxLYsk8vSojLmQMsWV,,allenhark-quic-fra,5,48,0.1042
Gv9gguvrAkgQtB5g5a3Un7trcHCxLYsk8vSojLmQMsWV,,triton-fra,5,48,0.1042
Gv9gguvrAkgQtB5g5a3Un7trcHCxLYsk8vSojLmQMsWV,,astralane-quic-fra,4,48,0.0833
Gv9gguvrAkgQtB5g5a3Un7trcHCxLYsk8vSojLmQMsWV,,helius-fra,2,48,0.0417
Gv9gguvrAkgQtB5g5a3Un7trcHCxLYsk8vSojLmQMsWV,,0slot-de1,1,48,0.0208
Gv9gguvrAkgQtB5g5a3Un7trcHCxLYsk8vSojLmQMsWV,,bloxroute-fra,1,48,0.0208
Gv9gguvrAkgQtB5g5a3Un7trcHCxLYsk8vSojLmQMsWV,,bloxroute-quic-fra,1,48,0.0208
HH5dA42XF1HxNk1TRpG6LuKfLViMYNdAz5iWrFM4hWFi,Trust Nodes,helius-dual,35,48,0.7292
HH5dA42XF1HxNk1TRpG6LuKfLViMYNdAz5iWrFM4hWFi,Trust Nodes,nozomi-fra,3,48,0.0625
HH5dA42XF1HxNk1TRpG6LuKfLViMYNdAz5iWrFM4hWFi,Trust Nodes,0slot-de1,2,48,0.0417
HH5dA42XF1HxNk1TRpG6LuKfLViMYNdAz5iWrFM4hWFi,Trust Nodes,allenhark-quic-fra,1,48,0.0208
HH5dA42XF1HxNk1TRpG6LuKfLViMYNdAz5iWrFM4hWFi,Trust Nodes,astralane-quic-fra,1,48,0.0208
HH5dA42XF1HxNk1TRpG6LuKfLViMYNdAz5iWrFM4hWFi,Trust Nodes,nextblock-quic-fra,1,48,0.0208
vu1sGn2f1Xim6voHNLt4nLn38zNkYdLasU7hEr1TC2D,Allnodes ⚡️ 0% fee,0slot-de1,25,48,0.5208
vu1sGn2f1Xim6voHNLt4nLn38zNkYdLasU7hEr1TC2D,Allnodes ⚡️ 0% fee,astralane-fra,5,48,0.1042
vu1sGn2f1Xim6voHNLt4nLn38zNkYdLasU7hEr1TC2D,Allnodes ⚡️ 0% fee,nextblock-quic-fra,3,48,0.0625
vu1sGn2f1Xim6voHNLt4nLn38zNkYdLasU7hEr1TC2D,Allnodes ⚡️ 0% fee,astralane-quic-fra,2,48,0.0417
vu1sGn2f1Xim6voHNLt4nLn38zNkYdLasU7hEr1TC2D,Allnodes ⚡️ 0% fee,bloxroute-fra,2,48,0.0417
vu1sGn2f1Xim6voHNLt4nLn38zNkYdLasU7hEr1TC2D,Allnodes ⚡️ 0% fee,helius-dual,2,48,0.0417
vu1sGn2f1Xim6voHNLt4nLn38zNkYdLasU7hEr1TC2D,Allnodes ⚡️ 0% fee,allenhark-quic-fra,1,48,0.0208
vu1sGn2f1Xim6voHNLt4nLn38zNkYdLasU7hEr1TC2D,Allnodes ⚡️ 0% fee,bloxroute-quic-fra,1,48,0.0208
2Wf9V9rPeVRUTfmWdPedCJuWVr6MFfyLuigEq42DuMDc,Blueprint,0slot-de1,21,44,0.4773
2Wf9V9rPeVRUTfmWdPedCJuWVr6MFfyLuigEq42DuMDc,Blueprint,astralane-fra,6,44,0.1364
2Wf9V9rPeVRUTfmWdPedCJuWVr6MFfyLuigEq42DuMDc,Blueprint,astralane-quic-fra,5,44,0.1136
2Wf9V9rPeVRUTfmWdPedCJuWVr6MFfyLuigEq42DuMDc,Blueprint,nextblock-quic-fra,4,44,0.0909
2Wf9V9rPeVRUTfmWdPedCJuWVr6MFfyLuigEq42DuMDc,Blueprint,triton-fra,3,44,0.0682
2Wf9V9rPeVRUTfmWdPedCJuWVr6MFfyLuigEq42DuMDc,Blueprint,helius-dual,2,44,0.0455
2Wf9V9rPeVRUTfmWdPedCJuWVr6MFfyLuigEq42DuMDc,Blueprint,allenhark-quic-fra,1,44,0.0227
2Wf9V9rPeVRUTfmWdPedCJuWVr6MFfyLuigEq42DuMDc,Blueprint,blockrazor,1,44,0.0227
2Wf9V9rPeVRUTfmWdPedCJuWVr6MFfyLuigEq42DuMDc,Blueprint,helius-fra,1,44,0.0227
32ke3uf1qL3xLqbwzU76T2sbG2XaJrGuSCNdUnien3zm,FalconX,astralane-fra,19,44,0.4318
32ke3uf1qL3xLqbwzU76T2sbG2XaJrGuSCNdUnien3zm,FalconX,astralane-quic-fra,13,44,0.2955
32ke3uf1qL3xLqbwzU76T2sbG2XaJrGuSCNdUnien3zm,FalconX,triton-fra,5,44,0.1136
32ke3uf1qL3xLqbwzU76T2sbG2XaJrGuSCNdUnien3zm,FalconX,0slot-de1,2,44,0.0455
32ke3uf1qL3xLqbwzU76T2sbG2XaJrGuSCNdUnien3zm,FalconX,bloxroute-fra,1,44,0.0227
32ke3uf1qL3xLqbwzU76T2sbG2XaJrGuSCNdUnien3zm,FalconX,nextblock-quic-fra,1,44,0.0227
5RvfTSowms7BTYaBj8SxVjj7ELAAKdQadKsuNpmBAwCs,,astralane-quic-fra,21,44,0.4773
5RvfTSowms7BTYaBj8SxVjj7ELAAKdQadKsuNpmBAwCs,,astralane-fra,10,44,0.2273
5RvfTSowms7BTYaBj8SxVjj7ELAAKdQadKsuNpmBAwCs,,nozomi-fra,4,44,0.0909
5RvfTSowms7BTYaBj8SxVjj7ELAAKdQadKsuNpmBAwCs,,0slot-de1,1,44,0.0227
5RvfTSowms7BTYaBj8SxVjj7ELAAKdQadKsuNpmBAwCs,,triton-fra,1,44,0.0227
6XKqyUVUcpe3CNucjF6gk5zonJDqNGvob6kaTy4Ps1U,Solana Mobile Validator,0slot-de1,22,44,0.5
6XKqyUVUcpe3CNucjF6gk5zonJDqNGvob6kaTy4Ps1U,Solana Mobile Validator,triton-fra,12,44,0.2727
6XKqyUVUcpe3CNucjF6gk5zonJDqNGvob6kaTy4Ps1U,Solana Mobile Validator,astralane-fra,1,44,0.0227
6XKqyUVUcpe3CNucjF6gk5zonJDqNGvob6kaTy4Ps1U,Solana Mobile Validator,astralane-quic-fra,1,44,0.0227
6XKqyUVUcpe3CNucjF6gk5zonJDqNGvob6kaTy4Ps1U,Solana Mobile Validator,nextblock-quic-fra,1,44,0.0227
7EzbSahSfSjeRexHcNDLDpzHBAGBLjLKtjbmuoQnEtjE,Gate Earn,0slot-de1,23,44,0.5227
7EzbSahSfSjeRexHcNDLDpzHBAGBLjLKtjbmuoQnEtjE,Gate Earn,triton-fra,14,44,0.3182
7EzbSahSfSjeRexHcNDLDpzHBAGBLjLKtjbmuoQnEtjE,Gate Earn,astralane-quic-fra,1,44,0.0227
7EzbSahSfSjeRexHcNDLDpzHBAGBLjLKtjbmuoQnEtjE,Gate Earn,bloxroute-quic-fra,1,44,0.0227
7EzbSahSfSjeRexHcNDLDpzHBAGBLjLKtjbmuoQnEtjE,Gate Earn,helius-dual,1,44,0.0227
ACvL73V4GNnxPVfZ7K89jCrYurLyzpEuE9qirjvh2Xmi,Kiln2,helius-dual,36,44,0.8182
ACvL73V4GNnxPVfZ7K89jCrYurLyzpEuE9qirjvh2Xmi,Kiln2,0slot-de1,5,44,0.1136
Ex1AxFCipXGfSxgvXPPT3nPQUARddCduHwKR6jHiXAaT,,astralane-quic-fra,16,44,0.3636
Ex1AxFCipXGfSxgvXPPT3nPQUARddCduHwKR6jHiXAaT,,astralane-fra,11,44,0.25
Ex1AxFCipXGfSxgvXPPT3nPQUARddCduHwKR6jHiXAaT,,nozomi-fra,7,44,0.1591
Ex1AxFCipXGfSxgvXPPT3nPQUARddCduHwKR6jHiXAaT,,nextblock-quic-fra,2,44,0.0455
Ex1AxFCipXGfSxgvXPPT3nPQUARddCduHwKR6jHiXAaT,,0slot-de1,1,44,0.0227
Ex1AxFCipXGfSxgvXPPT3nPQUARddCduHwKR6jHiXAaT,,triton-fra,1,44,0.0227
PUmpKiNnSVAZ3w4KaFX6jKSjXUNHFShGkXbERo54xjb,Pumpkin's Pool ❤️,0slot-de1,23,44,0.5227
PUmpKiNnSVAZ3w4KaFX6jKSjXUNHFShGkXbERo54xjb,Pumpkin's Pool ❤️,triton-fra,11,44,0.25
PUmpKiNnSVAZ3w4KaFX6jKSjXUNHFShGkXbERo54xjb,Pumpkin's Pool ❤️,astralane-fra,3,44,0.0682
PUmpKiNnSVAZ3w4KaFX6jKSjXUNHFShGkXbERo54xjb,Pumpkin's Pool ❤️,astralane-quic-fra,2,44,0.0455
PUmpKiNnSVAZ3w4KaFX6jKSjXUNHFShGkXbERo54xjb,Pumpkin's Pool ❤️,allenhark-quic-ams,1,44,0.0227
PUmpKiNnSVAZ3w4KaFX6jKSjXUNHFShGkXbERo54xjb,Pumpkin's Pool ❤️,helius-dual,1,44,0.0227
Va1idLRtYEtVFJFsvz8vtt1uCJgea4Q1zi2Rh3eraJh,validator.com,0slot-de1,20,44,0.4545
Va1idLRtYEtVFJFsvz8vtt1uCJgea4Q1zi2Rh3eraJh,validator.com,triton-fra,8,44,0.1818
Va1idLRtYEtVFJFsvz8vtt1uCJgea4Q1zi2Rh3eraJh,validator.com,astralane-quic-fra,3,44,0.0682
Va1idLRtYEtVFJFsvz8vtt1uCJgea4Q1zi2Rh3eraJh,validator.com,astralane-fra,2,44,0.0455
Va1idLRtYEtVFJFsvz8vtt1uCJgea4Q1zi2Rh3eraJh,validator.com,helius-dual,2,44,0.0455
Va1idLRtYEtVFJFsvz8vtt1uCJgea4Q1zi2Rh3eraJh,validator.com,nozomi-fra,2,44,0.0455
Va1idLRtYEtVFJFsvz8vtt1uCJgea4Q1zi2Rh3eraJh,validator.com,allenhark-quic-ams,1,44,0.0227
Va1idLRtYEtVFJFsvz8vtt1uCJgea4Q1zi2Rh3eraJh,validator.com,blockrazor,1,44,0.0227
Va1idLRtYEtVFJFsvz8vtt1uCJgea4Q1zi2Rh3eraJh,validator.com,nextblock-quic-fra,1,44,0.0227
juigBT2qetpYpf1iwgjaiWTjryKkY3uUTVAnRFKkqY6,ProStaking,0slot-de1,36,44,0.8182
juigBT2qetpYpf1iwgjaiWTjryKkY3uUTVAnRFKkqY6,ProStaking,nozomi-fra,2,44,0.0455
juigBT2qetpYpf1iwgjaiWTjryKkY3uUTVAnRFKkqY6,ProStaking,astralane-fra,1,44,0.0227
juigBT2qetpYpf1iwgjaiWTjryKkY3uUTVAnRFKkqY6,ProStaking,triton-fra,1,44,0.0227
t23p8aBQN6P6tziMuN5XPmzqVRrip9oes7KuQwSmate,Solmate - RockawayX powered,0slot-de1,26,42,0.619
t23p8aBQN6P6tziMuN5XPmzqVRrip9oes7KuQwSmate,Solmate - RockawayX powered,astralane-quic-fra,4,42,0.0952
t23p8aBQN6P6tziMuN5XPmzqVRrip9oes7KuQwSmate,Solmate - RockawayX powered,triton-fra,3,42,0.0714
t23p8aBQN6P6tziMuN5XPmzqVRrip9oes7KuQwSmate,Solmate - RockawayX powered,astralane-fra,2,42,0.0476
t23p8aBQN6P6tziMuN5XPmzqVRrip9oes7KuQwSmate,Solmate - RockawayX powered,allenhark-quic-ams,1,42,0.0238
t23p8aBQN6P6tziMuN5XPmzqVRrip9oes7KuQwSmate,Solmate - RockawayX powered,bloxroute-quic-fra,1,42,0.0238
5essVpBYvocZkQnkrWsMDfRPwtp4BeihJRaweKLR4dRn,Certora Validator,triton-fra,17,40,0.425
5essVpBYvocZkQnkrWsMDfRPwtp4BeihJRaweKLR4dRn,Certora Validator,0slot-de1,13,40,0.325
5essVpBYvocZkQnkrWsMDfRPwtp4BeihJRaweKLR4dRn,Certora Validator,astralane-fra,1,40,0.025
5essVpBYvocZkQnkrWsMDfRPwtp4BeihJRaweKLR4dRn,Certora Validator,astralane-quic-fra,1,40,0.025
5essVpBYvocZkQnkrWsMDfRPwtp4BeihJRaweKLR4dRn,Certora Validator,syncro-fra,1,40,0.025
9WzPWqKSqbE5PT9hMsmCDFjzpurAXEYCE9qrpVWp28KR,,helius-fra,12,40,0.3
9WzPWqKSqbE5PT9hMsmCDFjzpurAXEYCE9qrpVWp28KR,,helius-dual,11,40,0.275
9WzPWqKSqbE5PT9hMsmCDFjzpurAXEYCE9qrpVWp28KR,,nozomi-fra,7,40,0.175
9WzPWqKSqbE5PT9hMsmCDFjzpurAXEYCE9qrpVWp28KR,,0slot-de1,4,40,0.1
9WzPWqKSqbE5PT9hMsmCDFjzpurAXEYCE9qrpVWp28KR,,allenhark-quic-fra,1,40,0.025
9WzPWqKSqbE5PT9hMsmCDFjzpurAXEYCE9qrpVWp28KR,,nextblock-quic-fra,1,40,0.025
9WzPWqKSqbE5PT9hMsmCDFjzpurAXEYCE9qrpVWp28KR,,syncro-fra,1,40,0.025
CwyVpfmfSiMeCexi3JgUNvaiDfYN14cLDjzT99zcBuD2,Hamsa,0slot-de1,18,40,0.45
CwyVpfmfSiMeCexi3JgUNvaiDfYN14cLDjzT99zcBuD2,Hamsa,triton-fra,16,40,0.4
CwyVpfmfSiMeCexi3JgUNvaiDfYN14cLDjzT99zcBuD2,Hamsa,astralane-quic-fra,2,40,0.05
CwyVpfmfSiMeCexi3JgUNvaiDfYN14cLDjzT99zcBuD2,Hamsa,astralane-fra,1,40,0.025
mineL1YNwcRnxN93B2sX6q22R11WfRqxnY4NBV8KfFY,Exo Tech,0slot-de1,30,40,0.75
mineL1YNwcRnxN93B2sX6q22R11WfRqxnY4NBV8KfFY,Exo Tech,triton-fra,7,40,0.175
mineL1YNwcRnxN93B2sX6q22R11WfRqxnY4NBV8KfFY,Exo Tech,astralane-quic-fra,2,40,0.05
BUokhb8pPF9MZuzW3rHLr6jzakgcz3NDq2PZkpiVv3jb,DeFi Dev Corp (NASDAQ: DFDV),astralane-quic-fra,17,39,0.4359
BUokhb8pPF9MZuzW3rHLr6jzakgcz3NDq2PZkpiVv3jb,DeFi Dev Corp (NASDAQ: DFDV),astralane-fra,11,39,0.2821
BUokhb8pPF9MZuzW3rHLr6jzakgcz3NDq2PZkpiVv3jb,DeFi Dev Corp (NASDAQ: DFDV),0slot-de1,2,39,0.0513
BUokhb8pPF9MZuzW3rHLr6jzakgcz3NDq2PZkpiVv3jb,DeFi Dev Corp (NASDAQ: DFDV),nozomi-fra,1,39,0.0256
BUokhb8pPF9MZuzW3rHLr6jzakgcz3NDq2PZkpiVv3jb,DeFi Dev Corp (NASDAQ: DFDV),syncro-fra,1,39,0.0256
HarmonicyK3BwamKNtWnQAmUeK4GYGXXzeD9FD8WMyZi,Harmonic Major,0slot-de1,16,39,0.4103
HarmonicyK3BwamKNtWnQAmUeK4GYGXXzeD9FD8WMyZi,Harmonic Major,blockrazor,4,39,0.1026
HarmonicyK3BwamKNtWnQAmUeK4GYGXXzeD9FD8WMyZi,Harmonic Major,nozomi-fra,4,39,0.1026
HarmonicyK3BwamKNtWnQAmUeK4GYGXXzeD9FD8WMyZi,Harmonic Major,triton-fra,3,39,0.0769
HarmonicyK3BwamKNtWnQAmUeK4GYGXXzeD9FD8WMyZi,Harmonic Major,helius-dual,2,39,0.0513
HarmonicyK3BwamKNtWnQAmUeK4GYGXXzeD9FD8WMyZi,Harmonic Major,allenhark-quic-fra,1,39,0.0256
HarmonicyK3BwamKNtWnQAmUeK4GYGXXzeD9FD8WMyZi,Harmonic Major,astralane-fra,1,39,0.0256
HarmonicyK3BwamKNtWnQAmUeK4GYGXXzeD9FD8WMyZi,Harmonic Major,astralane-quic-fra,1,39,0.0256
HarmonicyK3BwamKNtWnQAmUeK4GYGXXzeD9FD8WMyZi,Harmonic Major,helius-fra,1,39,0.0256
HarmonicyK3BwamKNtWnQAmUeK4GYGXXzeD9FD8WMyZi,Harmonic Major,nextblock-quic-fra,1,39,0.0256
ALp2GdA1eJV8vZHMHazCtTxNXe3BLUSco9LDASgjDs8R,🌸 SOLGirl MEV ⚡️👩‍💻,0slot-de1,9,36,0.25
ALp2GdA1eJV8vZHMHazCtTxNXe3BLUSco9LDASgjDs8R,🌸 SOLGirl MEV ⚡️👩‍💻,astralane-fra,9,36,0.25
ALp2GdA1eJV8vZHMHazCtTxNXe3BLUSco9LDASgjDs8R,🌸 SOLGirl MEV ⚡️👩‍💻,nozomi-fra,4,36,0.1111
ALp2GdA1eJV8vZHMHazCtTxNXe3BLUSco9LDASgjDs8R,🌸 SOLGirl MEV ⚡️👩‍💻,nextblock-quic-fra,2,36,0.0556
ALp2GdA1eJV8vZHMHazCtTxNXe3BLUSco9LDASgjDs8R,🌸 SOLGirl MEV ⚡️👩‍💻,astralane-quic-fra,1,36,0.0278
ALp2GdA1eJV8vZHMHazCtTxNXe3BLUSco9LDASgjDs8R,🌸 SOLGirl MEV ⚡️👩‍💻,triton-fra,1,36,0.0278
BXAxLMMMUNYfC1z166VjWHR3WjTmqzLxB837o5ghmRtH,,triton-fra,17,36,0.4722
BXAxLMMMUNYfC1z166VjWHR3WjTmqzLxB837o5ghmRtH,,0slot-de1,15,36,0.4167
BoNKmNCGvoHS4CkKvYRnF21iEpUP827pZjhFGdA4t5as,BONK,0slot-de1,17,36,0.4722
BoNKmNCGvoHS4CkKvYRnF21iEpUP827pZjhFGdA4t5as,BONK,triton-fra,11,36,0.3056
BoNKmNCGvoHS4CkKvYRnF21iEpUP827pZjhFGdA4t5as,BONK,astralane-fra,1,36,0.0278
BoNKmNCGvoHS4CkKvYRnF21iEpUP827pZjhFGdA4t5as,BONK,nextblock-quic-fra,1,36,0.0278
CaveyttUBTKttncu1e4RF814XjuoGfYv8cEsiKGDNCPX,Cavey Cool,astralane-fra,14,36,0.3889
CaveyttUBTKttncu1e4RF814XjuoGfYv8cEsiKGDNCPX,Cavey Cool,astralane-quic-fra,9,36,0.25
CaveyttUBTKttncu1e4RF814XjuoGfYv8cEsiKGDNCPX,Cavey Cool,nozomi-fra,6,36,0.1667
CaveyttUBTKttncu1e4RF814XjuoGfYv8cEsiKGDNCPX,Cavey Cool,0slot-de1,1,36,0.0278
CaveyttUBTKttncu1e4RF814XjuoGfYv8cEsiKGDNCPX,Cavey Cool,blockrazor,1,36,0.0278
CaveyttUBTKttncu1e4RF814XjuoGfYv8cEsiKGDNCPX,Cavey Cool,triton-fra,1,36,0.0278
E5UXkzUxqEXpeDf3WsrMZHTs2ZSSBpAz7G4hpGwgRGDT,QubitNexus,0slot-de1,17,36,0.4722
E5UXkzUxqEXpeDf3WsrMZHTs2ZSSBpAz7G4hpGwgRGDT,QubitNexus,nextblock-quic-fra,4,36,0.1111
E5UXkzUxqEXpeDf3WsrMZHTs2ZSSBpAz7G4hpGwgRGDT,QubitNexus,allenhark-quic-fra,2,36,0.0556
E5UXkzUxqEXpeDf3WsrMZHTs2ZSSBpAz7G4hpGwgRGDT,QubitNexus,astralane-fra,2,36,0.0556
E5UXkzUxqEXpeDf3WsrMZHTs2ZSSBpAz7G4hpGwgRGDT,QubitNexus,blockrazor,2,36,0.0556
E5UXkzUxqEXpeDf3WsrMZHTs2ZSSBpAz7G4hpGwgRGDT,QubitNexus,bloxroute-fra,2,36,0.0556
E5UXkzUxqEXpeDf3WsrMZHTs2ZSSBpAz7G4hpGwgRGDT,QubitNexus,allenhark-quic-ams,1,36,0.0278
E5UXkzUxqEXpeDf3WsrMZHTs2ZSSBpAz7G4hpGwgRGDT,QubitNexus,astralane-quic-fra,1,36,0.0278
E5UXkzUxqEXpeDf3WsrMZHTs2ZSSBpAz7G4hpGwgRGDT,QubitNexus,bloxroute-quic-fra,1,36,0.0278
E5UXkzUxqEXpeDf3WsrMZHTs2ZSSBpAz7G4hpGwgRGDT,QubitNexus,helius-dual,1,36,0.0278
G1bLKfyNm7zsmmYEL9dyxBvMtxpFcwy2s84bHDj2ZFUY,P2P.org Turbo,syncro-fra,13,36,0.3611
G1bLKfyNm7zsmmYEL9dyxBvMtxpFcwy2s84bHDj2ZFUY,P2P.org Turbo,0slot-de1,11,36,0.3056
G1bLKfyNm7zsmmYEL9dyxBvMtxpFcwy2s84bHDj2ZFUY,P2P.org Turbo,astralane-quic-fra,2,36,0.0556
anza1rXDVhy1NfVNtsbT3kSBh2jgB1BGZUKuUibSAJd,Anza,astralane-fra,8,36,0.2222
anza1rXDVhy1NfVNtsbT3kSBh2jgB1BGZUKuUibSAJd,Anza,astralane-quic-fra,7,36,0.1944
anza1rXDVhy1NfVNtsbT3kSBh2jgB1BGZUKuUibSAJd,Anza,nextblock-quic-fra,5,36,0.1389
anza1rXDVhy1NfVNtsbT3kSBh2jgB1BGZUKuUibSAJd,Anza,nozomi-fra,5,36,0.1389
anza1rXDVhy1NfVNtsbT3kSBh2jgB1BGZUKuUibSAJd,Anza,triton-fra,3,36,0.0833
anza1rXDVhy1NfVNtsbT3kSBh2jgB1BGZUKuUibSAJd,Anza,0slot-de1,1,36,0.0278
anza1rXDVhy1NfVNtsbT3kSBh2jgB1BGZUKuUibSAJd,Anza,bloxroute-quic-fra,1,36,0.0278
anza1rXDVhy1NfVNtsbT3kSBh2jgB1BGZUKuUibSAJd,Anza,helius-fra,1,36,0.0278
84gC25fbFKYueR9WEfreUysk1n3ZFxLFDDjbyqeqGpoW,,nozomi-fra,10,35,0.2857
84gC25fbFKYueR9WEfreUysk1n3ZFxLFDDjbyqeqGpoW,,0slot-de1,6,35,0.1714
84gC25fbFKYueR9WEfreUysk1n3ZFxLFDDjbyqeqGpoW,,astralane-fra,5,35,0.1429
84gC25fbFKYueR9WEfreUysk1n3ZFxLFDDjbyqeqGpoW,,astralane-quic-fra,4,35,0.1143
84gC25fbFKYueR9WEfreUysk1n3ZFxLFDDjbyqeqGpoW,,triton-fra,4,35,0.1143
84gC25fbFKYueR9WEfreUysk1n3ZFxLFDDjbyqeqGpoW,,allenhark-quic-fra,1,35,0.0286
84gC25fbFKYueR9WEfreUysk1n3ZFxLFDDjbyqeqGpoW,,nextblock-quic-fra,1,35,0.0286
84gC25fbFKYueR9WEfreUysk1n3ZFxLFDDjbyqeqGpoW,,syncro-fra,1,35,0.0286
AqyRvpjjSN6jWYPxijoJwhmKwJFk6fRYDh9fQZHcJ2o7,STSS Validator,astralane-fra,14,35,0.4
AqyRvpjjSN6jWYPxijoJwhmKwJFk6fRYDh9fQZHcJ2o7,STSS Validator,astralane-quic-fra,9,35,0.2571
AqyRvpjjSN6jWYPxijoJwhmKwJFk6fRYDh9fQZHcJ2o7,STSS Validator,0slot-de1,2,35,0.0571
AqyRvpjjSN6jWYPxijoJwhmKwJFk6fRYDh9fQZHcJ2o7,STSS Validator,blockrazor,1,35,0.0286
3cZSHGfNdaULpFAvGbWbxpVwzXB4gHdk8NFucPNR5pgA,Ghost,nextblock-quic-fra,10,32,0.3125
3cZSHGfNdaULpFAvGbWbxpVwzXB4gHdk8NFucPNR5pgA,Ghost,nozomi-fra,4,32,0.125
3cZSHGfNdaULpFAvGbWbxpVwzXB4gHdk8NFucPNR5pgA,Ghost,triton-fra,4,32,0.125
3cZSHGfNdaULpFAvGbWbxpVwzXB4gHdk8NFucPNR5pgA,Ghost,helius-fra,3,32,0.0938
3cZSHGfNdaULpFAvGbWbxpVwzXB4gHdk8NFucPNR5pgA,Ghost,allenhark-quic-fra,2,32,0.0625
3cZSHGfNdaULpFAvGbWbxpVwzXB4gHdk8NFucPNR5pgA,Ghost,helius-dual,2,32,0.0625
3cZSHGfNdaULpFAvGbWbxpVwzXB4gHdk8NFucPNR5pgA,Ghost,0slot-de1,1,32,0.0312
3cZSHGfNdaULpFAvGbWbxpVwzXB4gHdk8NFucPNR5pgA,Ghost,blockrazor,1,32,0.0312
5VrW7YNBccVnhnZVmooCePdLFcs2UjfxRT3hoY9mN8Ec,Appleyello,nextblock-quic-fra,9,32,0.2812
5VrW7YNBccVnhnZVmooCePdLFcs2UjfxRT3hoY9mN8Ec,Appleyello,0slot-de1,5,32,0.1562
5VrW7YNBccVnhnZVmooCePdLFcs2UjfxRT3hoY9mN8Ec,Appleyello,triton-fra,4,32,0.125
5VrW7YNBccVnhnZVmooCePdLFcs2UjfxRT3hoY9mN8Ec,Appleyello,allenhark-quic-fra,3,32,0.0938
5VrW7YNBccVnhnZVmooCePdLFcs2UjfxRT3hoY9mN8Ec,Appleyello,bloxroute-fra,3,32,0.0938
5VrW7YNBccVnhnZVmooCePdLFcs2UjfxRT3hoY9mN8Ec,Appleyello,astralane-quic-fra,2,32,0.0625
5VrW7YNBccVnhnZVmooCePdLFcs2UjfxRT3hoY9mN8Ec,Appleyello,astralane-fra,1,32,0.0312
5VrW7YNBccVnhnZVmooCePdLFcs2UjfxRT3hoY9mN8Ec,Appleyello,blockrazor,1,32,0.0312
5VrW7YNBccVnhnZVmooCePdLFcs2UjfxRT3hoY9mN8Ec,Appleyello,bloxroute-quic-fra,1,32,0.0312
5VrW7YNBccVnhnZVmooCePdLFcs2UjfxRT3hoY9mN8Ec,Appleyello,nozomi-fra,1,32,0.0312
7CR3Jq4ny2tsr3DX3DvyjoU8TYs776MGkU6nLMWjAqCT,Bitcoin Suisse,0slot-de1,17,32,0.5312
7CR3Jq4ny2tsr3DX3DvyjoU8TYs776MGkU6nLMWjAqCT,Bitcoin Suisse,triton-fra,7,32,0.2188
7CR3Jq4ny2tsr3DX3DvyjoU8TYs776MGkU6nLMWjAqCT,Bitcoin Suisse,astralane-quic-fra,3,32,0.0938
7CR3Jq4ny2tsr3DX3DvyjoU8TYs776MGkU6nLMWjAqCT,Bitcoin Suisse,astralane-fra,1,32,0.0312
7CR3Jq4ny2tsr3DX3DvyjoU8TYs776MGkU6nLMWjAqCT,Bitcoin Suisse,blockrazor,1,32,0.0312
7CR3Jq4ny2tsr3DX3DvyjoU8TYs776MGkU6nLMWjAqCT,Bitcoin Suisse,helius-fra,1,32,0.0312
7CR3Jq4ny2tsr3DX3DvyjoU8TYs776MGkU6nLMWjAqCT,Bitcoin Suisse,nozomi-fra,1,32,0.0312
AiDoLWFKzNxSXKeZ4zym2TEPkg6F4kQ3YBA8WhANVPEq,AiDoL,0slot-de1,15,32,0.4688
AiDoLWFKzNxSXKeZ4zym2TEPkg6F4kQ3YBA8WhANVPEq,AiDoL,triton-fra,11,32,0.3438
AiDoLWFKzNxSXKeZ4zym2TEPkg6F4kQ3YBA8WhANVPEq,AiDoL,nextblock-quic-fra,1,32,0.0312
AiDoLWFKzNxSXKeZ4zym2TEPkg6F4kQ3YBA8WhANVPEq,AiDoL,nozomi-fra,1,32,0.0312
CXPeim1wQMkcTvEHx9QdhgKREYYJD8bnaCCqPRwJ1to1,Jito1,triton-fra,10,32,0.3125
CXPeim1wQMkcTvEHx9QdhgKREYYJD8bnaCCqPRwJ1to1,Jito1,0slot-de1,6,32,0.1875
CXPeim1wQMkcTvEHx9QdhgKREYYJD8bnaCCqPRwJ1to1,Jito1,helius-dual,5,32,0.1562
CXPeim1wQMkcTvEHx9QdhgKREYYJD8bnaCCqPRwJ1to1,Jito1,helius-fra,5,32,0.1562
CXPeim1wQMkcTvEHx9QdhgKREYYJD8bnaCCqPRwJ1to1,Jito1,blockrazor,3,32,0.0938
CXPeim1wQMkcTvEHx9QdhgKREYYJD8bnaCCqPRwJ1to1,Jito1,astralane-fra,1,32,0.0312
CXPeim1wQMkcTvEHx9QdhgKREYYJD8bnaCCqPRwJ1to1,Jito1,nozomi-fra,1,32,0.0312
Cogent51kHgGLHr7zpkpRjGYFXM57LgjHjDdqXd4ypdA,Cogent ⚙️  by SOL Strategies,astralane-fra,7,32,0.2188
Cogent51kHgGLHr7zpkpRjGYFXM57LgjHjDdqXd4ypdA,Cogent ⚙️  by SOL Strategies,0slot-de1,5,32,0.1562
Cogent51kHgGLHr7zpkpRjGYFXM57LgjHjDdqXd4ypdA,Cogent ⚙️  by SOL Strategies,nextblock-quic-fra,5,32,0.1562
Cogent51kHgGLHr7zpkpRjGYFXM57LgjHjDdqXd4ypdA,Cogent ⚙️  by SOL Strategies,astralane-quic-fra,3,32,0.0938
Cogent51kHgGLHr7zpkpRjGYFXM57LgjHjDdqXd4ypdA,Cogent ⚙️  by SOL Strategies,triton-fra,3,32,0.0938
Cogent51kHgGLHr7zpkpRjGYFXM57LgjHjDdqXd4ypdA,Cogent ⚙️  by SOL Strategies,blockrazor,2,32,0.0625
Cogent51kHgGLHr7zpkpRjGYFXM57LgjHjDdqXd4ypdA,Cogent ⚙️  by SOL Strategies,nozomi-fra,2,32,0.0625
DB7DNWMVQASMFxcjkwdr4w4eg3NmfjWTk2rqFMMbrPLA,Orangefin by SOL Strategies,triton-fra,15,32,0.4688
DB7DNWMVQASMFxcjkwdr4w4eg3NmfjWTk2rqFMMbrPLA,Orangefin by SOL Strategies,0slot-de1,11,32,0.3438
DB7DNWMVQASMFxcjkwdr4w4eg3NmfjWTk2rqFMMbrPLA,Orangefin by SOL Strategies,astralane-quic-fra,2,32,0.0625
DB7DNWMVQASMFxcjkwdr4w4eg3NmfjWTk2rqFMMbrPLA,Orangefin by SOL Strategies,astralane-fra,1,32,0.0312
DB7DNWMVQASMFxcjkwdr4w4eg3NmfjWTk2rqFMMbrPLA,Orangefin by SOL Strategies,helius-dual,1,32,0.0312
DB7DNWMVQASMFxcjkwdr4w4eg3NmfjWTk2rqFMMbrPLA,Orangefin by SOL Strategies,helius-fra,1,32,0.0312
DB7DNWMVQASMFxcjkwdr4w4eg3NmfjWTk2rqFMMbrPLA,Orangefin by SOL Strategies,nextblock-quic-fra,1,32,0.0312
DViARWAWKkxAzp4UCgbw5B9pLSrBY3PaztFErcwgVUKX,Code-Breader,triton-fra,13,32,0.4062
DViARWAWKkxAzp4UCgbw5B9pLSrBY3PaztFErcwgVUKX,Code-Breader,0slot-de1,12,32,0.375
DViARWAWKkxAzp4UCgbw5B9pLSrBY3PaztFErcwgVUKX,Code-Breader,allenhark-quic-fra,1,32,0.0312
DViARWAWKkxAzp4UCgbw5B9pLSrBY3PaztFErcwgVUKX,Code-Breader,blockrazor,1,32,0.0312
DViARWAWKkxAzp4UCgbw5B9pLSrBY3PaztFErcwgVUKX,Code-Breader,nozomi-fra,1,32,0.0312
RNXnAJV1DeBt6Lytjz4wYzvS3d6bhsfidS5Np4ovwZz,RockawayX Firedancer,nextblock-quic-fra,12,32,0.375
RNXnAJV1DeBt6Lytjz4wYzvS3d6bhsfidS5Np4ovwZz,RockawayX Firedancer,0slot-de1,4,32,0.125
RNXnAJV1DeBt6Lytjz4wYzvS3d6bhsfidS5Np4ovwZz,RockawayX Firedancer,astralane-fra,2,32,0.0625
RNXnAJV1DeBt6Lytjz4wYzvS3d6bhsfidS5Np4ovwZz,RockawayX Firedancer,blockrazor,2,32,0.0625
RNXnAJV1DeBt6Lytjz4wYzvS3d6bhsfidS5Np4ovwZz,RockawayX Firedancer,triton-fra,2,32,0.0625
RNXnAJV1DeBt6Lytjz4wYzvS3d6bhsfidS5Np4ovwZz,RockawayX Firedancer,bloxroute-fra,1,32,0.0312
XkCriyrNwS3G4rzAXtG5B1nnvb5Ka1JtCku93VqeKAr,Coinbase,astralane-fra,9,32,0.2812
XkCriyrNwS3G4rzAXtG5B1nnvb5Ka1JtCku93VqeKAr,Coinbase,astralane-quic-fra,5,32,0.1562
XkCriyrNwS3G4rzAXtG5B1nnvb5Ka1JtCku93VqeKAr,Coinbase,nozomi-fra,5,32,0.1562
XkCriyrNwS3G4rzAXtG5B1nnvb5Ka1JtCku93VqeKAr,Coinbase,nextblock-quic-fra,4,32,0.125
XkCriyrNwS3G4rzAXtG5B1nnvb5Ka1JtCku93VqeKAr,Coinbase,triton-fra,3,32,0.0938
aXiomFkk6VzXaBhPuhMqTLZZguCFzzbyP9LTtZ7ZHLQ,Axiom,astralane-fra,17,31,0.5484
aXiomFkk6VzXaBhPuhMqTLZZguCFzzbyP9LTtZ7ZHLQ,Axiom,astralane-quic-fra,7,31,0.2258
aXiomFkk6VzXaBhPuhMqTLZZguCFzzbyP9LTtZ7ZHLQ,Axiom,0slot-de1,1,31,0.0323
aXiomFkk6VzXaBhPuhMqTLZZguCFzzbyP9LTtZ7ZHLQ,Axiom,blockrazor,1,31,0.0323
aXiomFkk6VzXaBhPuhMqTLZZguCFzzbyP9LTtZ7ZHLQ,Axiom,nozomi-fra,1,31,0.0323
23SUe5fzmLws1M58AnGnvnUBRUKJmzCpnFQwv4M4b9Er,Stakin by The Tie,0slot-de1,13,28,0.4643
23SUe5fzmLws1M58AnGnvnUBRUKJmzCpnFQwv4M4b9Er,Stakin by The Tie,triton-fra,7,28,0.25
23SUe5fzmLws1M58AnGnvnUBRUKJmzCpnFQwv4M4b9Er,Stakin by The Tie,astralane-quic-fra,1,28,0.0357
23SUe5fzmLws1M58AnGnvnUBRUKJmzCpnFQwv4M4b9Er,Stakin by The Tie,blockrazor,1,28,0.0357
23SUe5fzmLws1M58AnGnvnUBRUKJmzCpnFQwv4M4b9Er,Stakin by The Tie,helius-dual,1,28,0.0357
23SUe5fzmLws1M58AnGnvnUBRUKJmzCpnFQwv4M4b9Er,Stakin by The Tie,helius-fra,1,28,0.0357
5d9Mdc2Zk8as8GL1AxQeXxv5htBBvC5bjfmsXC7UUWwG,Maera,helius-dual,9,28,0.3214
5d9Mdc2Zk8as8GL1AxQeXxv5htBBvC5bjfmsXC7UUWwG,Maera,0slot-de1,4,28,0.1429
5d9Mdc2Zk8as8GL1AxQeXxv5htBBvC5bjfmsXC7UUWwG,Maera,blockrazor,4,28,0.1429
5d9Mdc2Zk8as8GL1AxQeXxv5htBBvC5bjfmsXC7UUWwG,Maera,helius-fra,4,28,0.1429
5d9Mdc2Zk8as8GL1AxQeXxv5htBBvC5bjfmsXC7UUWwG,Maera,nozomi-fra,2,28,0.0714
5d9Mdc2Zk8as8GL1AxQeXxv5htBBvC5bjfmsXC7UUWwG,Maera,allenhark-quic-fra,1,28,0.0357
5d9Mdc2Zk8as8GL1AxQeXxv5htBBvC5bjfmsXC7UUWwG,Maera,bloxroute-quic-fra,1,28,0.0357
7tqeaFKsg2K9xKnQWe61w71AtCZVMQvG4hbFAiFAngYw,,0slot-de1,18,28,0.6429
7tqeaFKsg2K9xKnQWe61w71AtCZVMQvG4hbFAiFAngYw,,triton-fra,8,28,0.2857
7tqeaFKsg2K9xKnQWe61w71AtCZVMQvG4hbFAiFAngYw,,helius-dual,1,28,0.0357
A4hyMd3FyvUJSRafDUSwtLLaQcxRP4r1BRC9w2AJ1to2,Jito2 (Experimental),0slot-de1,12,28,0.4286
A4hyMd3FyvUJSRafDUSwtLLaQcxRP4r1BRC9w2AJ1to2,Jito2 (Experimental),triton-fra,11,28,0.3929
A4hyMd3FyvUJSRafDUSwtLLaQcxRP4r1BRC9w2AJ1to2,Jito2 (Experimental),astralane-quic-fra,1,28,0.0357
A4hyMd3FyvUJSRafDUSwtLLaQcxRP4r1BRC9w2AJ1to2,Jito2 (Experimental),helius-dual,1,28,0.0357
A4hyMd3FyvUJSRafDUSwtLLaQcxRP4r1BRC9w2AJ1to2,Jito2 (Experimental),nextblock-quic-fra,1,28,0.0357
BFmqBsaGjeYA7gHpReKmnVkRyhqiMmHoR9ttv1crWmzy,,nextblock-quic-fra,8,28,0.2857
BFmqBsaGjeYA7gHpReKmnVkRyhqiMmHoR9ttv1crWmzy,,nozomi-fra,6,28,0.2143
BFmqBsaGjeYA7gHpReKmnVkRyhqiMmHoR9ttv1crWmzy,,astralane-quic-fra,3,28,0.1071
BFmqBsaGjeYA7gHpReKmnVkRyhqiMmHoR9ttv1crWmzy,,triton-fra,3,28,0.1071
BFmqBsaGjeYA7gHpReKmnVkRyhqiMmHoR9ttv1crWmzy,,0slot-de1,2,28,0.0714
BFmqBsaGjeYA7gHpReKmnVkRyhqiMmHoR9ttv1crWmzy,,astralane-fra,2,28,0.0714
BFmqBsaGjeYA7gHpReKmnVkRyhqiMmHoR9ttv1crWmzy,,allenhark-quic-ams,1,28,0.0357
BFmqBsaGjeYA7gHpReKmnVkRyhqiMmHoR9ttv1crWmzy,,blockrazor,1,28,0.0357
BGAjnivVWqLqByqCVT9dSyPUFicvyJrz7vRvrvui3SEk,,0slot-de1,13,28,0.4643
BGAjnivVWqLqByqCVT9dSyPUFicvyJrz7vRvrvui3SEk,,triton-fra,13,28,0.4643
BGAjnivVWqLqByqCVT9dSyPUFicvyJrz7vRvrvui3SEk,,astralane-quic-fra,1,28,0.0357
BuoZ7q6faiJNTN24r7Kcj8dp96axs5XPEKXmWGsh2pDE,,0slot-de1,6,28,0.2143
BuoZ7q6faiJNTN24r7Kcj8dp96axs5XPEKXmWGsh2pDE,,triton-fra,2,28,0.0714
BuoZ7q6faiJNTN24r7Kcj8dp96axs5XPEKXmWGsh2pDE,,allenhark-quic-fra,1,28,0.0357
BuoZ7q6faiJNTN24r7Kcj8dp96axs5XPEKXmWGsh2pDE,,astralane-quic-fra,1,28,0.0357
BuoZ7q6faiJNTN24r7Kcj8dp96axs5XPEKXmWGsh2pDE,,nextblock-quic-fra,1,28,0.0357
BuoZ7q6faiJNTN24r7Kcj8dp96axs5XPEKXmWGsh2pDE,,nozomi-fra,1,28,0.0357
CVvaeDPR2o7P1eawG5c9TPFLzSXAewwPovPmREaEL4Cm,Lion3d | 0% Forever + Block Rewards Sharing,0slot-de1,17,28,0.6071
CVvaeDPR2o7P1eawG5c9TPFLzSXAewwPovPmREaEL4Cm,Lion3d | 0% Forever + Block Rewards Sharing,triton-fra,7,28,0.25
CVvaeDPR2o7P1eawG5c9TPFLzSXAewwPovPmREaEL4Cm,Lion3d | 0% Forever + Block Rewards Sharing,astralane-fra,1,28,0.0357
CVvaeDPR2o7P1eawG5c9TPFLzSXAewwPovPmREaEL4Cm,Lion3d | 0% Forever + Block Rewards Sharing,bloxroute-quic-fra,1,28,0.0357
CVvaeDPR2o7P1eawG5c9TPFLzSXAewwPovPmREaEL4Cm,Lion3d | 0% Forever + Block Rewards Sharing,nextblock-quic-fra,1,28,0.0357
H8fHToVcZPi5bupGZohGPX2SWs8NHzgFKQ31wi5n6oux,,0slot-de1,24,28,0.8571
H8fHToVcZPi5bupGZohGPX2SWs8NHzgFKQ31wi5n6oux,,astralane-quic-fra,2,28,0.0714
H8fHToVcZPi5bupGZohGPX2SWs8NHzgFKQ31wi5n6oux,,helius-fra,1,28,0.0357
LA1NEzryoih6CQW3gwQqJQffK2mKgnXcjSQZSRpM3wc,Laine ❤️  by SOL Strategies,triton-fra,14,28,0.5
LA1NEzryoih6CQW3gwQqJQffK2mKgnXcjSQZSRpM3wc,Laine ❤️  by SOL Strategies,0slot-de1,8,28,0.2857
LA1NEzryoih6CQW3gwQqJQffK2mKgnXcjSQZSRpM3wc,Laine ❤️  by SOL Strategies,allenhark-quic-ams,1,28,0.0357
LA1NEzryoih6CQW3gwQqJQffK2mKgnXcjSQZSRpM3wc,Laine ❤️  by SOL Strategies,allenhark-quic-fra,1,28,0.0357
LA1NEzryoih6CQW3gwQqJQffK2mKgnXcjSQZSRpM3wc,Laine ❤️  by SOL Strategies,bloxroute-quic-fra,1,28,0.0357
LA1NEzryoih6CQW3gwQqJQffK2mKgnXcjSQZSRpM3wc,Laine ❤️  by SOL Strategies,syncro-fra,1,28,0.0357
fishfishrD9BwrQQiAcG6YeYZVUYVJf3tb9QGQPMJqF,stakefish 🐟,0slot-de1,9,28,0.3214
fishfishrD9BwrQQiAcG6YeYZVUYVJf3tb9QGQPMJqF,stakefish 🐟,astralane-quic-fra,8,28,0.2857
fishfishrD9BwrQQiAcG6YeYZVUYVJf3tb9QGQPMJqF,stakefish 🐟,nozomi-fra,4,28,0.1429
fishfishrD9BwrQQiAcG6YeYZVUYVJf3tb9QGQPMJqF,stakefish 🐟,astralane-fra,2,28,0.0714
fishfishrD9BwrQQiAcG6YeYZVUYVJf3tb9QGQPMJqF,stakefish 🐟,helius-fra,1,28,0.0357
fishfishrD9BwrQQiAcG6YeYZVUYVJf3tb9QGQPMJqF,stakefish 🐟,triton-fra,1,28,0.0357
2dfgsiSaZ51QYPsECMYMG247PXxyKdwkV9wTHoQb8YEC,Astraeus,0slot-de1,21,24,0.875
2dfgsiSaZ51QYPsECMYMG247PXxyKdwkV9wTHoQb8YEC,Astraeus,astralane-quic-fra,1,24,0.0417
3RXKQBRv7xKTQeNdLSPhCiD4QcUfxEQ12rtgUkMf5LnS,Chainode Tech & MEV(0% Fee),triton-fra,8,24,0.3333
3RXKQBRv7xKTQeNdLSPhCiD4QcUfxEQ12rtgUkMf5LnS,Chainode Tech & MEV(0% Fee),0slot-de1,6,24,0.25
3RXKQBRv7xKTQeNdLSPhCiD4QcUfxEQ12rtgUkMf5LnS,Chainode Tech & MEV(0% Fee),astralane-quic-fra,4,24,0.1667
3RXKQBRv7xKTQeNdLSPhCiD4QcUfxEQ12rtgUkMf5LnS,Chainode Tech & MEV(0% Fee),astralane-fra,3,24,0.125
3RXKQBRv7xKTQeNdLSPhCiD4QcUfxEQ12rtgUkMf5LnS,Chainode Tech & MEV(0% Fee),allenhark-quic-fra,1,24,0.0417
4NwpynvugnHvyLzr5h9Y7mw44saGJXDNoBjm6wgMiYDr,,nozomi-fra,4,24,0.1667
4NwpynvugnHvyLzr5h9Y7mw44saGJXDNoBjm6wgMiYDr,,triton-fra,4,24,0.1667
4NwpynvugnHvyLzr5h9Y7mw44saGJXDNoBjm6wgMiYDr,,allenhark-quic-fra,2,24,0.0833
4NwpynvugnHvyLzr5h9Y7mw44saGJXDNoBjm6wgMiYDr,,blockrazor,2,24,0.0833
4NwpynvugnHvyLzr5h9Y7mw44saGJXDNoBjm6wgMiYDr,,nextblock-quic-fra,2,24,0.0833
4NwpynvugnHvyLzr5h9Y7mw44saGJXDNoBjm6wgMiYDr,,0slot-de1,1,24,0.0417
4NwpynvugnHvyLzr5h9Y7mw44saGJXDNoBjm6wgMiYDr,,astralane-fra,1,24,0.0417
4NwpynvugnHvyLzr5h9Y7mw44saGJXDNoBjm6wgMiYDr,,astralane-quic-fra,1,24,0.0417
4NwpynvugnHvyLzr5h9Y7mw44saGJXDNoBjm6wgMiYDr,,bloxroute-fra,1,24,0.0417
4k6wgP5WPBKQpsFGtzuXNrjcTE2fKWLj17nDvFeG5zSF,DawnLabs | 0% Fee + Block Rewards Sharing,0slot-de1,13,24,0.5417
4k6wgP5WPBKQpsFGtzuXNrjcTE2fKWLj17nDvFeG5zSF,DawnLabs | 0% Fee + Block Rewards Sharing,triton-fra,8,24,0.3333
4k6wgP5WPBKQpsFGtzuXNrjcTE2fKWLj17nDvFeG5zSF,DawnLabs | 0% Fee + Block Rewards Sharing,astralane-fra,1,24,0.0417
4k6wgP5WPBKQpsFGtzuXNrjcTE2fKWLj17nDvFeG5zSF,DawnLabs | 0% Fee + Block Rewards Sharing,syncro-fra,1,24,0.0417
4mtXJ5pUcMMB4t8cLbi7zfDJCHfYLRrQb4qSLmh57sKL,,triton-fra,8,24,0.3333
4mtXJ5pUcMMB4t8cLbi7zfDJCHfYLRrQb4qSLmh57sKL,,nozomi-fra,7,24,0.2917
4mtXJ5pUcMMB4t8cLbi7zfDJCHfYLRrQb4qSLmh57sKL,,nextblock-quic-fra,2,24,0.0833
4mtXJ5pUcMMB4t8cLbi7zfDJCHfYLRrQb4qSLmh57sKL,,0slot-de1,1,24,0.0417
4mtXJ5pUcMMB4t8cLbi7zfDJCHfYLRrQb4qSLmh57sKL,,astralane-fra,1,24,0.0417
4mtXJ5pUcMMB4t8cLbi7zfDJCHfYLRrQb4qSLmh57sKL,,astralane-quic-fra,1,24,0.0417
58KprHKFNHgH1Cvo4QwxWkDeJNaSQVteCoAAFUWjtESn,Flash,triton-fra,10,24,0.4167
58KprHKFNHgH1Cvo4QwxWkDeJNaSQVteCoAAFUWjtESn,Flash,0slot-de1,7,24,0.2917
58KprHKFNHgH1Cvo4QwxWkDeJNaSQVteCoAAFUWjtESn,Flash,astralane-quic-fra,2,24,0.0833
58KprHKFNHgH1Cvo4QwxWkDeJNaSQVteCoAAFUWjtESn,Flash,bloxroute-fra,1,24,0.0417
6k1YkmTKwPRUhChnxA9ryJmbtuQMbro4xFTL6mL9jycB,Sign Labs 🤟,triton-fra,18,24,0.75
6k1YkmTKwPRUhChnxA9ryJmbtuQMbro4xFTL6mL9jycB,Sign Labs 🤟,0slot-de1,4,24,0.1667
6k1YkmTKwPRUhChnxA9ryJmbtuQMbro4xFTL6mL9jycB,Sign Labs 🤟,allenhark-quic-fra,1,24,0.0417
6k1YkmTKwPRUhChnxA9ryJmbtuQMbro4xFTL6mL9jycB,Sign Labs 🤟,helius-fra,1,24,0.0417
97jbhVBYcSmwGXjrx5PPWXucDsVBqwyoQ6rzP3B6eeMt,anarcheuz,0slot-de1,9,24,0.375
97jbhVBYcSmwGXjrx5PPWXucDsVBqwyoQ6rzP3B6eeMt,anarcheuz,nozomi-fra,6,24,0.25
97jbhVBYcSmwGXjrx5PPWXucDsVBqwyoQ6rzP3B6eeMt,anarcheuz,astralane-fra,2,24,0.0833
97jbhVBYcSmwGXjrx5PPWXucDsVBqwyoQ6rzP3B6eeMt,anarcheuz,triton-fra,2,24,0.0833
97jbhVBYcSmwGXjrx5PPWXucDsVBqwyoQ6rzP3B6eeMt,anarcheuz,astralane-quic-fra,1,24,0.0417
BCeczqpTRPigndHVJu1KEzno1Uhb4hjrE7ttmAndrV1p,GlobalStake [Bare Metal],0slot-de1,21,24,0.875
BCeczqpTRPigndHVJu1KEzno1Uhb4hjrE7ttmAndrV1p,GlobalStake [Bare Metal],allenhark-quic-fra,1,24,0.0417
BCeczqpTRPigndHVJu1KEzno1Uhb4hjrE7ttmAndrV1p,GlobalStake [Bare Metal],astralane-fra,1,24,0.0417
BCeczqpTRPigndHVJu1KEzno1Uhb4hjrE7ttmAndrV1p,GlobalStake [Bare Metal],nextblock-quic-fra,1,24,0.0417
Certusm1sa411sMpV9FPqU5dXAYhmmhygvxJ23S6hJ24,Asymmetric Research,nextblock-quic-fra,7,24,0.2917
Certusm1sa411sMpV9FPqU5dXAYhmmhygvxJ23S6hJ24,Asymmetric Research,nozomi-fra,4,24,0.1667
Certusm1sa411sMpV9FPqU5dXAYhmmhygvxJ23S6hJ24,Asymmetric Research,astralane-fra,3,24,0.125
Certusm1sa411sMpV9FPqU5dXAYhmmhygvxJ23S6hJ24,Asymmetric Research,0slot-de1,2,24,0.0833
Certusm1sa411sMpV9FPqU5dXAYhmmhygvxJ23S6hJ24,Asymmetric Research,astralane-quic-fra,2,24,0.0833
Certusm1sa411sMpV9FPqU5dXAYhmmhygvxJ23S6hJ24,Asymmetric Research,triton-fra,2,24,0.0833
Certusm1sa411sMpV9FPqU5dXAYhmmhygvxJ23S6hJ24,Asymmetric Research,allenhark-quic-fra,1,24,0.0417
DDnAqxJVFo2GVTujibHt5cjevHMSE9bo8HJaydHoshdp,Block Logic +MEV +Triton,triton-fra,12,24,0.5
DDnAqxJVFo2GVTujibHt5cjevHMSE9bo8HJaydHoshdp,Block Logic +MEV +Triton,0slot-de1,10,24,0.4167
DDnAqxJVFo2GVTujibHt5cjevHMSE9bo8HJaydHoshdp,Block Logic +MEV +Triton,astralane-quic-fra,1,24,0.0417
DDnAqxJVFo2GVTujibHt5cjevHMSE9bo8HJaydHoshdp,Block Logic +MEV +Triton,bloxroute-quic-fra,1,24,0.0417
ETcW7iuVraMKLMJayNCCsr9bLvKrJPDczy1CMVMPmXTc,stakeware.xyz | ferric,0slot-de1,12,24,0.5
ETcW7iuVraMKLMJayNCCsr9bLvKrJPDczy1CMVMPmXTc,stakeware.xyz | ferric,triton-fra,6,24,0.25
ETcW7iuVraMKLMJayNCCsr9bLvKrJPDczy1CMVMPmXTc,stakeware.xyz | ferric,allenhark-quic-fra,1,24,0.0417
ETcW7iuVraMKLMJayNCCsr9bLvKrJPDczy1CMVMPmXTc,stakeware.xyz | ferric,astralane-quic-fra,1,24,0.0417
ETcW7iuVraMKLMJayNCCsr9bLvKrJPDczy1CMVMPmXTc,stakeware.xyz | ferric,nextblock-quic-fra,1,24,0.0417
Ee8dX3qtwrDRnxYK6NGQfmMeKT3Qpp2QZHpxiAiw23W9,StakeNode777,0slot-de1,8,24,0.3333
Ee8dX3qtwrDRnxYK6NGQfmMeKT3Qpp2QZHpxiAiw23W9,StakeNode777,triton-fra,6,24,0.25
Ee8dX3qtwrDRnxYK6NGQfmMeKT3Qpp2QZHpxiAiw23W9,StakeNode777,astralane-quic-fra,2,24,0.0833
Ee8dX3qtwrDRnxYK6NGQfmMeKT3Qpp2QZHpxiAiw23W9,StakeNode777,allenhark-quic-fra,1,24,0.0417
Ee8dX3qtwrDRnxYK6NGQfmMeKT3Qpp2QZHpxiAiw23W9,StakeNode777,astralane-fra,1,24,0.0417
Ee8dX3qtwrDRnxYK6NGQfmMeKT3Qpp2QZHpxiAiw23W9,StakeNode777,bloxroute-fra,1,24,0.0417
Ee8dX3qtwrDRnxYK6NGQfmMeKT3Qpp2QZHpxiAiw23W9,StakeNode777,helius-dual,1,24,0.0417
Ee8dX3qtwrDRnxYK6NGQfmMeKT3Qpp2QZHpxiAiw23W9,StakeNode777,nozomi-fra,1,24,0.0417
Ee8dX3qtwrDRnxYK6NGQfmMeKT3Qpp2QZHpxiAiw23W9,StakeNode777,syncro-fra,1,24,0.0417
GEM1N1UE3C8BB8EaaEPrcFvT3iLMVrurknjW5AYjUReR,Gemini,0slot-de1,11,24,0.4583
GEM1N1UE3C8BB8EaaEPrcFvT3iLMVrurknjW5AYjUReR,Gemini,triton-fra,9,24,0.375
GEM1N1UE3C8BB8EaaEPrcFvT3iLMVrurknjW5AYjUReR,Gemini,allenhark-quic-fra,1,24,0.0417
GEM1N1UE3C8BB8EaaEPrcFvT3iLMVrurknjW5AYjUReR,Gemini,helius-fra,1,24,0.0417
GEM1N1UE3C8BB8EaaEPrcFvT3iLMVrurknjW5AYjUReR,Gemini,nozomi-fra,1,24,0.0417
HM1KjNaXa4w8K4gCXbieoMh5gUTNeUhg9fvdXMKeBW3L,Hello Moon,astralane-fra,9,24,0.375
HM1KjNaXa4w8K4gCXbieoMh5gUTNeUhg9fvdXMKeBW3L,Hello Moon,astralane-quic-fra,7,24,0.2917
HM1KjNaXa4w8K4gCXbieoMh5gUTNeUhg9fvdXMKeBW3L,Hello Moon,0slot-de1,2,24,0.0833
HM1KjNaXa4w8K4gCXbieoMh5gUTNeUhg9fvdXMKeBW3L,Hello Moon,nozomi-fra,2,24,0.0833
HT41udB8mLZZf7tev9tUoHYJ41TP8GWZ6zFMbjiviXk5,Neumann,triton-fra,6,24,0.25
HT41udB8mLZZf7tev9tUoHYJ41TP8GWZ6zFMbjiviXk5,Neumann,0slot-de1,4,24,0.1667
HT41udB8mLZZf7tev9tUoHYJ41TP8GWZ6zFMbjiviXk5,Neumann,bloxroute-quic-fra,2,24,0.0833
HT41udB8mLZZf7tev9tUoHYJ41TP8GWZ6zFMbjiviXk5,Neumann,helius-dual,2,24,0.0833
HT41udB8mLZZf7tev9tUoHYJ41TP8GWZ6zFMbjiviXk5,Neumann,astralane-fra,1,24,0.0417
HT41udB8mLZZf7tev9tUoHYJ41TP8GWZ6zFMbjiviXk5,Neumann,blockrazor,1,24,0.0417
HT41udB8mLZZf7tev9tUoHYJ41TP8GWZ6zFMbjiviXk5,Neumann,bloxroute-fra,1,24,0.0417
HT41udB8mLZZf7tev9tUoHYJ41TP8GWZ6zFMbjiviXk5,Neumann,helius-fra,1,24,0.0417
HT41udB8mLZZf7tev9tUoHYJ41TP8GWZ6zFMbjiviXk5,Neumann,syncro-fra,1,24,0.0417
Pid6HQnMCFb9izqX9i7X6ePdUPieGmjHoPxC1Jfooix,Pine Stake,bloxroute-fra,8,24,0.3333
Pid6HQnMCFb9izqX9i7X6ePdUPieGmjHoPxC1Jfooix,Pine Stake,bloxroute-quic-fra,5,24,0.2083
Pid6HQnMCFb9izqX9i7X6ePdUPieGmjHoPxC1Jfooix,Pine Stake,allenhark-quic-fra,3,24,0.125
Pid6HQnMCFb9izqX9i7X6ePdUPieGmjHoPxC1Jfooix,Pine Stake,nozomi-fra,2,24,0.0833
Pid6HQnMCFb9izqX9i7X6ePdUPieGmjHoPxC1Jfooix,Pine Stake,astralane-quic-fra,1,24,0.0417
Pid6HQnMCFb9izqX9i7X6ePdUPieGmjHoPxC1Jfooix,Pine Stake,triton-fra,1,24,0.0417
RBFiUqjYuy4mupzZaU96ctXJBy23sRBRsL3KivDAsFM,RockawayX Infra,0slot-de1,13,24,0.5417
RBFiUqjYuy4mupzZaU96ctXJBy23sRBRsL3KivDAsFM,RockawayX Infra,triton-fra,5,24,0.2083
RBFiUqjYuy4mupzZaU96ctXJBy23sRBRsL3KivDAsFM,RockawayX Infra,astralane-fra,1,24,0.0417
RBFiUqjYuy4mupzZaU96ctXJBy23sRBRsL3KivDAsFM,RockawayX Infra,astralane-quic-fra,1,24,0.0417
RBFiUqjYuy4mupzZaU96ctXJBy23sRBRsL3KivDAsFM,RockawayX Infra,helius-dual,1,24,0.0417
RBFiUqjYuy4mupzZaU96ctXJBy23sRBRsL3KivDAsFM,RockawayX Infra,nozomi-fra,1,24,0.0417
RBFiUqjYuy4mupzZaU96ctXJBy23sRBRsL3KivDAsFM,RockawayX Infra,syncro-fra,1,24,0.0417
UNrgBLmc8JT6A3dxXY9DWeHvDezt2DZQbhg1KPQfqEL,Unruggable,0slot-de1,13,24,0.5417
UNrgBLmc8JT6A3dxXY9DWeHvDezt2DZQbhg1KPQfqEL,Unruggable,triton-fra,9,24,0.375
UNrgBLmc8JT6A3dxXY9DWeHvDezt2DZQbhg1KPQfqEL,Unruggable,allenhark-quic-ams,1,24,0.0417
UNrgBLmc8JT6A3dxXY9DWeHvDezt2DZQbhg1KPQfqEL,Unruggable,astralane-quic-fra,1,24,0.0417
bkpk9KVsDRfrArzzmkJ9mPEvbXfQxczzQYR3QMGiR8Z,Backpack,triton-fra,13,24,0.5417
bkpk9KVsDRfrArzzmkJ9mPEvbXfQxczzQYR3QMGiR8Z,Backpack,0slot-de1,6,24,0.25
bkpk9KVsDRfrArzzmkJ9mPEvbXfQxczzQYR3QMGiR8Z,Backpack,nozomi-fra,2,24,0.0833
bkpk9KVsDRfrArzzmkJ9mPEvbXfQxczzQYR3QMGiR8Z,Backpack,astralane-fra,1,24,0.0417
bkpk9KVsDRfrArzzmkJ9mPEvbXfQxczzQYR3QMGiR8Z,Backpack,helius-dual,1,24,0.0417
2mMGsb5uy1Q4Dvezr8HK2E8SJoChcb2X7b61tJPaVHHd,Chainflow,nextblock-quic-fra,2,21,0.0952
2mMGsb5uy1Q4Dvezr8HK2E8SJoChcb2X7b61tJPaVHHd,Chainflow,triton-fra,2,21,0.0952
2mMGsb5uy1Q4Dvezr8HK2E8SJoChcb2X7b61tJPaVHHd,Chainflow,astralane-fra,1,21,0.0476
2mMGsb5uy1Q4Dvezr8HK2E8SJoChcb2X7b61tJPaVHHd,Chainflow,astralane-quic-fra,1,21,0.0476
2mMGsb5uy1Q4Dvezr8HK2E8SJoChcb2X7b61tJPaVHHd,Chainflow,blockrazor,1,21,0.0476
2mMGsb5uy1Q4Dvezr8HK2E8SJoChcb2X7b61tJPaVHHd,Chainflow,nozomi-fra,1,21,0.0476
3YVoK8UN62dyiPZnGBzBTkGdwsVmmK1MpRoLcxNRs9BE,Calypso,0slot-de1,18,20,0.9
3YVoK8UN62dyiPZnGBzBTkGdwsVmmK1MpRoLcxNRs9BE,Calypso,astralane-fra,1,20,0.05
3s97yjq2MhoPVPC3U9VeE3Z5S643Pweovg88ysvrQPw5,Starke Finance,0slot-de1,16,20,0.8
3s97yjq2MhoPVPC3U9VeE3Z5S643Pweovg88ysvrQPw5,Starke Finance,triton-fra,2,20,0.1
4SNKY7GCp7ohY4AawND5Cc2D71sWMWN3Uifo854yvtks,,nextblock-quic-fra,6,20,0.3
4SNKY7GCp7ohY4AawND5Cc2D71sWMWN3Uifo854yvtks,,nozomi-fra,4,20,0.2
4SNKY7GCp7ohY4AawND5Cc2D71sWMWN3Uifo854yvtks,,triton-fra,3,20,0.15
4SNKY7GCp7ohY4AawND5Cc2D71sWMWN3Uifo854yvtks,,allenhark-quic-fra,2,20,0.1
4SNKY7GCp7ohY4AawND5Cc2D71sWMWN3Uifo854yvtks,,astralane-fra,2,20,0.1
5ivRNcK1yThcK3koZR1oikAfuNm6rj1LceMskayoVSzc,,astralane-fra,4,20,0.2
5ivRNcK1yThcK3koZR1oikAfuNm6rj1LceMskayoVSzc,,nextblock-quic-fra,4,20,0.2
5ivRNcK1yThcK3koZR1oikAfuNm6rj1LceMskayoVSzc,,helius-fra,2,20,0.1
5ivRNcK1yThcK3koZR1oikAfuNm6rj1LceMskayoVSzc,,nozomi-fra,2,20,0.1
5ivRNcK1yThcK3koZR1oikAfuNm6rj1LceMskayoVSzc,,0slot-de1,1,20,0.05
5ivRNcK1yThcK3koZR1oikAfuNm6rj1LceMskayoVSzc,,allenhark-quic-fra,1,20,0.05
5ivRNcK1yThcK3koZR1oikAfuNm6rj1LceMskayoVSzc,,helius-dual,1,20,0.05
5ivRNcK1yThcK3koZR1oikAfuNm6rj1LceMskayoVSzc,,triton-fra,1,20,0.05
7PpXQgDb9eCHN1Uudgi77Wm89cRz4T85YgDw83qvaJXd,Nodance 💃 00,0slot-de1,7,20,0.35
7PpXQgDb9eCHN1Uudgi77Wm89cRz4T85YgDw83qvaJXd,Nodance 💃 00,triton-fra,6,20,0.3
7PpXQgDb9eCHN1Uudgi77Wm89cRz4T85YgDw83qvaJXd,Nodance 💃 00,astralane-fra,3,20,0.15
7PpXQgDb9eCHN1Uudgi77Wm89cRz4T85YgDw83qvaJXd,Nodance 💃 00,astralane-quic-fra,3,20,0.15
7Zm1pE4FubFYZDyAQ5Labh3A4cxDcvve1s3WCRgEAZ84,7Zm1pE4FubFYZDyAQ5Labh3A4cxDcvve1s3WCRgEAZ84,helius-dual,15,20,0.75
7Zm1pE4FubFYZDyAQ5Labh3A4cxDcvve1s3WCRgEAZ84,7Zm1pE4FubFYZDyAQ5Labh3A4cxDcvve1s3WCRgEAZ84,0slot-de1,2,20,0.1
8yjHdsCgx3bp2zEwGiWSMgwpFaCSzfYAHT1vk7KJBqhN,JStaking: 0% fee · top returns,0slot-de1,9,20,0.45
8yjHdsCgx3bp2zEwGiWSMgwpFaCSzfYAHT1vk7KJBqhN,JStaking: 0% fee · top returns,triton-fra,7,20,0.35
8yjHdsCgx3bp2zEwGiWSMgwpFaCSzfYAHT1vk7KJBqhN,JStaking: 0% fee · top returns,astralane-fra,1,20,0.05
9GHvMeJ4ZWuAX6sDGscFL1TBMszx2EehnrcTVUy4MZJQ,,blockrazor,8,20,0.4
9GHvMeJ4ZWuAX6sDGscFL1TBMszx2EehnrcTVUy4MZJQ,,helius-fra,4,20,0.2
9GHvMeJ4ZWuAX6sDGscFL1TBMszx2EehnrcTVUy4MZJQ,,helius-dual,3,20,0.15
9GHvMeJ4ZWuAX6sDGscFL1TBMszx2EehnrcTVUy4MZJQ,,astralane-quic-fra,1,20,0.05
9GHvMeJ4ZWuAX6sDGscFL1TBMszx2EehnrcTVUy4MZJQ,,triton-fra,1,20,0.05
9Wmaz9VPpEnH67ZqrvYd9bcH66DtsGaEKcSQE1ac5wkf,LumLabs,0slot-de1,14,20,0.7
9Wmaz9VPpEnH67ZqrvYd9bcH66DtsGaEKcSQE1ac5wkf,LumLabs,bloxroute-quic-fra,2,20,0.1
9Wmaz9VPpEnH67ZqrvYd9bcH66DtsGaEKcSQE1ac5wkf,LumLabs,triton-fra,2,20,0.1
9iFPQbP1jGkj67sXg6YLLGRUBVEDMcapdS6jmCZSnz8R,,astralane-quic-fra,5,20,0.25
9iFPQbP1jGkj67sXg6YLLGRUBVEDMcapdS6jmCZSnz8R,,astralane-fra,4,20,0.2
9iFPQbP1jGkj67sXg6YLLGRUBVEDMcapdS6jmCZSnz8R,,0slot-de1,1,20,0.05
9iFPQbP1jGkj67sXg6YLLGRUBVEDMcapdS6jmCZSnz8R,,blockrazor,1,20,0.05
AHZxzLeRGRfNVFrCmP58iJgEwbcXyZeAkZ32CmbfEmYR,,nextblock-quic-fra,4,20,0.2
AHZxzLeRGRfNVFrCmP58iJgEwbcXyZeAkZ32CmbfEmYR,,triton-fra,4,20,0.2
AHZxzLeRGRfNVFrCmP58iJgEwbcXyZeAkZ32CmbfEmYR,,nozomi-fra,3,20,0.15
AHZxzLeRGRfNVFrCmP58iJgEwbcXyZeAkZ32CmbfEmYR,,0slot-de1,1,20,0.05
AHZxzLeRGRfNVFrCmP58iJgEwbcXyZeAkZ32CmbfEmYR,,blockrazor,1,20,0.05
AHZxzLeRGRfNVFrCmP58iJgEwbcXyZeAkZ32CmbfEmYR,,bloxroute-quic-fra,1,20,0.05
AoUwfPuiEek2thVRDhMP7HbQb9rguyab4rDiz2NAfwwA,,0slot-de1,5,20,0.25
AoUwfPuiEek2thVRDhMP7HbQb9rguyab4rDiz2NAfwwA,,blockrazor,3,20,0.15
AoUwfPuiEek2thVRDhMP7HbQb9rguyab4rDiz2NAfwwA,,nozomi-fra,3,20,0.15
AoUwfPuiEek2thVRDhMP7HbQb9rguyab4rDiz2NAfwwA,,helius-fra,2,20,0.1
AoUwfPuiEek2thVRDhMP7HbQb9rguyab4rDiz2NAfwwA,,astralane-fra,1,20,0.05
AoUwfPuiEek2thVRDhMP7HbQb9rguyab4rDiz2NAfwwA,,astralane-quic-fra,1,20,0.05
AoUwfPuiEek2thVRDhMP7HbQb9rguyab4rDiz2NAfwwA,,bloxroute-fra,1,20,0.05
AoUwfPuiEek2thVRDhMP7HbQb9rguyab4rDiz2NAfwwA,,helius-dual,1,20,0.05
AoUwfPuiEek2thVRDhMP7HbQb9rguyab4rDiz2NAfwwA,,nextblock-quic-fra,1,20,0.05
AoUwfPuiEek2thVRDhMP7HbQb9rguyab4rDiz2NAfwwA,,triton-fra,1,20,0.05
BTGPbq4KuFENn4CKuaKGqkaDd3TJD3TEgtMjSrsZnMLb,,0slot-de1,10,20,0.5
BTGPbq4KuFENn4CKuaKGqkaDd3TJD3TEgtMjSrsZnMLb,,triton-fra,5,20,0.25
BTGPbq4KuFENn4CKuaKGqkaDd3TJD3TEgtMjSrsZnMLb,,astralane-quic-fra,2,20,0.1
BTGPbq4KuFENn4CKuaKGqkaDd3TJD3TEgtMjSrsZnMLb,,astralane-fra,1,20,0.05
BTGPbq4KuFENn4CKuaKGqkaDd3TJD3TEgtMjSrsZnMLb,,nextblock-quic-fra,1,20,0.05
D2RV1q6FgePVVjrMa7AMzVbvvAeg5oS7TAV7qdNKSDsX,Validatore,helius-dual,7,20,0.35
D2RV1q6FgePVVjrMa7AMzVbvvAeg5oS7TAV7qdNKSDsX,Validatore,0slot-de1,4,20,0.2
D2RV1q6FgePVVjrMa7AMzVbvvAeg5oS7TAV7qdNKSDsX,Validatore,helius-fra,4,20,0.2
D2RV1q6FgePVVjrMa7AMzVbvvAeg5oS7TAV7qdNKSDsX,Validatore,nozomi-fra,2,20,0.1
E3mDbFMr8yZcCAZx5wPUFCRmLX31u8Nnj4jPoPc54h3F,MAVAN,0slot-de1,19,20,0.95
E3mDbFMr8yZcCAZx5wPUFCRmLX31u8Nnj4jPoPc54h3F,MAVAN,helius-fra,1,20,0.05
FyrwfMaomErzqrFUXMjCJ7mA4u81DsiDdrzC3MJD6d4j,1dad | Solfège,0slot-de1,9,20,0.45
FyrwfMaomErzqrFUXMjCJ7mA4u81DsiDdrzC3MJD6d4j,1dad | Solfège,triton-fra,7,20,0.35
FyrwfMaomErzqrFUXMjCJ7mA4u81DsiDdrzC3MJD6d4j,1dad | Solfège,bloxroute-fra,1,20,0.05
FyrwfMaomErzqrFUXMjCJ7mA4u81DsiDdrzC3MJD6d4j,1dad | Solfège,helius-fra,1,20,0.05
GREEDkgav1ox1jYyd9Anv6exLqKV2vYnxMw5prGwmNKc,GREED Academy - funding education,0slot-de1,12,20,0.6
GREEDkgav1ox1jYyd9Anv6exLqKV2vYnxMw5prGwmNKc,GREED Academy - funding education,triton-fra,6,20,0.3
HwN6eoEe9N3kwHi66hpQDBMFPk6ASQGthWKPX5MZmisp,Solya,0slot-de1,8,20,0.4
HwN6eoEe9N3kwHi66hpQDBMFPk6ASQGthWKPX5MZmisp,Solya,triton-fra,8,20,0.4
HwN6eoEe9N3kwHi66hpQDBMFPk6ASQGthWKPX5MZmisp,Solya,astralane-quic-fra,2,20,0.1
HwN6eoEe9N3kwHi66hpQDBMFPk6ASQGthWKPX5MZmisp,Solya,helius-dual,1,20,0.05
LeDbQ99QT342j9S5YdyXLrsq2Gu3T3dMGajExdAuE3V,Ledger by Chorus One,0slot-de1,17,20,0.85
LeDbQ99QT342j9S5YdyXLrsq2Gu3T3dMGajExdAuE3V,Ledger by Chorus One,astralane-fra,1,20,0.05
LeDbQ99QT342j9S5YdyXLrsq2Gu3T3dMGajExdAuE3V,Ledger by Chorus One,helius-dual,1,20,0.05
LeDbQ99QT342j9S5YdyXLrsq2Gu3T3dMGajExdAuE3V,Ledger by Chorus One,nozomi-fra,1,20,0.05
bcZxRSozXDb61a77rxL6n9yumsbatqC7RFmZ8Xi5K8V,,triton-fra,5,20,0.25
bcZxRSozXDb61a77rxL6n9yumsbatqC7RFmZ8Xi5K8V,,astralane-quic-fra,3,20,0.15
bcZxRSozXDb61a77rxL6n9yumsbatqC7RFmZ8Xi5K8V,,nozomi-fra,3,20,0.15
bcZxRSozXDb61a77rxL6n9yumsbatqC7RFmZ8Xi5K8V,,astralane-fra,2,20,0.1
bcZxRSozXDb61a77rxL6n9yumsbatqC7RFmZ8Xi5K8V,,helius-dual,1,20,0.05
bcZxRSozXDb61a77rxL6n9yumsbatqC7RFmZ8Xi5K8V,,helius-fra,1,20,0.05
bcZxRSozXDb61a77rxL6n9yumsbatqC7RFmZ8Xi5K8V,,nextblock-quic-fra,1,20,0.05
dxa6QFqLcByyHykLCAW5tv1VYNVQFV3v6oovM2h8inH,Fidelity Center for Applied Technology (FCAT®),triton-fra,10,20,0.5
dxa6QFqLcByyHykLCAW5tv1VYNVQFV3v6oovM2h8inH,Fidelity Center for Applied Technology (FCAT®),0slot-de1,6,20,0.3
dxa6QFqLcByyHykLCAW5tv1VYNVQFV3v6oovM2h8inH,Fidelity Center for Applied Technology (FCAT®),allenhark-quic-ams,1,20,0.05
dxa6QFqLcByyHykLCAW5tv1VYNVQFV3v6oovM2h8inH,Fidelity Center for Applied Technology (FCAT®),nozomi-fra,1,20,0.05
nSGZ3tv2UhskkPqiB666yDVj7PTi9qKgDqvjHyw5JgM,OranG3cluB,0slot-de1,9,20,0.45
nSGZ3tv2UhskkPqiB666yDVj7PTi9qKgDqvjHyw5JgM,OranG3cluB,triton-fra,9,20,0.45
nSGZ3tv2UhskkPqiB666yDVj7PTi9qKgDqvjHyw5JgM,OranG3cluB,astralane-fra,2,20,0.1
vALigXFg9wnnhVHN16vNxHxXtAXiBv5QjAE6udoniBY,Valigator Open,0slot-de1,10,20,0.5
vALigXFg9wnnhVHN16vNxHxXtAXiBv5QjAE6udoniBY,Valigator Open,triton-fra,4,20,0.2
vALigXFg9wnnhVHN16vNxHxXtAXiBv5QjAE6udoniBY,Valigator Open,astralane-quic-fra,3,20,0.15
vALigXFg9wnnhVHN16vNxHxXtAXiBv5QjAE6udoniBY,Valigator Open,syncro-fra,1,20,0.05
1ggyZGbYtEo1WrV1kmXfnvhPeSPxrYAXoDBeApnszLT,Iggyz,nozomi-fra,4,16,0.25
1ggyZGbYtEo1WrV1kmXfnvhPeSPxrYAXoDBeApnszLT,Iggyz,bloxroute-fra,2,16,0.125
1ggyZGbYtEo1WrV1kmXfnvhPeSPxrYAXoDBeApnszLT,Iggyz,helius-fra,2,16,0.125
1ggyZGbYtEo1WrV1kmXfnvhPeSPxrYAXoDBeApnszLT,Iggyz,0slot-de1,1,16,0.0625
1ggyZGbYtEo1WrV1kmXfnvhPeSPxrYAXoDBeApnszLT,Iggyz,astralane-fra,1,16,0.0625
1ggyZGbYtEo1WrV1kmXfnvhPeSPxrYAXoDBeApnszLT,Iggyz,astralane-quic-fra,1,16,0.0625
1ggyZGbYtEo1WrV1kmXfnvhPeSPxrYAXoDBeApnszLT,Iggyz,blockrazor,1,16,0.0625
1ggyZGbYtEo1WrV1kmXfnvhPeSPxrYAXoDBeApnszLT,Iggyz,helius-dual,1,16,0.0625
1ggyZGbYtEo1WrV1kmXfnvhPeSPxrYAXoDBeApnszLT,Iggyz,triton-fra,1,16,0.0625
2dxz129YxB1xtf7Mx6HUT5JspexArNNtQt84FYueWZV7,NeNa 🌻,0slot-de1,3,16,0.1875
2dxz129YxB1xtf7Mx6HUT5JspexArNNtQt84FYueWZV7,NeNa 🌻,nozomi-fra,3,16,0.1875
2dxz129YxB1xtf7Mx6HUT5JspexArNNtQt84FYueWZV7,NeNa 🌻,triton-fra,3,16,0.1875
2dxz129YxB1xtf7Mx6HUT5JspexArNNtQt84FYueWZV7,NeNa 🌻,bloxroute-quic-fra,2,16,0.125
2dxz129YxB1xtf7Mx6HUT5JspexArNNtQt84FYueWZV7,NeNa 🌻,helius-dual,2,16,0.125
2dxz129YxB1xtf7Mx6HUT5JspexArNNtQt84FYueWZV7,NeNa 🌻,astralane-fra,1,16,0.0625
2dxz129YxB1xtf7Mx6HUT5JspexArNNtQt84FYueWZV7,NeNa 🌻,astralane-quic-fra,1,16,0.0625
2t53LvZfskcpXkdwLaBnfZLbNgyVHPu2BNFpcRBaEBhM,Kevred,0slot-de1,5,16,0.3125
2t53LvZfskcpXkdwLaBnfZLbNgyVHPu2BNFpcRBaEBhM,Kevred,triton-fra,5,16,0.3125
2t53LvZfskcpXkdwLaBnfZLbNgyVHPu2BNFpcRBaEBhM,Kevred,astralane-quic-fra,2,16,0.125
2t53LvZfskcpXkdwLaBnfZLbNgyVHPu2BNFpcRBaEBhM,Kevred,allenhark-quic-fra,1,16,0.0625
2t53LvZfskcpXkdwLaBnfZLbNgyVHPu2BNFpcRBaEBhM,Kevred,astralane-fra,1,16,0.0625
2t53LvZfskcpXkdwLaBnfZLbNgyVHPu2BNFpcRBaEBhM,Kevred,syncro-fra,1,16,0.0625
2zykwzzo1pd3H2oSj5j5SRLTvmpa9Nr2S2Bh8tTVd5Tq,zim.one | 0️⃣0️⃣,0slot-de1,8,16,0.5
2zykwzzo1pd3H2oSj5j5SRLTvmpa9Nr2S2Bh8tTVd5Tq,zim.one | 0️⃣0️⃣,triton-fra,6,16,0.375
2zykwzzo1pd3H2oSj5j5SRLTvmpa9Nr2S2Bh8tTVd5Tq,zim.one | 0️⃣0️⃣,astralane-fra,1,16,0.0625
3tzpLMWRkWucvTRWU5PjgKzN1iwJuV69yCCjmuuo4gTk,TruFin by Twinstake,astralane-fra,6,16,0.375
3tzpLMWRkWucvTRWU5PjgKzN1iwJuV69yCCjmuuo4gTk,TruFin by Twinstake,astralane-quic-fra,4,16,0.25
3tzpLMWRkWucvTRWU5PjgKzN1iwJuV69yCCjmuuo4gTk,TruFin by Twinstake,nozomi-fra,2,16,0.125
43Am3PKFeo9cACpqYL5Sk95rpVdxLw3Mc22PqRqZXEW2,Titan Analytics,0slot-de1,3,16,0.1875
43Am3PKFeo9cACpqYL5Sk95rpVdxLw3Mc22PqRqZXEW2,Titan Analytics,astralane-fra,2,16,0.125
43Am3PKFeo9cACpqYL5Sk95rpVdxLw3Mc22PqRqZXEW2,Titan Analytics,triton-fra,2,16,0.125
43Am3PKFeo9cACpqYL5Sk95rpVdxLw3Mc22PqRqZXEW2,Titan Analytics,astralane-quic-fra,1,16,0.0625
43Am3PKFeo9cACpqYL5Sk95rpVdxLw3Mc22PqRqZXEW2,Titan Analytics,nozomi-fra,1,16,0.0625
4SsMncJdtKiUcDtukkX15mqei7WiuQ9yvRtQrQW4reWC,Quicknode,0slot-de1,9,16,0.5625
4SsMncJdtKiUcDtukkX15mqei7WiuQ9yvRtQrQW4reWC,Quicknode,triton-fra,4,16,0.25
4SsMncJdtKiUcDtukkX15mqei7WiuQ9yvRtQrQW4reWC,Quicknode,astralane-fra,1,16,0.0625
4vcmYPfLztUckU3c3FvXDwSq8aDNDqwEpvEiqAv97LGJ,,nextblock-quic-fra,12,16,0.75
4vcmYPfLztUckU3c3FvXDwSq8aDNDqwEpvEiqAv97LGJ,,nozomi-fra,3,16,0.1875
4vcmYPfLztUckU3c3FvXDwSq8aDNDqwEpvEiqAv97LGJ,,astralane-quic-fra,1,16,0.0625
57i31UEyDg4koaZMZ1wAHbYuezXv3AVaHtvJgJarxt3f,[Public Good] Chive 🌱 - 0% Fee + MEV + BlockReward,0slot-de1,8,16,0.5
57i31UEyDg4koaZMZ1wAHbYuezXv3AVaHtvJgJarxt3f,[Public Good] Chive 🌱 - 0% Fee + MEV + BlockReward,triton-fra,3,16,0.1875
57i31UEyDg4koaZMZ1wAHbYuezXv3AVaHtvJgJarxt3f,[Public Good] Chive 🌱 - 0% Fee + MEV + BlockReward,astralane-fra,1,16,0.0625
57i31UEyDg4koaZMZ1wAHbYuezXv3AVaHtvJgJarxt3f,[Public Good] Chive 🌱 - 0% Fee + MEV + BlockReward,astralane-quic-fra,1,16,0.0625
57i31UEyDg4koaZMZ1wAHbYuezXv3AVaHtvJgJarxt3f,[Public Good] Chive 🌱 - 0% Fee + MEV + BlockReward,blockrazor,1,16,0.0625
57i31UEyDg4koaZMZ1wAHbYuezXv3AVaHtvJgJarxt3f,[Public Good] Chive 🌱 - 0% Fee + MEV + BlockReward,helius-dual,1,16,0.0625
61QB1Evn9E3noQtpJm4auFYyHSXS5FPgqKtPgwJJfEQk,Pigs in Blankets,0slot-de1,7,16,0.4375
61QB1Evn9E3noQtpJm4auFYyHSXS5FPgqKtPgwJJfEQk,Pigs in Blankets,triton-fra,7,16,0.4375
61QB1Evn9E3noQtpJm4auFYyHSXS5FPgqKtPgwJJfEQk,Pigs in Blankets,allenhark-quic-fra,1,16,0.0625
61QB1Evn9E3noQtpJm4auFYyHSXS5FPgqKtPgwJJfEQk,Pigs in Blankets,astralane-fra,1,16,0.0625
8GLRbAstsabZuZUx73AoyfGi1FRCWSUhRgMugFyofEz7,Syncnode | 0% Fees  | Genesis Validator,0slot-de1,9,16,0.5625
8GLRbAstsabZuZUx73AoyfGi1FRCWSUhRgMugFyofEz7,Syncnode | 0% Fees  | Genesis Validator,triton-fra,5,16,0.3125
8GLRbAstsabZuZUx73AoyfGi1FRCWSUhRgMugFyofEz7,Syncnode | 0% Fees  | Genesis Validator,nozomi-fra,1,16,0.0625
8ebFZA8NPLBZD91CwsG1HWQsa2B5Ludgdyf5Hi3sYhhs,stake.systems,0slot-de1,10,16,0.625
8ebFZA8NPLBZD91CwsG1HWQsa2B5Ludgdyf5Hi3sYhhs,stake.systems,triton-fra,4,16,0.25
8ebFZA8NPLBZD91CwsG1HWQsa2B5Ludgdyf5Hi3sYhhs,stake.systems,astralane-fra,1,16,0.0625
8ebFZA8NPLBZD91CwsG1HWQsa2B5Ludgdyf5Hi3sYhhs,stake.systems,bloxroute-fra,1,16,0.0625
8nbE53mcKhy74HLiGZ1q5HRocwiCvgh49csSaHSdtukr,"Moutai Validator 🚀 Performant, Secure and NO Fees",nextblock-quic-fra,10,16,0.625
8nbE53mcKhy74HLiGZ1q5HRocwiCvgh49csSaHSdtukr,"Moutai Validator 🚀 Performant, Secure and NO Fees",nozomi-fra,3,16,0.1875
8nbE53mcKhy74HLiGZ1q5HRocwiCvgh49csSaHSdtukr,"Moutai Validator 🚀 Performant, Secure and NO Fees",triton-fra,2,16,0.125
9AW87WqARQonyJYhx1G25fKfvjURFYVmHs79z1NUXDPD,🔥Aurora staking,0slot-de1,3,16,0.1875
9AW87WqARQonyJYhx1G25fKfvjURFYVmHs79z1NUXDPD,🔥Aurora staking,helius-dual,3,16,0.1875
9AW87WqARQonyJYhx1G25fKfvjURFYVmHs79z1NUXDPD,🔥Aurora staking,triton-fra,3,16,0.1875
9AW87WqARQonyJYhx1G25fKfvjURFYVmHs79z1NUXDPD,🔥Aurora staking,blockrazor,2,16,0.125
9AW87WqARQonyJYhx1G25fKfvjURFYVmHs79z1NUXDPD,🔥Aurora staking,allenhark-quic-fra,1,16,0.0625
9AW87WqARQonyJYhx1G25fKfvjURFYVmHs79z1NUXDPD,🔥Aurora staking,astralane-quic-fra,1,16,0.0625
9AW87WqARQonyJYhx1G25fKfvjURFYVmHs79z1NUXDPD,🔥Aurora staking,helius-fra,1,16,0.0625
9AW87WqARQonyJYhx1G25fKfvjURFYVmHs79z1NUXDPD,🔥Aurora staking,nozomi-fra,1,16,0.0625
Av8EnYrPBnSJHK5e2wmTdnCpSy7nzmBgyFaUKSyLnBfe,AndrewInUA,0slot-de1,9,16,0.5625
Av8EnYrPBnSJHK5e2wmTdnCpSy7nzmBgyFaUKSyLnBfe,AndrewInUA,triton-fra,5,16,0.3125
BULKzVM41WAyQZfL34vxqdsYwEYH9mJAJyzRS4xraf8b,BULK,triton-fra,5,16,0.3125
BULKzVM41WAyQZfL34vxqdsYwEYH9mJAJyzRS4xraf8b,BULK,astralane-quic-fra,3,16,0.1875
BULKzVM41WAyQZfL34vxqdsYwEYH9mJAJyzRS4xraf8b,BULK,helius-dual,2,16,0.125
BULKzVM41WAyQZfL34vxqdsYwEYH9mJAJyzRS4xraf8b,BULK,nextblock-quic-fra,2,16,0.125
BULKzVM41WAyQZfL34vxqdsYwEYH9mJAJyzRS4xraf8b,BULK,astralane-fra,1,16,0.0625
BULKzVM41WAyQZfL34vxqdsYwEYH9mJAJyzRS4xraf8b,BULK,blockrazor,1,16,0.0625
BULKzVM41WAyQZfL34vxqdsYwEYH9mJAJyzRS4xraf8b,BULK,nozomi-fra,1,16,0.0625
BeSovDCzhEAfgwDyXBuhmCFKsu5WQ3PaX61GEfteNzXM,Yonta Labs - LST 0%Fee MEV -,0slot-de1,9,16,0.5625
BeSovDCzhEAfgwDyXBuhmCFKsu5WQ3PaX61GEfteNzXM,Yonta Labs - LST 0%Fee MEV -,triton-fra,5,16,0.3125
BeSovDCzhEAfgwDyXBuhmCFKsu5WQ3PaX61GEfteNzXM,Yonta Labs - LST 0%Fee MEV -,allenhark-quic-fra,1,16,0.0625
BeSovDCzhEAfgwDyXBuhmCFKsu5WQ3PaX61GEfteNzXM,Yonta Labs - LST 0%Fee MEV -,nextblock-quic-fra,1,16,0.0625
BeaCHioStqCEFDFxKwAEzyrUPYxqnBPhJ98gDKeEiTPb,Solana Beach Validator,0slot-de1,3,16,0.1875
BeaCHioStqCEFDFxKwAEzyrUPYxqnBPhJ98gDKeEiTPb,Solana Beach Validator,nextblock-quic-fra,3,16,0.1875
BeaCHioStqCEFDFxKwAEzyrUPYxqnBPhJ98gDKeEiTPb,Solana Beach Validator,astralane-quic-fra,2,16,0.125
BeaCHioStqCEFDFxKwAEzyrUPYxqnBPhJ98gDKeEiTPb,Solana Beach Validator,bloxroute-quic-fra,2,16,0.125
BeaCHioStqCEFDFxKwAEzyrUPYxqnBPhJ98gDKeEiTPb,Solana Beach Validator,triton-fra,2,16,0.125
BeaCHioStqCEFDFxKwAEzyrUPYxqnBPhJ98gDKeEiTPb,Solana Beach Validator,astralane-fra,1,16,0.0625
BeaCHioStqCEFDFxKwAEzyrUPYxqnBPhJ98gDKeEiTPb,Solana Beach Validator,bloxroute-fra,1,16,0.0625
BeaCHioStqCEFDFxKwAEzyrUPYxqnBPhJ98gDKeEiTPb,Solana Beach Validator,helius-dual,1,16,0.0625
Bi9kKNxfW2XqgCmLcuhHt6A3x55GuAGmrVZxRHLyVoQ4,,astralane-quic-fra,5,16,0.3125
Bi9kKNxfW2XqgCmLcuhHt6A3x55GuAGmrVZxRHLyVoQ4,,nozomi-fra,4,16,0.25
Bi9kKNxfW2XqgCmLcuhHt6A3x55GuAGmrVZxRHLyVoQ4,,astralane-fra,2,16,0.125
BitokuDHQiAhpUKrwx1VssAAoW5Rst8zB6gpfoaxM3Kh,Xandeum Labs low fee + MEV = 🔥APY %,0slot-de1,9,16,0.5625
BitokuDHQiAhpUKrwx1VssAAoW5Rst8zB6gpfoaxM3Kh,Xandeum Labs low fee + MEV = 🔥APY %,triton-fra,6,16,0.375
BitokuDHQiAhpUKrwx1VssAAoW5Rst8zB6gpfoaxM3Kh,Xandeum Labs low fee + MEV = 🔥APY %,astralane-fra,1,16,0.0625
CeJjdkRwfqYjrb7ZgKgqTurxx88H6kZyRadJwNJBcQwC,,triton-fra,8,16,0.5
CeJjdkRwfqYjrb7ZgKgqTurxx88H6kZyRadJwNJBcQwC,,0slot-de1,6,16,0.375
CeJjdkRwfqYjrb7ZgKgqTurxx88H6kZyRadJwNJBcQwC,,astralane-fra,1,16,0.0625
CeJjdkRwfqYjrb7ZgKgqTurxx88H6kZyRadJwNJBcQwC,,astralane-quic-fra,1,16,0.0625
DCdTPyDbXNHrmdv4ZyPPzEfY4mPAqH4hDPtowAteoNgv,bloXroute US,0slot-de1,9,16,0.5625
DCdTPyDbXNHrmdv4ZyPPzEfY4mPAqH4hDPtowAteoNgv,bloXroute US,triton-fra,4,16,0.25
DCdTPyDbXNHrmdv4ZyPPzEfY4mPAqH4hDPtowAteoNgv,bloXroute US,syncro-fra,1,16,0.0625
DeepM3FDWaAb7o53rvyZk5YvHLG3FvDiVXJLRY78z51p,DeepStake,0slot-de1,6,16,0.375
DeepM3FDWaAb7o53rvyZk5YvHLG3FvDiVXJLRY78z51p,DeepStake,triton-fra,6,16,0.375
DeepM3FDWaAb7o53rvyZk5YvHLG3FvDiVXJLRY78z51p,DeepStake,astralane-quic-fra,2,16,0.125
DeepM3FDWaAb7o53rvyZk5YvHLG3FvDiVXJLRY78z51p,DeepStake,astralane-fra,1,16,0.0625
DeepM3FDWaAb7o53rvyZk5YvHLG3FvDiVXJLRY78z51p,DeepStake,syncro-fra,1,16,0.0625
DiveRaPKviyDnQyiiMFdV4rujsCBJzMNvPjKfvGNLGvL,Onchain Divers,0slot-de1,7,16,0.4375
DiveRaPKviyDnQyiiMFdV4rujsCBJzMNvPjKfvGNLGvL,Onchain Divers,triton-fra,7,16,0.4375
EKgSCR3ahdypkxXcBY43ZNxdmyZqPkKNPey3rwKjqbz7,,0slot-de1,9,16,0.5625
EKgSCR3ahdypkxXcBY43ZNxdmyZqPkKNPey3rwKjqbz7,,nozomi-fra,2,16,0.125
EKgSCR3ahdypkxXcBY43ZNxdmyZqPkKNPey3rwKjqbz7,,triton-fra,2,16,0.125
EQhTjikb1L2jvxsCaSW2o2TuRXh4Do6HzBEWCxpeM44W,JM,triton-fra,7,16,0.4375
EQhTjikb1L2jvxsCaSW2o2TuRXh4Do6HzBEWCxpeM44W,JM,nextblock-quic-fra,4,16,0.25
EQhTjikb1L2jvxsCaSW2o2TuRXh4Do6HzBEWCxpeM44W,JM,astralane-fra,3,16,0.1875
EQhTjikb1L2jvxsCaSW2o2TuRXh4Do6HzBEWCxpeM44W,JM,0slot-de1,1,16,0.0625
EQhTjikb1L2jvxsCaSW2o2TuRXh4Do6HzBEWCxpeM44W,JM,astralane-quic-fra,1,16,0.0625
Ed9WjPnZfAXsPttcqxMwj94qsuXVRyBsyXnDkxFva2Zv,Rakurai | High TPS | High rewards,astralane-fra,9,16,0.5625
Ed9WjPnZfAXsPttcqxMwj94qsuXVRyBsyXnDkxFva2Zv,Rakurai | High TPS | High rewards,0slot-de1,2,16,0.125
Ed9WjPnZfAXsPttcqxMwj94qsuXVRyBsyXnDkxFva2Zv,Rakurai | High TPS | High rewards,nextblock-quic-fra,2,16,0.125
Ed9WjPnZfAXsPttcqxMwj94qsuXVRyBsyXnDkxFva2Zv,Rakurai | High TPS | High rewards,astralane-quic-fra,1,16,0.0625
Ed9WjPnZfAXsPttcqxMwj94qsuXVRyBsyXnDkxFva2Zv,Rakurai | High TPS | High rewards,blockrazor,1,16,0.0625
Ed9WjPnZfAXsPttcqxMwj94qsuXVRyBsyXnDkxFva2Zv,Rakurai | High TPS | High rewards,triton-fra,1,16,0.0625
EfPYQ4BUMiKa6736qqrtnCBGkUSRDGSr1WvtyUgWHuyp,,0slot-de1,8,16,0.5
EfPYQ4BUMiKa6736qqrtnCBGkUSRDGSr1WvtyUgWHuyp,,triton-fra,4,16,0.25
FACb6bbTDRBHCK999V8ox8jga5JBnt1r3vvzmAYAMv2o,Lantern,0slot-de1,10,16,0.625
FACb6bbTDRBHCK999V8ox8jga5JBnt1r3vvzmAYAMv2o,Lantern,triton-fra,4,16,0.25
FACb6bbTDRBHCK999V8ox8jga5JBnt1r3vvzmAYAMv2o,Lantern,astralane-quic-fra,1,16,0.0625
FNTPSUuRpDoJx1hwFmB5ncNLLMX42aE83P4hsFYUfNRL,Nodz,0slot-de1,8,16,0.5
FNTPSUuRpDoJx1hwFmB5ncNLLMX42aE83P4hsFYUfNRL,Nodz,triton-fra,3,16,0.1875
HW4zorvt6xDwhU36RqjcWNwU8YMj9tiqnAafBKW4cqV,Moise,0slot-de1,6,16,0.375
HW4zorvt6xDwhU36RqjcWNwU8YMj9tiqnAafBKW4cqV,Moise,triton-fra,4,16,0.25
HW4zorvt6xDwhU36RqjcWNwU8YMj9tiqnAafBKW4cqV,Moise,nozomi-fra,1,16,0.0625
HaLanfo94ezLc3JZ55qqxr7W3qbe1PprJyv2uEtriEqN,Bella2.0,triton-fra,9,16,0.5625
HaLanfo94ezLc3JZ55qqxr7W3qbe1PprJyv2uEtriEqN,Bella2.0,0slot-de1,5,16,0.3125
HaLanfo94ezLc3JZ55qqxr7W3qbe1PprJyv2uEtriEqN,Bella2.0,astralane-fra,1,16,0.0625
HcZvwZ83PfjrQDiq3GLHxisTs17aGURs6bJ2LwtmL4qv,SolGuardian,allenhark-quic-fra,6,16,0.375
HcZvwZ83PfjrQDiq3GLHxisTs17aGURs6bJ2LwtmL4qv,SolGuardian,nozomi-fra,2,16,0.125
HcZvwZ83PfjrQDiq3GLHxisTs17aGURs6bJ2LwtmL4qv,SolGuardian,triton-fra,2,16,0.125
HcZvwZ83PfjrQDiq3GLHxisTs17aGURs6bJ2LwtmL4qv,SolGuardian,0slot-de1,1,16,0.0625
HcZvwZ83PfjrQDiq3GLHxisTs17aGURs6bJ2LwtmL4qv,SolGuardian,astralane-fra,1,16,0.0625
HcZvwZ83PfjrQDiq3GLHxisTs17aGURs6bJ2LwtmL4qv,SolGuardian,astralane-quic-fra,1,16,0.0625
HcZvwZ83PfjrQDiq3GLHxisTs17aGURs6bJ2LwtmL4qv,SolGuardian,bloxroute-fra,1,16,0.0625
HcZvwZ83PfjrQDiq3GLHxisTs17aGURs6bJ2LwtmL4qv,SolGuardian,helius-fra,1,16,0.0625
HyperSPG8w4jgdHgmA8ExrhRL1L1BriRTHD9UFdXJUud,Hyper 🫨,bloxroute-fra,4,16,0.25
HyperSPG8w4jgdHgmA8ExrhRL1L1BriRTHD9UFdXJUud,Hyper 🫨,0slot-de1,2,16,0.125
HyperSPG8w4jgdHgmA8ExrhRL1L1BriRTHD9UFdXJUud,Hyper 🫨,bloxroute-quic-fra,2,16,0.125
HyperSPG8w4jgdHgmA8ExrhRL1L1BriRTHD9UFdXJUud,Hyper 🫨,triton-fra,2,16,0.125
HyperSPG8w4jgdHgmA8ExrhRL1L1BriRTHD9UFdXJUud,Hyper 🫨,helius-dual,1,16,0.0625
HyperSPG8w4jgdHgmA8ExrhRL1L1BriRTHD9UFdXJUud,Hyper 🫨,nextblock-quic-fra,1,16,0.0625
HyperSPG8w4jgdHgmA8ExrhRL1L1BriRTHD9UFdXJUud,Hyper 🫨,nozomi-fra,1,16,0.0625
HzrEstnLfzsijhaD6z5frkSE2vWZEH5EUfn3bU9swo1f,StakeWolf,triton-fra,9,16,0.5625
HzrEstnLfzsijhaD6z5frkSE2vWZEH5EUfn3bU9swo1f,StakeWolf,0slot-de1,7,16,0.4375
KTMkUG8WCw9FdH44jLMBpc1teGafnYL6SgP4fHHbsNM,⚔️ Epics DAO ⚔️  - ALL 0% Fees ⭐️,triton-fra,7,16,0.4375
KTMkUG8WCw9FdH44jLMBpc1teGafnYL6SgP4fHHbsNM,⚔️ Epics DAO ⚔️  - ALL 0% Fees ⭐️,0slot-de1,6,16,0.375
KTMkUG8WCw9FdH44jLMBpc1teGafnYL6SgP4fHHbsNM,⚔️ Epics DAO ⚔️  - ALL 0% Fees ⭐️,allenhark-quic-fra,1,16,0.0625
KTMkUG8WCw9FdH44jLMBpc1teGafnYL6SgP4fHHbsNM,⚔️ Epics DAO ⚔️  - ALL 0% Fees ⭐️,astralane-fra,1,16,0.0625
KoLibrJsbABbtmtFPc7nPvDxT81rc4UPM7mY9xSLjpo,Kolibrio,0slot-de1,6,16,0.375
KoLibrJsbABbtmtFPc7nPvDxT81rc4UPM7mY9xSLjpo,Kolibrio,triton-fra,5,16,0.3125
KoLibrJsbABbtmtFPc7nPvDxT81rc4UPM7mY9xSLjpo,Kolibrio,astralane-quic-fra,1,16,0.0625
KoLibrJsbABbtmtFPc7nPvDxT81rc4UPM7mY9xSLjpo,Kolibrio,blockrazor,1,16,0.0625
KoLibrJsbABbtmtFPc7nPvDxT81rc4UPM7mY9xSLjpo,Kolibrio,helius-dual,1,16,0.0625
LFGGGJtnBLvq78DyMz1gTeedM6f8owck76qHThDABBC,Alpha Waves,0slot-de1,11,16,0.6875
LFGGGJtnBLvq78DyMz1gTeedM6f8owck76qHThDABBC,Alpha Waves,nextblock-quic-fra,2,16,0.125
LFGGGJtnBLvq78DyMz1gTeedM6f8owck76qHThDABBC,Alpha Waves,astralane-fra,1,16,0.0625
LFGGGJtnBLvq78DyMz1gTeedM6f8owck76qHThDABBC,Alpha Waves,astralane-quic-fra,1,16,0.0625
LFGGGJtnBLvq78DyMz1gTeedM6f8owck76qHThDABBC,Alpha Waves,bloxroute-fra,1,16,0.0625
Lake8NXDThihebhxS3Js7mFnj9fthmus93zEdsFNrsL,LakeStake,0slot-de1,11,16,0.6875
Lake8NXDThihebhxS3Js7mFnj9fthmus93zEdsFNrsL,LakeStake,triton-fra,5,16,0.3125
LimeA3gMLb2SjxrKbP7NsWk1UwTZrw4B6Ctc9dmVU6E,LimeChain,triton-fra,10,16,0.625
LimeA3gMLb2SjxrKbP7NsWk1UwTZrw4B6Ctc9dmVU6E,LimeChain,0slot-de1,3,16,0.1875
UPSCQNqdbiaqrQou9X9y8mr43ZHzvoNpKC26Mo7GubF,,nextblock-quic-fra,9,16,0.5625
UPSCQNqdbiaqrQou9X9y8mr43ZHzvoNpKC26Mo7GubF,,astralane-quic-fra,3,16,0.1875
UPSCQNqdbiaqrQou9X9y8mr43ZHzvoNpKC26Mo7GubF,,triton-fra,2,16,0.125
UPSCQNqdbiaqrQou9X9y8mr43ZHzvoNpKC26Mo7GubF,,astralane-fra,1,16,0.0625
UPSCQNqdbiaqrQou9X9y8mr43ZHzvoNpKC26Mo7GubF,,helius-fra,1,16,0.0625
WUNoB9YQXmXXRcJsjY1G8PfVag5aAfnyGmFd6YwJVwp,StakeCraft,helius-fra,5,16,0.3125
WUNoB9YQXmXXRcJsjY1G8PfVag5aAfnyGmFd6YwJVwp,StakeCraft,astralane-fra,3,16,0.1875
WUNoB9YQXmXXRcJsjY1G8PfVag5aAfnyGmFd6YwJVwp,StakeCraft,astralane-quic-fra,3,16,0.1875
WUNoB9YQXmXXRcJsjY1G8PfVag5aAfnyGmFd6YwJVwp,StakeCraft,0slot-de1,2,16,0.125
WUNoB9YQXmXXRcJsjY1G8PfVag5aAfnyGmFd6YwJVwp,StakeCraft,helius-dual,1,16,0.0625
WUNoB9YQXmXXRcJsjY1G8PfVag5aAfnyGmFd6YwJVwp,StakeCraft,nozomi-fra,1,16,0.0625
WUNoB9YQXmXXRcJsjY1G8PfVag5aAfnyGmFd6YwJVwp,StakeCraft,triton-fra,1,16,0.0625
adramSYKBv1yHoZTub4kepcmF5LybPxwyJcsz4fpfi7,Adrastea Validator,triton-fra,8,16,0.5
adramSYKBv1yHoZTub4kepcmF5LybPxwyJcsz4fpfi7,Adrastea Validator,0slot-de1,7,16,0.4375
adramSYKBv1yHoZTub4kepcmF5LybPxwyJcsz4fpfi7,Adrastea Validator,astralane-quic-fra,1,16,0.0625
fhsM2sxME8cHrrk3qvtMsRRDv5AoLFja7NjNnHeYZxe,Fountainhead 🌱 Funding Dev WITH max APY,0slot-de1,8,16,0.5
fhsM2sxME8cHrrk3qvtMsRRDv5AoLFja7NjNnHeYZxe,Fountainhead 🌱 Funding Dev WITH max APY,triton-fra,6,16,0.375
fhsM2sxME8cHrrk3qvtMsRRDv5AoLFja7NjNnHeYZxe,Fountainhead 🌱 Funding Dev WITH max APY,astralane-quic-fra,2,16,0.125
gridqZmeBcsUKT2Mv4M9YFHFN3tVLFb2TCtTcLD1cAd,Grid Systems,triton-fra,8,16,0.5
gridqZmeBcsUKT2Mv4M9YFHFN3tVLFb2TCtTcLD1cAd,Grid Systems,0slot-de1,5,16,0.3125
gridqZmeBcsUKT2Mv4M9YFHFN3tVLFb2TCtTcLD1cAd,Grid Systems,helius-dual,1,16,0.0625
gridqZmeBcsUKT2Mv4M9YFHFN3tVLFb2TCtTcLD1cAd,Grid Systems,helius-fra,1,16,0.0625
gridqZmeBcsUKT2Mv4M9YFHFN3tVLFb2TCtTcLD1cAd,Grid Systems,nozomi-fra,1,16,0.0625
icex1C6pnZxznQWiHZZANjGU8nZ8kNquFnjyY7XXrXE,BrewlabsHQ,0slot-de1,11,16,0.6875
icex1C6pnZxznQWiHZZANjGU8nZ8kNquFnjyY7XXrXE,BrewlabsHQ,astralane-quic-fra,2,16,0.125
icex1C6pnZxznQWiHZZANjGU8nZ8kNquFnjyY7XXrXE,BrewlabsHQ,nozomi-fra,2,16,0.125
mD1afZhSisoXfJLT8nYwSFANqjr1KPoDUEpYTEfFX1e,Block Parliament 🦉,triton-fra,4,16,0.25
mD1afZhSisoXfJLT8nYwSFANqjr1KPoDUEpYTEfFX1e,Block Parliament 🦉,0slot-de1,2,16,0.125
mD1afZhSisoXfJLT8nYwSFANqjr1KPoDUEpYTEfFX1e,Block Parliament 🦉,allenhark-quic-fra,1,16,0.0625
mD1afZhSisoXfJLT8nYwSFANqjr1KPoDUEpYTEfFX1e,Block Parliament 🦉,astralane-quic-fra,1,16,0.0625
mD1afZhSisoXfJLT8nYwSFANqjr1KPoDUEpYTEfFX1e,Block Parliament 🦉,helius-dual,1,16,0.0625
mint13XHZSSxtgHuTSM9qPDEJSbWktpmpM4CZxeLB8f,Hanabi Staking 🎆 | Staking Champions | DoubleZero | ❌BAM,astralane-fra,7,16,0.4375
mint13XHZSSxtgHuTSM9qPDEJSbWktpmpM4CZxeLB8f,Hanabi Staking 🎆 | Staking Champions | DoubleZero | ❌BAM,astralane-quic-fra,3,16,0.1875
mint13XHZSSxtgHuTSM9qPDEJSbWktpmpM4CZxeLB8f,Hanabi Staking 🎆 | Staking Champions | DoubleZero | ❌BAM,triton-fra,3,16,0.1875
mint13XHZSSxtgHuTSM9qPDEJSbWktpmpM4CZxeLB8f,Hanabi Staking 🎆 | Staking Champions | DoubleZero | ❌BAM,0slot-de1,2,16,0.125
nateKhsYkrVc992UuTfAhEEFQqr2zQfpGg9RafNkxdC,Epoch.Day,helius-dual,4,16,0.25
nateKhsYkrVc992UuTfAhEEFQqr2zQfpGg9RafNkxdC,Epoch.Day,bloxroute-fra,2,16,0.125
nateKhsYkrVc992UuTfAhEEFQqr2zQfpGg9RafNkxdC,Epoch.Day,nozomi-fra,2,16,0.125
nateKhsYkrVc992UuTfAhEEFQqr2zQfpGg9RafNkxdC,Epoch.Day,triton-fra,2,16,0.125
nateKhsYkrVc992UuTfAhEEFQqr2zQfpGg9RafNkxdC,Epoch.Day,0slot-de1,1,16,0.0625
nateKhsYkrVc992UuTfAhEEFQqr2zQfpGg9RafNkxdC,Epoch.Day,astralane-fra,1,16,0.0625
nateKhsYkrVc992UuTfAhEEFQqr2zQfpGg9RafNkxdC,Epoch.Day,astralane-quic-fra,1,16,0.0625
nateKhsYkrVc992UuTfAhEEFQqr2zQfpGg9RafNkxdC,Epoch.Day,blockrazor,1,16,0.0625
nateKhsYkrVc992UuTfAhEEFQqr2zQfpGg9RafNkxdC,Epoch.Day,bloxroute-quic-fra,1,16,0.0625
oPaLtitM6cwpFVzP2rDhLsJLdY2vcbuZiJJyD1TFUKs,Temporal Opal,astralane-fra,7,16,0.4375
oPaLtitM6cwpFVzP2rDhLsJLdY2vcbuZiJJyD1TFUKs,Temporal Opal,astralane-quic-fra,5,16,0.3125
oPaLtitM6cwpFVzP2rDhLsJLdY2vcbuZiJJyD1TFUKs,Temporal Opal,nozomi-fra,4,16,0.25
parafiUS6h6oLhCFwhjvEmQJKw8pF1iXsxMJdTq46dS,ParaFi Technologies,0slot-de1,11,16,0.6875
parafiUS6h6oLhCFwhjvEmQJKw8pF1iXsxMJdTq46dS,ParaFi Technologies,triton-fra,4,16,0.25
parafiUS6h6oLhCFwhjvEmQJKw8pF1iXsxMJdTq46dS,ParaFi Technologies,helius-fra,1,16,0.0625
rapXHroUoGG3KvZ3qwjvGMdA7siWXwXpiNC1bYarvSC,Raposa Coffee,0slot-de1,14,16,0.875
rapXHroUoGG3KvZ3qwjvGMdA7siWXwXpiNC1bYarvSC,Raposa Coffee,triton-fra,2,16,0.125
rsbp8zMHbGCpLoRktmsjspYv77VcjxAzH1KxPCD9BiU,Albert is Great,nextblock-quic-fra,5,16,0.3125
rsbp8zMHbGCpLoRktmsjspYv77VcjxAzH1KxPCD9BiU,Albert is Great,astralane-fra,4,16,0.25
rsbp8zMHbGCpLoRktmsjspYv77VcjxAzH1KxPCD9BiU,Albert is Great,nozomi-fra,2,16,0.125
rsbp8zMHbGCpLoRktmsjspYv77VcjxAzH1KxPCD9BiU,Albert is Great,triton-fra,2,16,0.125
rsbp8zMHbGCpLoRktmsjspYv77VcjxAzH1KxPCD9BiU,Albert is Great,astralane-quic-fra,1,16,0.0625
spcti6GQVvinbtHU9UAkbXhjTcBJaba1NVx4tmK4M5F,Staker Space,0slot-de1,10,16,0.625
spcti6GQVvinbtHU9UAkbXhjTcBJaba1NVx4tmK4M5F,Staker Space,triton-fra,6,16,0.375
stacheBmGG5zMKuetUevAbc4m4dLbve1VPcpSur3voH,Hydex,0slot-de1,6,16,0.375
stacheBmGG5zMKuetUevAbc4m4dLbve1VPcpSur3voH,Hydex,bloxroute-fra,4,16,0.25
stacheBmGG5zMKuetUevAbc4m4dLbve1VPcpSur3voH,Hydex,bloxroute-quic-fra,3,16,0.1875
stacheBmGG5zMKuetUevAbc4m4dLbve1VPcpSur3voH,Hydex,astralane-fra,1,16,0.0625
stacheBmGG5zMKuetUevAbc4m4dLbve1VPcpSur3voH,Hydex,astralane-quic-fra,1,16,0.0625
stacheBmGG5zMKuetUevAbc4m4dLbve1VPcpSur3voH,Hydex,triton-fra,1,16,0.0625
PKdLMugp1Mf88Ji1GkdqRDBewaUh2cqg79CBEo6eJoQ,PK,astralane-fra,4,15,0.2667
PKdLMugp1Mf88Ji1GkdqRDBewaUh2cqg79CBEo6eJoQ,PK,allenhark-quic-fra,2,15,0.1333
PKdLMugp1Mf88Ji1GkdqRDBewaUh2cqg79CBEo6eJoQ,PK,triton-fra,2,15,0.1333
PKdLMugp1Mf88Ji1GkdqRDBewaUh2cqg79CBEo6eJoQ,PK,0slot-de1,1,15,0.0667
PKdLMugp1Mf88Ji1GkdqRDBewaUh2cqg79CBEo6eJoQ,PK,astralane-quic-fra,1,15,0.0667
PKdLMugp1Mf88Ji1GkdqRDBewaUh2cqg79CBEo6eJoQ,PK,bloxroute-fra,1,15,0.0667
PKdLMugp1Mf88Ji1GkdqRDBewaUh2cqg79CBEo6eJoQ,PK,bloxroute-quic-fra,1,15,0.0667
PKdLMugp1Mf88Ji1GkdqRDBewaUh2cqg79CBEo6eJoQ,PK,nozomi-fra,1,15,0.0667
bookoVmqw4QjVj5BbkFacouadx9M7816wyRkfM7A5Lo,The Library,0slot-de1,7,14,0.5
bookoVmqw4QjVj5BbkFacouadx9M7816wyRkfM7A5Lo,The Library,triton-fra,7,14,0.5
2AKKnirWVZMhnzuwqpizw9SwfZjGpRFLx2zCCNtPWpbc,The Chimpions,astralane-fra,6,12,0.5
2AKKnirWVZMhnzuwqpizw9SwfZjGpRFLx2zCCNtPWpbc,The Chimpions,astralane-quic-fra,5,12,0.4167
2AKKnirWVZMhnzuwqpizw9SwfZjGpRFLx2zCCNtPWpbc,The Chimpions,triton-fra,1,12,0.0833
2Mob8FJkb8chZY5pTBMpKfLwgZAQHE5i9jAC5zbASitD,,0slot-de1,6,12,0.5
2Mob8FJkb8chZY5pTBMpKfLwgZAQHE5i9jAC5zbASitD,,triton-fra,4,12,0.3333
2Mob8FJkb8chZY5pTBMpKfLwgZAQHE5i9jAC5zbASitD,,bloxroute-quic-fra,1,12,0.0833
2Mob8FJkb8chZY5pTBMpKfLwgZAQHE5i9jAC5zbASitD,,nextblock-quic-fra,1,12,0.0833
2XmhZKHmfjku3T3nC9xKhgr5bm1CAmWXqNsNt49mo82C,Soldea Kitchen,0slot-de1,7,12,0.5833
2XmhZKHmfjku3T3nC9xKhgr5bm1CAmWXqNsNt49mo82C,Soldea Kitchen,triton-fra,4,12,0.3333
2XmhZKHmfjku3T3nC9xKhgr5bm1CAmWXqNsNt49mo82C,Soldea Kitchen,nextblock-quic-fra,1,12,0.0833
2gDeeRa3mwPPtw1CMWPkEhRWo9v5izNBBfEXanr8uibX,NuFi,triton-fra,8,12,0.6667
2gDeeRa3mwPPtw1CMWPkEhRWo9v5izNBBfEXanr8uibX,NuFi,0slot-de1,2,12,0.1667
2gDeeRa3mwPPtw1CMWPkEhRWo9v5izNBBfEXanr8uibX,NuFi,blockrazor,1,12,0.0833
2gDeeRa3mwPPtw1CMWPkEhRWo9v5izNBBfEXanr8uibX,NuFi,bloxroute-fra,1,12,0.0833
2oHUYyW2PU9VJh4XBs5TbGgzdernunvGqyKth3kxW4ns,,0slot-de1,5,12,0.4167
2oHUYyW2PU9VJh4XBs5TbGgzdernunvGqyKth3kxW4ns,,triton-fra,4,12,0.3333
2oHUYyW2PU9VJh4XBs5TbGgzdernunvGqyKth3kxW4ns,,astralane-quic-fra,2,12,0.1667
3KiDz3wuZrJfsgKt5KEvRb1WPpbci1PWj78aPVF5ei3F,Nemertes,0slot-de1,6,12,0.5
3KiDz3wuZrJfsgKt5KEvRb1WPpbci1PWj78aPVF5ei3F,Nemertes,triton-fra,3,12,0.25
3KiDz3wuZrJfsgKt5KEvRb1WPpbci1PWj78aPVF5ei3F,Nemertes,allenhark-quic-fra,1,12,0.0833
3KiDz3wuZrJfsgKt5KEvRb1WPpbci1PWj78aPVF5ei3F,Nemertes,astralane-quic-fra,1,12,0.0833
3KiDz3wuZrJfsgKt5KEvRb1WPpbci1PWj78aPVF5ei3F,Nemertes,bloxroute-fra,1,12,0.0833
3WDh9HgusCujDmXCVhophLrHvoKHQd1Sd4uFHz1Awo35,Absolute Guard,0slot-de1,7,12,0.5833
3WDh9HgusCujDmXCVhophLrHvoKHQd1Sd4uFHz1Awo35,Absolute Guard,triton-fra,3,12,0.25
3WDh9HgusCujDmXCVhophLrHvoKHQd1Sd4uFHz1Awo35,Absolute Guard,nextblock-quic-fra,1,12,0.0833
4VrjyXQT61WFSjuG3ehgqZUK1jqvYqB46veQbXLotq3n,Vault X | 0% fee +MEV,triton-fra,5,12,0.4167
4VrjyXQT61WFSjuG3ehgqZUK1jqvYqB46veQbXLotq3n,Vault X | 0% fee +MEV,0slot-de1,2,12,0.1667
4VrjyXQT61WFSjuG3ehgqZUK1jqvYqB46veQbXLotq3n,Vault X | 0% fee +MEV,astralane-quic-fra,1,12,0.0833
4W3jdXyqhLCjzA3Liu8ZNjViwrc6N9YjSB7obbxfjcKE,Glory to Ukraine,triton-fra,5,12,0.4167
4W3jdXyqhLCjzA3Liu8ZNjViwrc6N9YjSB7obbxfjcKE,Glory to Ukraine,0slot-de1,4,12,0.3333
4W3jdXyqhLCjzA3Liu8ZNjViwrc6N9YjSB7obbxfjcKE,Glory to Ukraine,astralane-fra,2,12,0.1667
4W3jdXyqhLCjzA3Liu8ZNjViwrc6N9YjSB7obbxfjcKE,Glory to Ukraine,syncro-fra,1,12,0.0833
5MAGJ3zShtXMMVXjZRoFqtFF7XhP8iLSyZrxdL7KpjcB,,astralane-quic-fra,7,12,0.5833
5MAGJ3zShtXMMVXjZRoFqtFF7XhP8iLSyZrxdL7KpjcB,,astralane-fra,2,12,0.1667
5MAGJ3zShtXMMVXjZRoFqtFF7XhP8iLSyZrxdL7KpjcB,,nozomi-fra,2,12,0.1667
5MAGJ3zShtXMMVXjZRoFqtFF7XhP8iLSyZrxdL7KpjcB,,bloxroute-quic-fra,1,12,0.0833
5ikB9XZNVsjwKb6hHT3FS3So1Z1SrDvU5yaniWEQyDEG,,0slot-de1,9,12,0.75
5ikB9XZNVsjwKb6hHT3FS3So1Z1SrDvU5yaniWEQyDEG,,astralane-fra,2,12,0.1667
5ikB9XZNVsjwKb6hHT3FS3So1Z1SrDvU5yaniWEQyDEG,,nozomi-fra,1,12,0.0833
6k5hZkHGa4x3xEU7Wz2LxWwueqZtVvX3fpymGugB14yB,,astralane-fra,2,12,0.1667
6k5hZkHGa4x3xEU7Wz2LxWwueqZtVvX3fpymGugB14yB,,astralane-quic-fra,2,12,0.1667
6k5hZkHGa4x3xEU7Wz2LxWwueqZtVvX3fpymGugB14yB,,bloxroute-fra,2,12,0.1667
6k5hZkHGa4x3xEU7Wz2LxWwueqZtVvX3fpymGugB14yB,,nextblock-quic-fra,2,12,0.1667
6k5hZkHGa4x3xEU7Wz2LxWwueqZtVvX3fpymGugB14yB,,triton-fra,2,12,0.1667
6k5hZkHGa4x3xEU7Wz2LxWwueqZtVvX3fpymGugB14yB,,0slot-de1,1,12,0.0833
7GkMBmtrTZz8QbjSe1sXvAUtz7Pp42SQxfT5ymmJD4We,Phantom Validator,0slot-de1,8,12,0.6667
7GkMBmtrTZz8QbjSe1sXvAUtz7Pp42SQxfT5ymmJD4We,Phantom Validator,triton-fra,3,12,0.25
8W8v28d1fBZE1fkaaHbowJM4hGZGnVHWNK1NyhUsob6Z,Michigan Blockchain,0slot-de1,5,12,0.4167
8W8v28d1fBZE1fkaaHbowJM4hGZGnVHWNK1NyhUsob6Z,Michigan Blockchain,triton-fra,2,12,0.1667
8W8v28d1fBZE1fkaaHbowJM4hGZGnVHWNK1NyhUsob6Z,Michigan Blockchain,allenhark-quic-fra,1,12,0.0833
8W8v28d1fBZE1fkaaHbowJM4hGZGnVHWNK1NyhUsob6Z,Michigan Blockchain,astralane-quic-fra,1,12,0.0833
8a4juhtQScHcXPAcqVF3otxLMqxZMDALcE3FEVGBnKu8,,0slot-de1,7,12,0.5833
8a4juhtQScHcXPAcqVF3otxLMqxZMDALcE3FEVGBnKu8,,allenhark-quic-fra,1,12,0.0833
8a4juhtQScHcXPAcqVF3otxLMqxZMDALcE3FEVGBnKu8,,astralane-fra,1,12,0.0833
8a4juhtQScHcXPAcqVF3otxLMqxZMDALcE3FEVGBnKu8,,nextblock-quic-fra,1,12,0.0833
8hAYbagNt7CMBooFfqVJhBgLqLffpjXTWJMk8yybjJsN,0xNull,astralane-quic-fra,5,12,0.4167
8hAYbagNt7CMBooFfqVJhBgLqLffpjXTWJMk8yybjJsN,0xNull,0slot-de1,1,12,0.0833
8hAYbagNt7CMBooFfqVJhBgLqLffpjXTWJMk8yybjJsN,0xNull,astralane-fra,1,12,0.0833
8hAYbagNt7CMBooFfqVJhBgLqLffpjXTWJMk8yybjJsN,0xNull,triton-fra,1,12,0.0833
8pyp3vfVPRziYdAYEyqkwytdBbdVbQmHqfQAVDcRV3w,Rustiq Technology,triton-fra,7,12,0.5833
8pyp3vfVPRziYdAYEyqkwytdBbdVbQmHqfQAVDcRV3w,Rustiq Technology,0slot-de1,3,12,0.25
8pyp3vfVPRziYdAYEyqkwytdBbdVbQmHqfQAVDcRV3w,Rustiq Technology,bloxroute-quic-fra,1,12,0.0833
8vk6QpG93JSaQCSgnycBsv5qmfQBk4qC9FjNA35E5JhU,Tinydancer,astralane-fra,4,12,0.3333
8vk6QpG93JSaQCSgnycBsv5qmfQBk4qC9FjNA35E5JhU,Tinydancer,astralane-quic-fra,4,12,0.3333
8vk6QpG93JSaQCSgnycBsv5qmfQBk4qC9FjNA35E5JhU,Tinydancer,nozomi-fra,2,12,0.1667
91oPXTs2oq8VvJpQ5TnvXakFGnnJSpEB6HFWDtSctwMt,Stronghold,0slot-de1,8,12,0.6667
91oPXTs2oq8VvJpQ5TnvXakFGnnJSpEB6HFWDtSctwMt,Stronghold,triton-fra,4,12,0.3333
9gFxqsXbFyrKXUkqpAatonn47uYZ7sEZSnMxhzQoXrUJ,LUX8 Validator,0slot-de1,8,12,0.6667
9gFxqsXbFyrKXUkqpAatonn47uYZ7sEZSnMxhzQoXrUJ,LUX8 Validator,triton-fra,4,12,0.3333
9pBHfuE19q7PRbupJf8CZAMwv6RHjasdyMN9U9du7Nx2,H2O Nodes💧,0slot-de1,6,12,0.5
9pBHfuE19q7PRbupJf8CZAMwv6RHjasdyMN9U9du7Nx2,H2O Nodes💧,triton-fra,4,12,0.3333
ANC1u9sY36q3mi2MyVhtz71un8yLgTsFBUuyLcSPzKsk,Anchorage Digital,0slot-de1,5,12,0.4167
ANC1u9sY36q3mi2MyVhtz71un8yLgTsFBUuyLcSPzKsk,Anchorage Digital,astralane-quic-fra,4,12,0.3333
ANC1u9sY36q3mi2MyVhtz71un8yLgTsFBUuyLcSPzKsk,Anchorage Digital,astralane-fra,1,12,0.0833
ArMBx6veRq33ffEP9sxHafiPRgrtzww4XvbwZbSMfXiM,Luke,0slot-de1,8,12,0.6667
ArMBx6veRq33ffEP9sxHafiPRgrtzww4XvbwZbSMfXiM,Luke,astralane-quic-fra,2,12,0.1667
ArMBx6veRq33ffEP9sxHafiPRgrtzww4XvbwZbSMfXiM,Luke,triton-fra,2,12,0.1667
BiGcsiuFCLuiTzXoQgfLdge9sfpwr55YzdT8Kp7bCXmS,,astralane-fra,6,12,0.5
BiGcsiuFCLuiTzXoQgfLdge9sfpwr55YzdT8Kp7bCXmS,,nozomi-fra,3,12,0.25
BiGcsiuFCLuiTzXoQgfLdge9sfpwr55YzdT8Kp7bCXmS,,0slot-de1,1,12,0.0833
BiGcsiuFCLuiTzXoQgfLdge9sfpwr55YzdT8Kp7bCXmS,,astralane-quic-fra,1,12,0.0833
CPcDFHCAKkr5Kp9T5aQWJhXV5J6iFj141NMQ87L6poPL,,0slot-de1,9,12,0.75
CPcDFHCAKkr5Kp9T5aQWJhXV5J6iFj141NMQ87L6poPL,,astralane-quic-fra,1,12,0.0833
CiR8HNCfkjtcongPmP2DRdZPnFgjSbN5gsXdjmsXXHcB,Shiro,0slot-de1,6,12,0.5
CiR8HNCfkjtcongPmP2DRdZPnFgjSbN5gsXdjmsXXHcB,Shiro,triton-fra,3,12,0.25
CiR8HNCfkjtcongPmP2DRdZPnFgjSbN5gsXdjmsXXHcB,Shiro,astralane-quic-fra,2,12,0.1667
CkCMabrc3HgBgDkeKPXkbWuQpUuSqW7zs1Mg3HFArx61,Sygnum Validators,allenhark-quic-fra,3,12,0.25
CkCMabrc3HgBgDkeKPXkbWuQpUuSqW7zs1Mg3HFArx61,Sygnum Validators,triton-fra,3,12,0.25
CkCMabrc3HgBgDkeKPXkbWuQpUuSqW7zs1Mg3HFArx61,Sygnum Validators,nozomi-fra,2,12,0.1667
CkCMabrc3HgBgDkeKPXkbWuQpUuSqW7zs1Mg3HFArx61,Sygnum Validators,astralane-fra,1,12,0.0833
CkCMabrc3HgBgDkeKPXkbWuQpUuSqW7zs1Mg3HFArx61,Sygnum Validators,helius-fra,1,12,0.0833
CkCMabrc3HgBgDkeKPXkbWuQpUuSqW7zs1Mg3HFArx61,Sygnum Validators,nextblock-quic-fra,1,12,0.0833
Cu9Ls6dsTL6cxFHZdStHwVSh1uy2ynXz8qPJMS5FRq86,Stardust Staking - 0% fee forever + MEV 0% fee,triton-fra,7,12,0.5833
Cu9Ls6dsTL6cxFHZdStHwVSh1uy2ynXz8qPJMS5FRq86,Stardust Staking - 0% fee forever + MEV 0% fee,0slot-de1,4,12,0.3333
Cu9Ls6dsTL6cxFHZdStHwVSh1uy2ynXz8qPJMS5FRq86,Stardust Staking - 0% fee forever + MEV 0% fee,astralane-quic-fra,1,12,0.0833
D1Vbgkrhp1TmLGhfUD1urRMx5Ntz9AqQpgdX8DR8QMC1,Next Finance Tech,0slot-de1,3,12,0.25
D1Vbgkrhp1TmLGhfUD1urRMx5Ntz9AqQpgdX8DR8QMC1,Next Finance Tech,triton-fra,2,12,0.1667
D1Vbgkrhp1TmLGhfUD1urRMx5Ntz9AqQpgdX8DR8QMC1,Next Finance Tech,astralane-fra,1,12,0.0833
D1Vbgkrhp1TmLGhfUD1urRMx5Ntz9AqQpgdX8DR8QMC1,Next Finance Tech,blockrazor,1,12,0.0833
D1Vbgkrhp1TmLGhfUD1urRMx5Ntz9AqQpgdX8DR8QMC1,Next Finance Tech,bloxroute-fra,1,12,0.0833
D1Vbgkrhp1TmLGhfUD1urRMx5Ntz9AqQpgdX8DR8QMC1,Next Finance Tech,bloxroute-quic-fra,1,12,0.0833
D1Vbgkrhp1TmLGhfUD1urRMx5Ntz9AqQpgdX8DR8QMC1,Next Finance Tech,helius-dual,1,12,0.0833
D1Vbgkrhp1TmLGhfUD1urRMx5Ntz9AqQpgdX8DR8QMC1,Next Finance Tech,nextblock-quic-fra,1,12,0.0833
DeXsDvvZzKhVux4YfDFE6p4acJLGzr8yKt5pSTjzZB8t,LootGo,triton-fra,7,12,0.5833
DeXsDvvZzKhVux4YfDFE6p4acJLGzr8yKt5pSTjzZB8t,LootGo,0slot-de1,5,12,0.4167
E99w1XfS4UNM1xUKXWEuDmj8Mduy7u65jm2NCULTspSV,Project Super,0slot-de1,4,12,0.3333
E99w1XfS4UNM1xUKXWEuDmj8Mduy7u65jm2NCULTspSV,Project Super,allenhark-quic-fra,2,12,0.1667
E99w1XfS4UNM1xUKXWEuDmj8Mduy7u65jm2NCULTspSV,Project Super,astralane-quic-fra,2,12,0.1667
E99w1XfS4UNM1xUKXWEuDmj8Mduy7u65jm2NCULTspSV,Project Super,astralane-fra,1,12,0.0833
E99w1XfS4UNM1xUKXWEuDmj8Mduy7u65jm2NCULTspSV,Project Super,bloxroute-fra,1,12,0.0833
E99w1XfS4UNM1xUKXWEuDmj8Mduy7u65jm2NCULTspSV,Project Super,syncro-fra,1,12,0.0833
E99w1XfS4UNM1xUKXWEuDmj8Mduy7u65jm2NCULTspSV,Project Super,triton-fra,1,12,0.0833
EPFZFVrXuveEQar9LaEkt5kDRPMnbvK54qu5FwCxpkcy,AiSol,helius-dual,3,12,0.25
EPFZFVrXuveEQar9LaEkt5kDRPMnbvK54qu5FwCxpkcy,AiSol,bloxroute-quic-fra,2,12,0.1667
EPFZFVrXuveEQar9LaEkt5kDRPMnbvK54qu5FwCxpkcy,AiSol,triton-fra,2,12,0.1667
EPFZFVrXuveEQar9LaEkt5kDRPMnbvK54qu5FwCxpkcy,AiSol,0slot-de1,1,12,0.0833
EPFZFVrXuveEQar9LaEkt5kDRPMnbvK54qu5FwCxpkcy,AiSol,blockrazor,1,12,0.0833
EPFZFVrXuveEQar9LaEkt5kDRPMnbvK54qu5FwCxpkcy,AiSol,bloxroute-fra,1,12,0.0833
EdGevanA2MZsDpxDXK6b36FH7RCcTuDZZRcc6MEyE9hy,Edgevana,triton-fra,6,12,0.5
EdGevanA2MZsDpxDXK6b36FH7RCcTuDZZRcc6MEyE9hy,Edgevana,0slot-de1,4,12,0.3333
EdGevanA2MZsDpxDXK6b36FH7RCcTuDZZRcc6MEyE9hy,Edgevana,astralane-quic-fra,1,12,0.0833
FGiEdzde7Fco2WLpNQMat299hUVoykJdaA5hxdmCzHiS,Vnode,0slot-de1,3,12,0.25
FGiEdzde7Fco2WLpNQMat299hUVoykJdaA5hxdmCzHiS,Vnode,astralane-fra,2,12,0.1667
FGiEdzde7Fco2WLpNQMat299hUVoykJdaA5hxdmCzHiS,Vnode,bloxroute-quic-fra,2,12,0.1667
FGiEdzde7Fco2WLpNQMat299hUVoykJdaA5hxdmCzHiS,Vnode,nozomi-fra,2,12,0.1667
FGiEdzde7Fco2WLpNQMat299hUVoykJdaA5hxdmCzHiS,Vnode,astralane-quic-fra,1,12,0.0833
FdH9QEQBxPQfaF2JpcjgdfcMnDb7rjZkCDRCWLRjTQwj,Solana Ukraine 🇺🇦,0slot-de1,7,12,0.5833
FdH9QEQBxPQfaF2JpcjgdfcMnDb7rjZkCDRCWLRjTQwj,Solana Ukraine 🇺🇦,triton-fra,3,12,0.25
FdH9QEQBxPQfaF2JpcjgdfcMnDb7rjZkCDRCWLRjTQwj,Solana Ukraine 🇺🇦,astralane-fra,1,12,0.0833
FugJZepeGfh1Ruunhep19JC4F3Hr2FL3oKUMezoK8ajp,Temporal Topaz,astralane-fra,5,12,0.4167
FugJZepeGfh1Ruunhep19JC4F3Hr2FL3oKUMezoK8ajp,Temporal Topaz,nozomi-fra,3,12,0.25
FugJZepeGfh1Ruunhep19JC4F3Hr2FL3oKUMezoK8ajp,Temporal Topaz,0slot-de1,2,12,0.1667
FugJZepeGfh1Ruunhep19JC4F3Hr2FL3oKUMezoK8ajp,Temporal Topaz,astralane-quic-fra,1,12,0.0833
FwnWx7x99rGwLmipzz8ii15NqcHkKRo2oS1Y7j6LivgZ,Prompt Logic,0slot-de1,5,12,0.4167
FwnWx7x99rGwLmipzz8ii15NqcHkKRo2oS1Y7j6LivgZ,Prompt Logic,astralane-quic-fra,1,12,0.0833
FwnWx7x99rGwLmipzz8ii15NqcHkKRo2oS1Y7j6LivgZ,Prompt Logic,bloxroute-fra,1,12,0.0833
FwnWx7x99rGwLmipzz8ii15NqcHkKRo2oS1Y7j6LivgZ,Prompt Logic,bloxroute-quic-fra,1,12,0.0833
FwnWx7x99rGwLmipzz8ii15NqcHkKRo2oS1Y7j6LivgZ,Prompt Logic,helius-dual,1,12,0.0833
FwnWx7x99rGwLmipzz8ii15NqcHkKRo2oS1Y7j6LivgZ,Prompt Logic,helius-fra,1,12,0.0833
GwHH8ciFhR8vejWCqmg8FWZUCNtubPY2esALvy5tBvji,ART3MIS.CLOUD ☘️,0slot-de1,6,12,0.5
GwHH8ciFhR8vejWCqmg8FWZUCNtubPY2esALvy5tBvji,ART3MIS.CLOUD ☘️,triton-fra,3,12,0.25
HLXxkmjb47spcmbbKi3UCfZ2qmFY29t8MN562AEmh2Qh,🧬 HelixNode 0% fee 🧬,0slot-de1,8,12,0.6667
HLXxkmjb47spcmbbKi3UCfZ2qmFY29t8MN562AEmh2Qh,🧬 HelixNode 0% fee 🧬,astralane-fra,2,12,0.1667
HLXxkmjb47spcmbbKi3UCfZ2qmFY29t8MN562AEmh2Qh,🧬 HelixNode 0% fee 🧬,astralane-quic-fra,1,12,0.0833
HLXxkmjb47spcmbbKi3UCfZ2qmFY29t8MN562AEmh2Qh,🧬 HelixNode 0% fee 🧬,helius-fra,1,12,0.0833
MARiKM3t7pDCyXtvLq24ErWDAvYu84yXqCthkR1GS33,🧑‍🍳USDG rewards (6.36% APY),astralane-fra,6,12,0.5
MARiKM3t7pDCyXtvLq24ErWDAvYu84yXqCthkR1GS33,🧑‍🍳USDG rewards (6.36% APY),0slot-de1,2,12,0.1667
MARiKM3t7pDCyXtvLq24ErWDAvYu84yXqCthkR1GS33,🧑‍🍳USDG rewards (6.36% APY),triton-fra,2,12,0.1667
MARiKM3t7pDCyXtvLq24ErWDAvYu84yXqCthkR1GS33,🧑‍🍳USDG rewards (6.36% APY),nextblock-quic-fra,1,12,0.0833
MagiCBYNPD9iTBXqiFybAFCREQzG6MSM4LmFLXQZxuV,Magic Eden Validator,0slot-de1,7,12,0.5833
MagiCBYNPD9iTBXqiFybAFCREQzG6MSM4LmFLXQZxuV,Magic Eden Validator,triton-fra,4,12,0.3333
MagiCBYNPD9iTBXqiFybAFCREQzG6MSM4LmFLXQZxuV,Magic Eden Validator,helius-dual,1,12,0.0833
NdMV1C3XMCRqSBwBtNmoUNnKctYh95Ug4xb6FSTcAWr,Neodyme,astralane-fra,2,12,0.1667
NdMV1C3XMCRqSBwBtNmoUNnKctYh95Ug4xb6FSTcAWr,Neodyme,bloxroute-quic-fra,2,12,0.1667
NdMV1C3XMCRqSBwBtNmoUNnKctYh95Ug4xb6FSTcAWr,Neodyme,helius-dual,2,12,0.1667
NdMV1C3XMCRqSBwBtNmoUNnKctYh95Ug4xb6FSTcAWr,Neodyme,0slot-de1,1,12,0.0833
NdMV1C3XMCRqSBwBtNmoUNnKctYh95Ug4xb6FSTcAWr,Neodyme,astralane-quic-fra,1,12,0.0833
NdMV1C3XMCRqSBwBtNmoUNnKctYh95Ug4xb6FSTcAWr,Neodyme,blockrazor,1,12,0.0833
NdMV1C3XMCRqSBwBtNmoUNnKctYh95Ug4xb6FSTcAWr,Neodyme,bloxroute-fra,1,12,0.0833
NdMV1C3XMCRqSBwBtNmoUNnKctYh95Ug4xb6FSTcAWr,Neodyme,nextblock-quic-fra,1,12,0.0833
NdMV1C3XMCRqSBwBtNmoUNnKctYh95Ug4xb6FSTcAWr,Neodyme,triton-fra,1,12,0.0833
R2D2imoV8nXk1ngT9v4dEK65We4uLNyUarTBdWbFruq,🤖 RoboRun.xyz,nextblock-quic-fra,3,12,0.25
R2D2imoV8nXk1ngT9v4dEK65We4uLNyUarTBdWbFruq,🤖 RoboRun.xyz,blockrazor,2,12,0.1667
R2D2imoV8nXk1ngT9v4dEK65We4uLNyUarTBdWbFruq,🤖 RoboRun.xyz,bloxroute-fra,1,12,0.0833
R2D2imoV8nXk1ngT9v4dEK65We4uLNyUarTBdWbFruq,🤖 RoboRun.xyz,helius-dual,1,12,0.0833
R2D2imoV8nXk1ngT9v4dEK65We4uLNyUarTBdWbFruq,🤖 RoboRun.xyz,nozomi-fra,1,12,0.0833
R2D2imoV8nXk1ngT9v4dEK65We4uLNyUarTBdWbFruq,🤖 RoboRun.xyz,triton-fra,1,12,0.0833
SLNDCSGTEsA6KHpgR32MBt9UAurZnVSJGUtW2tRpdU2,Solend,0slot-de1,6,12,0.5
SLNDCSGTEsA6KHpgR32MBt9UAurZnVSJGUtW2tRpdU2,Solend,triton-fra,5,12,0.4167
SLNDCSGTEsA6KHpgR32MBt9UAurZnVSJGUtW2tRpdU2,Solend,astralane-quic-fra,1,12,0.0833
SSmBEooM7RkmyuXxuKgAhTvhQZ36Z3G2WsmLGJKoQLY,SOL Strategies,triton-fra,3,12,0.25
SSmBEooM7RkmyuXxuKgAhTvhQZ36Z3G2WsmLGJKoQLY,SOL Strategies,astralane-fra,2,12,0.1667
SSmBEooM7RkmyuXxuKgAhTvhQZ36Z3G2WsmLGJKoQLY,SOL Strategies,0slot-de1,1,12,0.0833
SSmBEooM7RkmyuXxuKgAhTvhQZ36Z3G2WsmLGJKoQLY,SOL Strategies,allenhark-quic-fra,1,12,0.0833
SWiz7QwnYPm61pWWUUkMhj4r5pZLP1SvYibdHcB2cov,BOOP Wizard,triton-fra,7,12,0.5833
SWiz7QwnYPm61pWWUUkMhj4r5pZLP1SvYibdHcB2cov,BOOP Wizard,0slot-de1,5,12,0.4167
Stakex4B2tpDHPWGvV1dninfiaYCGdakgTknpzPitLh,Stake.org,0slot-de1,7,12,0.5833
Stakex4B2tpDHPWGvV1dninfiaYCGdakgTknpzPitLh,Stake.org,nextblock-quic-fra,1,12,0.0833
Stakex4B2tpDHPWGvV1dninfiaYCGdakgTknpzPitLh,Stake.org,triton-fra,1,12,0.0833
bxrAptB5ZpZBhoLedJpoGWY5hBjjt3zvVBr2323Rrq6,bloXroute EU,triton-fra,7,12,0.5833
bxrAptB5ZpZBhoLedJpoGWY5hBjjt3zvVBr2323Rrq6,bloXroute EU,0slot-de1,5,12,0.4167
hykfH9jUQqe2yqv3VqVAK5AmMYqrmMWmdwDcbfsm6My,Hayek,triton-fra,3,12,0.25
hykfH9jUQqe2yqv3VqVAK5AmMYqrmMWmdwDcbfsm6My,Hayek,bloxroute-quic-fra,2,12,0.1667
hykfH9jUQqe2yqv3VqVAK5AmMYqrmMWmdwDcbfsm6My,Hayek,0slot-de1,1,12,0.0833
hykfH9jUQqe2yqv3VqVAK5AmMYqrmMWmdwDcbfsm6My,Hayek,bloxroute-fra,1,12,0.0833
hykfH9jUQqe2yqv3VqVAK5AmMYqrmMWmdwDcbfsm6My,Hayek,helius-dual,1,12,0.0833
hykfH9jUQqe2yqv3VqVAK5AmMYqrmMWmdwDcbfsm6My,Hayek,helius-fra,1,12,0.0833
hykfH9jUQqe2yqv3VqVAK5AmMYqrmMWmdwDcbfsm6My,Hayek,nozomi-fra,1,12,0.0833
idCE5k2BtTpwXdwAC7Var1enT9reut9fWECcxQP7LY7,🔥💃🇸🇬 CeriumXYZ,astralane-quic-fra,5,12,0.4167
idCE5k2BtTpwXdwAC7Var1enT9reut9fWECcxQP7LY7,🔥💃🇸🇬 CeriumXYZ,astralane-fra,2,12,0.1667
idCE5k2BtTpwXdwAC7Var1enT9reut9fWECcxQP7LY7,🔥💃🇸🇬 CeriumXYZ,triton-fra,2,12,0.1667
idCE5k2BtTpwXdwAC7Var1enT9reut9fWECcxQP7LY7,🔥💃🇸🇬 CeriumXYZ,0slot-de1,1,12,0.0833
idCE5k2BtTpwXdwAC7Var1enT9reut9fWECcxQP7LY7,🔥💃🇸🇬 CeriumXYZ,allenhark-quic-fra,1,12,0.0833
idCE5k2BtTpwXdwAC7Var1enT9reut9fWECcxQP7LY7,🔥💃🇸🇬 CeriumXYZ,nozomi-fra,1,12,0.0833
jagBNeXYncnn1hzwSq1JJ16XhWTgQ7DCFVqndSJZ6vT,Jaguar,0slot-de1,10,12,0.8333
jagBNeXYncnn1hzwSq1JJ16XhWTgQ7DCFVqndSJZ6vT,Jaguar,astralane-quic-fra,1,12,0.0833
jagBNeXYncnn1hzwSq1JJ16XhWTgQ7DCFVqndSJZ6vT,Jaguar,helius-dual,1,12,0.0833
mds4GEuiSgQRqveGyktWpETBFCb4AS2wDnhqwLHcT6Z,,helius-fra,4,12,0.3333
mds4GEuiSgQRqveGyktWpETBFCb4AS2wDnhqwLHcT6Z,,0slot-de1,2,12,0.1667
mds4GEuiSgQRqveGyktWpETBFCb4AS2wDnhqwLHcT6Z,,blockrazor,2,12,0.1667
mds4GEuiSgQRqveGyktWpETBFCb4AS2wDnhqwLHcT6Z,,bloxroute-fra,1,12,0.0833
mds4GEuiSgQRqveGyktWpETBFCb4AS2wDnhqwLHcT6Z,,bloxroute-quic-fra,1,12,0.0833
mds4GEuiSgQRqveGyktWpETBFCb4AS2wDnhqwLHcT6Z,,helius-dual,1,12,0.0833
mds4GEuiSgQRqveGyktWpETBFCb4AS2wDnhqwLHcT6Z,,nozomi-fra,1,12,0.0833
nodeEgRVkbYLAQePtMx2zCN7CGw7qRgzKMCBtjMfN1D,Node Integration,0slot-de1,6,12,0.5
nodeEgRVkbYLAQePtMx2zCN7CGw7qRgzKMCBtjMfN1D,Node Integration,triton-fra,5,12,0.4167
nodeEgRVkbYLAQePtMx2zCN7CGw7qRgzKMCBtjMfN1D,Node Integration,nozomi-fra,1,12,0.0833
nymsHergYedT9CJMgtGMvqXUTGcbs5o3MiWTJUbqTGY,Hypo Nyms,astralane-fra,5,12,0.4167
nymsHergYedT9CJMgtGMvqXUTGcbs5o3MiWTJUbqTGY,Hypo Nyms,astralane-quic-fra,5,12,0.4167
prt1st4RSxAt32ams4zsXCe1kavzmKeoR7eh1sdYRXW,Portals,0slot-de1,8,12,0.6667
prt1st4RSxAt32ams4zsXCe1kavzmKeoR7eh1sdYRXW,Portals,triton-fra,3,12,0.25
qZMH9GWnnBkx7aM1h98iKSv2Lz5N78nwNSocAxDQrbP,Spectrum Staking,0slot-de1,5,12,0.4167
qZMH9GWnnBkx7aM1h98iKSv2Lz5N78nwNSocAxDQrbP,Spectrum Staking,triton-fra,5,12,0.4167
qZMH9GWnnBkx7aM1h98iKSv2Lz5N78nwNSocAxDQrbP,Spectrum Staking,astralane-fra,1,12,0.0833
qZMH9GWnnBkx7aM1h98iKSv2Lz5N78nwNSocAxDQrbP,Spectrum Staking,bloxroute-fra,1,12,0.0833
sCANXAaS1a7yB8jz3USvGNLfd8DSc9r7TNzNSKKPkfY,Range,astralane-fra,6,12,0.5
sCANXAaS1a7yB8jz3USvGNLfd8DSc9r7TNzNSKKPkfY,Range,astralane-quic-fra,3,12,0.25
sCANXAaS1a7yB8jz3USvGNLfd8DSc9r7TNzNSKKPkfY,Range,0slot-de1,1,12,0.0833
sTEAKPk59EtPPbixCweyv6oRLNCDEE8pnnef6gUfbiW,STEAK.NET 🥩,astralane-fra,4,12,0.3333
sTEAKPk59EtPPbixCweyv6oRLNCDEE8pnnef6gUfbiW,STEAK.NET 🥩,triton-fra,4,12,0.3333
sTEAKPk59EtPPbixCweyv6oRLNCDEE8pnnef6gUfbiW,STEAK.NET 🥩,0slot-de1,1,12,0.0833
sTEAKPk59EtPPbixCweyv6oRLNCDEE8pnnef6gUfbiW,STEAK.NET 🥩,astralane-quic-fra,1,12,0.0833
sTEAKPk59EtPPbixCweyv6oRLNCDEE8pnnef6gUfbiW,STEAK.NET 🥩,nextblock-quic-fra,1,12,0.0833
soLStaCk5TiGCpeLKa9Fvv6f5JQGMa6S3uhLh826e9N,SolStack by Corvus Labs,0slot-de1,4,12,0.3333
soLStaCk5TiGCpeLKa9Fvv6f5JQGMa6S3uhLh826e9N,SolStack by Corvus Labs,nextblock-quic-fra,2,12,0.1667
soLStaCk5TiGCpeLKa9Fvv6f5JQGMa6S3uhLh826e9N,SolStack by Corvus Labs,nozomi-fra,2,12,0.1667
soLStaCk5TiGCpeLKa9Fvv6f5JQGMa6S3uhLh826e9N,SolStack by Corvus Labs,astralane-fra,1,12,0.0833
soLStaCk5TiGCpeLKa9Fvv6f5JQGMa6S3uhLh826e9N,SolStack by Corvus Labs,triton-fra,1,12,0.0833
yJeahQNRHNWtL9Z1SqPX3SBwTYXr5ECMYYVK4uYVwxt,Dosirak 🇰🇷,nextblock-quic-fra,5,12,0.4167
yJeahQNRHNWtL9Z1SqPX3SBwTYXr5ECMYYVK4uYVwxt,Dosirak 🇰🇷,triton-fra,3,12,0.25
yJeahQNRHNWtL9Z1SqPX3SBwTYXr5ECMYYVK4uYVwxt,Dosirak 🇰🇷,nozomi-fra,2,12,0.1667
yJeahQNRHNWtL9Z1SqPX3SBwTYXr5ECMYYVK4uYVwxt,Dosirak 🇰🇷,0slot-de1,1,12,0.0833
AurseT3W3tk1dATBWAXtWR6oubBgECqintfcvP74teU3,Aursen,0slot-de1,5,11,0.4545
AurseT3W3tk1dATBWAXtWR6oubBgECqintfcvP74teU3,Aursen,nozomi-fra,3,11,0.2727
AurseT3W3tk1dATBWAXtWR6oubBgECqintfcvP74teU3,Aursen,allenhark-quic-ams,1,11,0.0909
AurseT3W3tk1dATBWAXtWR6oubBgECqintfcvP74teU3,Aursen,helius-fra,1,11,0.0909
AurseT3W3tk1dATBWAXtWR6oubBgECqintfcvP74teU3,Aursen,triton-fra,1,11,0.0909
Frog1Fks1AVN8ywFH3HTFeYojq6LQqoEPzgQFx2Kz5Ch,Leapfrog Systems 💎 No Fees,0slot-de1,7,11,0.6364
Frog1Fks1AVN8ywFH3HTFeYojq6LQqoEPzgQFx2Kz5Ch,Leapfrog Systems 💎 No Fees,triton-fra,4,11,0.3636
PRGNnb8DxVcP2WjSHfVRGgc8SkA5u6dbMwoTVV1BGKN,Paragon,astralane-fra,3,11,0.2727
PRGNnb8DxVcP2WjSHfVRGgc8SkA5u6dbMwoTVV1BGKN,Paragon,helius-fra,2,11,0.1818
PRGNnb8DxVcP2WjSHfVRGgc8SkA5u6dbMwoTVV1BGKN,Paragon,astralane-quic-fra,1,11,0.0909
PRGNnb8DxVcP2WjSHfVRGgc8SkA5u6dbMwoTVV1BGKN,Paragon,helius-dual,1,11,0.0909
PRGNnb8DxVcP2WjSHfVRGgc8SkA5u6dbMwoTVV1BGKN,Paragon,nozomi-fra,1,11,0.0909
PRGNnb8DxVcP2WjSHfVRGgc8SkA5u6dbMwoTVV1BGKN,Paragon,triton-fra,1,11,0.0909
FyLVPAKkgdAy8Gn9jnFYN5yjC1ubQWRkw2EHt2UnC8uA,Solary | 0% +MEV,triton-fra,5,10,0.5
FyLVPAKkgdAy8Gn9jnFYN5yjC1ubQWRkw2EHt2UnC8uA,Solary | 0% +MEV,0slot-de1,3,10,0.3
11AMA4mnNbsrPQeuoNN7uiZVJZtqEzQHrTfa5vnbcjk,11ama Validator,nextblock-quic-fra,3,8,0.375
11AMA4mnNbsrPQeuoNN7uiZVJZtqEzQHrTfa5vnbcjk,11ama Validator,0slot-de1,2,8,0.25
11AMA4mnNbsrPQeuoNN7uiZVJZtqEzQHrTfa5vnbcjk,11ama Validator,astralane-fra,1,8,0.125
11AMA4mnNbsrPQeuoNN7uiZVJZtqEzQHrTfa5vnbcjk,11ama Validator,astralane-quic-fra,1,8,0.125
1Link6hB1NpkCwJt3ZtpQKZszKauhEcKgiWjaU8PRDG,OneLink Solutions,0slot-de1,3,8,0.375
1Link6hB1NpkCwJt3ZtpQKZszKauhEcKgiWjaU8PRDG,OneLink Solutions,triton-fra,3,8,0.375
1i1yPyh843bTfi5qPgqozTbDcEX65rUNEFcUT2KAs2i,Lilith,bloxroute-quic-fra,2,8,0.25
1i1yPyh843bTfi5qPgqozTbDcEX65rUNEFcUT2KAs2i,Lilith,triton-fra,2,8,0.25
1i1yPyh843bTfi5qPgqozTbDcEX65rUNEFcUT2KAs2i,Lilith,bloxroute-fra,1,8,0.125
1i1yPyh843bTfi5qPgqozTbDcEX65rUNEFcUT2KAs2i,Lilith,nozomi-fra,1,8,0.125
2Eq6YD8P8QXTeoz9h6JHjgZ55t8RSxNdx4waMDCoPmQU,EvasMainnet,triton-fra,4,8,0.5
2Eq6YD8P8QXTeoz9h6JHjgZ55t8RSxNdx4waMDCoPmQU,EvasMainnet,0slot-de1,1,8,0.125
2Eq6YD8P8QXTeoz9h6JHjgZ55t8RSxNdx4waMDCoPmQU,EvasMainnet,astralane-fra,1,8,0.125
2Eq6YD8P8QXTeoz9h6JHjgZ55t8RSxNdx4waMDCoPmQU,EvasMainnet,astralane-quic-fra,1,8,0.125
2Eq6YD8P8QXTeoz9h6JHjgZ55t8RSxNdx4waMDCoPmQU,EvasMainnet,syncro-fra,1,8,0.125
2N7v8pDKDYhtBUJBQUgxvysUjgM9s4ULPCmeEiPWTf6Z,HAKUHODO KEY3,0slot-de1,4,8,0.5
2N7v8pDKDYhtBUJBQUgxvysUjgM9s4ULPCmeEiPWTf6Z,HAKUHODO KEY3,triton-fra,2,8,0.25
2N7v8pDKDYhtBUJBQUgxvysUjgM9s4ULPCmeEiPWTf6Z,HAKUHODO KEY3,helius-dual,1,8,0.125
2UBhtRuyr9nvWsUnrbWrvJiYWEU8TVBD4PLYQJKiRa9H,Luna Labs,0slot-de1,6,8,0.75
2UBhtRuyr9nvWsUnrbWrvJiYWEU8TVBD4PLYQJKiRa9H,Luna Labs,astralane-fra,1,8,0.125
2UBhtRuyr9nvWsUnrbWrvJiYWEU8TVBD4PLYQJKiRa9H,Luna Labs,triton-fra,1,8,0.125
2X7WoaXX9KPqNrNfvguhnwo3rjFPNsfw2t75fGjWRthz,Stakely | 0% fee,triton-fra,3,8,0.375
2X7WoaXX9KPqNrNfvguhnwo3rjFPNsfw2t75fGjWRthz,Stakely | 0% fee,astralane-fra,2,8,0.25
2X7WoaXX9KPqNrNfvguhnwo3rjFPNsfw2t75fGjWRthz,Stakely | 0% fee,0slot-de1,1,8,0.125
2X7WoaXX9KPqNrNfvguhnwo3rjFPNsfw2t75fGjWRthz,Stakely | 0% fee,bloxroute-fra,1,8,0.125
2mDrrmhSzpSyaF12izGk8hnFjtKCGeCFPwQHpRiJDby2,S4Mar,0slot-de1,7,8,0.875
2mDrrmhSzpSyaF12izGk8hnFjtKCGeCFPwQHpRiJDby2,S4Mar,nextblock-quic-fra,1,8,0.125
3B2mGaZoFwzAnWCoZ4EAKdps4FbYbDKQ48jo8u1XWynU,Low Fee Validation TOP API 🔥,0slot-de1,5,8,0.625
3B2mGaZoFwzAnWCoZ4EAKdps4FbYbDKQ48jo8u1XWynU,Low Fee Validation TOP API 🔥,triton-fra,2,8,0.25
3B2mGaZoFwzAnWCoZ4EAKdps4FbYbDKQ48jo8u1XWynU,Low Fee Validation TOP API 🔥,astralane-quic-fra,1,8,0.125
3DaPk6TdeGnEBwTR8fEyZSLkdayk6vZXrqGZhAgYK8BV,Stand With Ukraine,triton-fra,3,8,0.375
3DaPk6TdeGnEBwTR8fEyZSLkdayk6vZXrqGZhAgYK8BV,Stand With Ukraine,0slot-de1,1,8,0.125
3DaPk6TdeGnEBwTR8fEyZSLkdayk6vZXrqGZhAgYK8BV,Stand With Ukraine,astralane-quic-fra,1,8,0.125
3DaPk6TdeGnEBwTR8fEyZSLkdayk6vZXrqGZhAgYK8BV,Stand With Ukraine,bloxroute-fra,1,8,0.125
3Pfubj3ytkRxFAGwFb5vtacuZJUxko5Du39xie9MBXuC,[NODERS],0slot-de1,2,8,0.25
3Pfubj3ytkRxFAGwFb5vtacuZJUxko5Du39xie9MBXuC,[NODERS],astralane-quic-fra,1,8,0.125
3Pfubj3ytkRxFAGwFb5vtacuZJUxko5Du39xie9MBXuC,[NODERS],helius-fra,1,8,0.125
3Pfubj3ytkRxFAGwFb5vtacuZJUxko5Du39xie9MBXuC,[NODERS],nextblock-quic-fra,1,8,0.125
3Pfubj3ytkRxFAGwFb5vtacuZJUxko5Du39xie9MBXuC,[NODERS],nozomi-fra,1,8,0.125
3Pfubj3ytkRxFAGwFb5vtacuZJUxko5Du39xie9MBXuC,[NODERS],triton-fra,1,8,0.125
3Rv6ZVGUuRczP76322LyhTTYw2iM4avV4B5xFJocQJer,Gaxx Validator,triton-fra,3,8,0.375
3Rv6ZVGUuRczP76322LyhTTYw2iM4avV4B5xFJocQJer,Gaxx Validator,0slot-de1,2,8,0.25
3V2xaccDpFib4DbTksdiveNDmiwpXBqSWyjSof3w1Bg7,Aurora Validator,triton-fra,4,8,0.5
3V2xaccDpFib4DbTksdiveNDmiwpXBqSWyjSof3w1Bg7,Aurora Validator,0slot-de1,2,8,0.25
3V2xaccDpFib4DbTksdiveNDmiwpXBqSWyjSof3w1Bg7,Aurora Validator,astralane-quic-fra,2,8,0.25
3tm92VTxwyZ5MDhGoYR4tVTkwWYkzfam6hwBjauUACCk,kuma🐻validator kumaSOL LST🚀🚀,triton-fra,4,8,0.5
3tm92VTxwyZ5MDhGoYR4tVTkwWYkzfam6hwBjauUACCk,kuma🐻validator kumaSOL LST🚀🚀,0slot-de1,1,8,0.125
3tm92VTxwyZ5MDhGoYR4tVTkwWYkzfam6hwBjauUACCk,kuma🐻validator kumaSOL LST🚀🚀,astralane-fra,1,8,0.125
3tm92VTxwyZ5MDhGoYR4tVTkwWYkzfam6hwBjauUACCk,kuma🐻validator kumaSOL LST🚀🚀,bloxroute-quic-fra,1,8,0.125
3tm92VTxwyZ5MDhGoYR4tVTkwWYkzfam6hwBjauUACCk,kuma🐻validator kumaSOL LST🚀🚀,helius-dual,1,8,0.125
4GEEKSwuiBHWTff9WaqrDcToZjbX6KYdyB4c578Zxse2,Sol4Geeks,triton-fra,2,8,0.25
4GEEKSwuiBHWTff9WaqrDcToZjbX6KYdyB4c578Zxse2,Sol4Geeks,0slot-de1,1,8,0.125
4GEEKSwuiBHWTff9WaqrDcToZjbX6KYdyB4c578Zxse2,Sol4Geeks,astralane-quic-fra,1,8,0.125
4GEEKSwuiBHWTff9WaqrDcToZjbX6KYdyB4c578Zxse2,Sol4Geeks,bloxroute-fra,1,8,0.125
4GEEKSwuiBHWTff9WaqrDcToZjbX6KYdyB4c578Zxse2,Sol4Geeks,nozomi-fra,1,8,0.125
4XspXDcJy3DWZsVdaXrt8pE1xhcLpXDKkhj9XyjmWWNy,"Ubik Capital - 0% Fee, MEV",0slot-de1,5,8,0.625
4XspXDcJy3DWZsVdaXrt8pE1xhcLpXDKkhj9XyjmWWNy,"Ubik Capital - 0% Fee, MEV",triton-fra,2,8,0.25
4XspXDcJy3DWZsVdaXrt8pE1xhcLpXDKkhj9XyjmWWNy,"Ubik Capital - 0% Fee, MEV",astralane-fra,1,8,0.125
5FbKKGdEaFcxGxxaLKVvBes2JxiKbreh8w2ZpMcSQ2a5,Table Rock Jungle Lodge,nextblock-quic-fra,4,8,0.5
5FbKKGdEaFcxGxxaLKVvBes2JxiKbreh8w2ZpMcSQ2a5,Table Rock Jungle Lodge,astralane-quic-fra,1,8,0.125
5FbKKGdEaFcxGxxaLKVvBes2JxiKbreh8w2ZpMcSQ2a5,Table Rock Jungle Lodge,bloxroute-quic-fra,1,8,0.125
5FbKKGdEaFcxGxxaLKVvBes2JxiKbreh8w2ZpMcSQ2a5,Table Rock Jungle Lodge,nozomi-fra,1,8,0.125
5FbKKGdEaFcxGxxaLKVvBes2JxiKbreh8w2ZpMcSQ2a5,Table Rock Jungle Lodge,triton-fra,1,8,0.125
5HYjArGt81naevDdwMaEx8yeGNw9jYBSDJa8YavT9Mp4,Sol Hack3rs,0slot-de1,5,8,0.625
5HYjArGt81naevDdwMaEx8yeGNw9jYBSDJa8YavT9Mp4,Sol Hack3rs,helius-dual,1,8,0.125
5XKJwdKB2Hs7pkEXzifAysjSk6q7Rt6k5KfHwmAMPtoQ,Moonlet,helius-fra,2,8,0.25
5XKJwdKB2Hs7pkEXzifAysjSk6q7Rt6k5KfHwmAMPtoQ,Moonlet,astralane-fra,1,8,0.125
5XKJwdKB2Hs7pkEXzifAysjSk6q7Rt6k5KfHwmAMPtoQ,Moonlet,blockrazor,1,8,0.125
5XKJwdKB2Hs7pkEXzifAysjSk6q7Rt6k5KfHwmAMPtoQ,Moonlet,bloxroute-quic-fra,1,8,0.125
5XKJwdKB2Hs7pkEXzifAysjSk6q7Rt6k5KfHwmAMPtoQ,Moonlet,nozomi-fra,1,8,0.125
5XKJwdKB2Hs7pkEXzifAysjSk6q7Rt6k5KfHwmAMPtoQ,Moonlet,triton-fra,1,8,0.125
5aD6KB8g4MPt3xJafmMmun86hHMDnoFiGbd5gYiMFZw7,Daiko,triton-fra,5,8,0.625
5aD6KB8g4MPt3xJafmMmun86hHMDnoFiGbd5gYiMFZw7,Daiko,0slot-de1,1,8,0.125
5aD6KB8g4MPt3xJafmMmun86hHMDnoFiGbd5gYiMFZw7,Daiko,allenhark-quic-fra,1,8,0.125
5aD6KB8g4MPt3xJafmMmun86hHMDnoFiGbd5gYiMFZw7,Daiko,astralane-fra,1,8,0.125
5fSQdv4zsAJNx6RKpGho6sL6rY6a8nziaqcmwaRJB9NE,Blossom,0slot-de1,7,8,0.875
5fSQdv4zsAJNx6RKpGho6sL6rY6a8nziaqcmwaRJB9NE,Blossom,triton-fra,1,8,0.125
5marvipGzf98hxnoJFXsZbGHSXcEQ3yRGJ4ps7D3V4ou,MARVEL+MEV!,helius-fra,3,8,0.375
5marvipGzf98hxnoJFXsZbGHSXcEQ3yRGJ4ps7D3V4ou,MARVEL+MEV!,blockrazor,2,8,0.25
5marvipGzf98hxnoJFXsZbGHSXcEQ3yRGJ4ps7D3V4ou,MARVEL+MEV!,0slot-de1,1,8,0.125
5marvipGzf98hxnoJFXsZbGHSXcEQ3yRGJ4ps7D3V4ou,MARVEL+MEV!,nozomi-fra,1,8,0.125
5marvipGzf98hxnoJFXsZbGHSXcEQ3yRGJ4ps7D3V4ou,MARVEL+MEV!,triton-fra,1,8,0.125
5pZvwjSpGYCxpJeySwSbSAji7kZe4YntL7rQvXM3YcNT,Solstice,nextblock-quic-fra,4,8,0.5
5pZvwjSpGYCxpJeySwSbSAji7kZe4YntL7rQvXM3YcNT,Solstice,astralane-quic-fra,2,8,0.25
5pZvwjSpGYCxpJeySwSbSAji7kZe4YntL7rQvXM3YcNT,Solstice,blockrazor,1,8,0.125
5pZvwjSpGYCxpJeySwSbSAji7kZe4YntL7rQvXM3YcNT,Solstice,triton-fra,1,8,0.125
5tfcGyf3NQFcufDigvbRt9kWoVN2KPEkBRUY3UaC3Zwm,,0slot-de1,5,8,0.625
5tfcGyf3NQFcufDigvbRt9kWoVN2KPEkBRUY3UaC3Zwm,,astralane-fra,1,8,0.125
5tfcGyf3NQFcufDigvbRt9kWoVN2KPEkBRUY3UaC3Zwm,,helius-fra,1,8,0.125
5tfcGyf3NQFcufDigvbRt9kWoVN2KPEkBRUY3UaC3Zwm,,triton-fra,1,8,0.125
5zm9g3zgAPWzX3wmUB2JtTkcwCqe74NWsTmt5wLFwCKK,00Tokyo,0slot-de1,7,8,0.875
5zm9g3zgAPWzX3wmUB2JtTkcwCqe74NWsTmt5wLFwCKK,00Tokyo,triton-fra,1,8,0.125
65pHd5P2VrehonT1cdJ2JUnq5wi3WUgfL3A8RhYH7Kg7,,astralane-fra,4,8,0.5
65pHd5P2VrehonT1cdJ2JUnq5wi3WUgfL3A8RhYH7Kg7,,astralane-quic-fra,2,8,0.25
65pHd5P2VrehonT1cdJ2JUnq5wi3WUgfL3A8RhYH7Kg7,,nozomi-fra,2,8,0.25
6gnbmed7kzwQVQ7ghsjgEuCoYmGeWciV2qCwni6WS6HU,Capital Alliance 🔥,0slot-de1,3,8,0.375
6gnbmed7kzwQVQ7ghsjgEuCoYmGeWciV2qCwni6WS6HU,Capital Alliance 🔥,triton-fra,3,8,0.375
6vG7fgweSfvY7JRViG4HwKgV9u6JKhMpf2bqr6TKNjUW,InfraMesh,allenhark-quic-fra,3,8,0.375
6vG7fgweSfvY7JRViG4HwKgV9u6JKhMpf2bqr6TKNjUW,InfraMesh,nextblock-quic-fra,3,8,0.375
6vG7fgweSfvY7JRViG4HwKgV9u6JKhMpf2bqr6TKNjUW,InfraMesh,astralane-fra,1,8,0.125
6vG7fgweSfvY7JRViG4HwKgV9u6JKhMpf2bqr6TKNjUW,InfraMesh,helius-dual,1,8,0.125
6xFDLX751L7H9d5fQT9sf2SM5RWWE9LDgqz25pPDbWoJ,TdrSys,0slot-de1,2,8,0.25
6xFDLX751L7H9d5fQT9sf2SM5RWWE9LDgqz25pPDbWoJ,TdrSys,triton-fra,2,8,0.25
6xFDLX751L7H9d5fQT9sf2SM5RWWE9LDgqz25pPDbWoJ,TdrSys,blockrazor,1,8,0.125
6xFDLX751L7H9d5fQT9sf2SM5RWWE9LDgqz25pPDbWoJ,TdrSys,bloxroute-quic-fra,1,8,0.125
7CR6whiYULVf1Knj4J5PxUS37opdk8UAx2WnDzBQKiVe,DataHive AI | Airdrop | 0% fee | full MEV,0slot-de1,3,8,0.375
7CR6whiYULVf1Knj4J5PxUS37opdk8UAx2WnDzBQKiVe,DataHive AI | Airdrop | 0% fee | full MEV,triton-fra,2,8,0.25
7CR6whiYULVf1Knj4J5PxUS37opdk8UAx2WnDzBQKiVe,DataHive AI | Airdrop | 0% fee | full MEV,allenhark-quic-fra,1,8,0.125
7CR6whiYULVf1Knj4J5PxUS37opdk8UAx2WnDzBQKiVe,DataHive AI | Airdrop | 0% fee | full MEV,astralane-quic-fra,1,8,0.125
7CR6whiYULVf1Knj4J5PxUS37opdk8UAx2WnDzBQKiVe,DataHive AI | Airdrop | 0% fee | full MEV,helius-fra,1,8,0.125
7HMHSdQkjDwz9Q5zAhEy83uzW3XHJchjdpMYapKXcKt5,GERSIA,0slot-de1,2,8,0.25
7HMHSdQkjDwz9Q5zAhEy83uzW3XHJchjdpMYapKXcKt5,GERSIA,astralane-quic-fra,2,8,0.25
7HMHSdQkjDwz9Q5zAhEy83uzW3XHJchjdpMYapKXcKt5,GERSIA,astralane-fra,1,8,0.125
7HMHSdQkjDwz9Q5zAhEy83uzW3XHJchjdpMYapKXcKt5,GERSIA,syncro-fra,1,8,0.125
7HMHSdQkjDwz9Q5zAhEy83uzW3XHJchjdpMYapKXcKt5,GERSIA,triton-fra,1,8,0.125
7Nn8qBJey7vXtVFMNBbbuN8UkujU8Y6nWzbHVGuf49yV,livechanger,triton-fra,6,8,0.75
7Nn8qBJey7vXtVFMNBbbuN8UkujU8Y6nWzbHVGuf49yV,livechanger,allenhark-quic-ams,1,8,0.125
7Nu9ckgtjobZ3MkbadGFKEvRymYuah9HmcxiUJKMM9NB,SoLyrae,0slot-de1,4,8,0.5
7Nu9ckgtjobZ3MkbadGFKEvRymYuah9HmcxiUJKMM9NB,SoLyrae,triton-fra,2,8,0.25
7Nu9ckgtjobZ3MkbadGFKEvRymYuah9HmcxiUJKMM9NB,SoLyrae,allenhark-quic-fra,1,8,0.125
7Nu9ckgtjobZ3MkbadGFKEvRymYuah9HmcxiUJKMM9NB,SoLyrae,astralane-quic-fra,1,8,0.125
7VZM7YHcX73TpGoXDeBu61g4QKC86GwAEnew8dA7Y2xn,BLOCKSIZE,0slot-de1,3,8,0.375
7VZM7YHcX73TpGoXDeBu61g4QKC86GwAEnew8dA7Y2xn,BLOCKSIZE,triton-fra,3,8,0.375
7mF8NZJdREuM1uwYcvKffuY9QJBEoHhNp4hZ4NS2fuXW,Meria,astralane-fra,3,8,0.375
7mF8NZJdREuM1uwYcvKffuY9QJBEoHhNp4hZ4NS2fuXW,Meria,allenhark-quic-fra,2,8,0.25
7mF8NZJdREuM1uwYcvKffuY9QJBEoHhNp4hZ4NS2fuXW,Meria,astralane-quic-fra,2,8,0.25
7mF8NZJdREuM1uwYcvKffuY9QJBEoHhNp4hZ4NS2fuXW,Meria,0slot-de1,1,8,0.125
8Nvaxzif1NrdvxNkRetjT8xJvd33EHkKVrfL8EDkgaNy,South,0slot-de1,5,8,0.625
8Nvaxzif1NrdvxNkRetjT8xJvd33EHkKVrfL8EDkgaNy,South,triton-fra,2,8,0.25
8Nvaxzif1NrdvxNkRetjT8xJvd33EHkKVrfL8EDkgaNy,South,nextblock-quic-fra,1,8,0.125
8T8AJfUCXwPFwEMmjca8gCRSktPrqbUBVa6ggNyhLhFJ,StudentSOL,0slot-de1,4,8,0.5
8T8AJfUCXwPFwEMmjca8gCRSktPrqbUBVa6ggNyhLhFJ,StudentSOL,nextblock-quic-fra,2,8,0.25
8T8AJfUCXwPFwEMmjca8gCRSktPrqbUBVa6ggNyhLhFJ,StudentSOL,nozomi-fra,1,8,0.125
8ZQg3K1V1Z2BVJkjmnxpi43WKhjPGXphzu5QmBkJibSP,P2P.org Labs,0slot-de1,6,8,0.75
8uPW9msN75rfaKiwy8y8NxEX5zSk2WejtVv5YhZr3jCo,Lumos Maxima,triton-fra,6,8,0.75
8uPW9msN75rfaKiwy8y8NxEX5zSk2WejtVv5YhZr3jCo,Lumos Maxima,0slot-de1,2,8,0.25
99rG5AhkVagxJ7y8NpMAmy1h1u9GhT3h1Cimu2X3cwaJ,,triton-fra,3,8,0.375
99rG5AhkVagxJ7y8NpMAmy1h1u9GhT3h1Cimu2X3cwaJ,,astralane-fra,1,8,0.125
99rG5AhkVagxJ7y8NpMAmy1h1u9GhT3h1Cimu2X3cwaJ,,nozomi-fra,1,8,0.125
9UbU7oaVXX6t7bMthxzzGPnWumFNxoWqUwX3qsrxb4pp,,blockrazor,2,8,0.25
9UbU7oaVXX6t7bMthxzzGPnWumFNxoWqUwX3qsrxb4pp,,0slot-de1,1,8,0.125
9UbU7oaVXX6t7bMthxzzGPnWumFNxoWqUwX3qsrxb4pp,,astralane-quic-fra,1,8,0.125
9UbU7oaVXX6t7bMthxzzGPnWumFNxoWqUwX3qsrxb4pp,,bloxroute-quic-fra,1,8,0.125
ABC1U4cf9DZMwqy8ktEr4WJj8VHmVBQibbC57gEJthwY,algo|stake,allenhark-quic-fra,2,8,0.25
ABC1U4cf9DZMwqy8ktEr4WJj8VHmVBQibbC57gEJthwY,algo|stake,nozomi-fra,2,8,0.25
ABC1U4cf9DZMwqy8ktEr4WJj8VHmVBQibbC57gEJthwY,algo|stake,triton-fra,2,8,0.25
ABC1U4cf9DZMwqy8ktEr4WJj8VHmVBQibbC57gEJthwY,algo|stake,astralane-fra,1,8,0.125
ABREU5YkQcfpDZymoQ97iGUgQcfgjctWUUxEMfumiPdV,ABREU Foundation,astralane-fra,4,8,0.5
ABREU5YkQcfpDZymoQ97iGUgQcfgjctWUUxEMfumiPdV,ABREU Foundation,astralane-quic-fra,3,8,0.375
ABREU5YkQcfpDZymoQ97iGUgQcfgjctWUUxEMfumiPdV,ABREU Foundation,0slot-de1,1,8,0.125
ADjyeNzWd8yhEjCVyAqT87eqoyGRbimERQsNhFQcXjop,💥InfiniteSOL💥 0% Fees,0slot-de1,4,8,0.5
ADjyeNzWd8yhEjCVyAqT87eqoyGRbimERQsNhFQcXjop,💥InfiniteSOL💥 0% Fees,triton-fra,3,8,0.375
ADjyeNzWd8yhEjCVyAqT87eqoyGRbimERQsNhFQcXjop,💥InfiniteSOL💥 0% Fees,astralane-fra,1,8,0.125
AG1PsJMQcutNUX64RD3bAhW7NpxWeFkqkgGizBznYFKW,,astralane-fra,5,8,0.625
AG1PsJMQcutNUX64RD3bAhW7NpxWeFkqkgGizBznYFKW,,0slot-de1,1,8,0.125
AG1PsJMQcutNUX64RD3bAhW7NpxWeFkqkgGizBznYFKW,,astralane-quic-fra,1,8,0.125
AG1PsJMQcutNUX64RD3bAhW7NpxWeFkqkgGizBznYFKW,,nozomi-fra,1,8,0.125
ALPHA6rdHZkx1om79xp47vX1iZXcbM3qfEwLyttZ1T7R,Lifetime 0% fee + full MEV payout | Alphasearch,triton-fra,3,8,0.375
ALPHA6rdHZkx1om79xp47vX1iZXcbM3qfEwLyttZ1T7R,Lifetime 0% fee + full MEV payout | Alphasearch,0slot-de1,1,8,0.125
AmhQFcGvH2hjkucP78rn6GMKSbstYwyFpCDVKZUwBGrG,myhauz,nextblock-quic-fra,4,8,0.5
AmhQFcGvH2hjkucP78rn6GMKSbstYwyFpCDVKZUwBGrG,myhauz,nozomi-fra,2,8,0.25
AmhQFcGvH2hjkucP78rn6GMKSbstYwyFpCDVKZUwBGrG,myhauz,helius-dual,1,8,0.125
AmhQFcGvH2hjkucP78rn6GMKSbstYwyFpCDVKZUwBGrG,myhauz,helius-fra,1,8,0.125
AsMpvJ3DZ2Ydu1WTRMAyMH4QjSLiUG39rKzfzvtE1bWr,Nordic Staking 0% fee top APY 2+ years,0slot-de1,7,8,0.875
AsMpvJ3DZ2Ydu1WTRMAyMH4QjSLiUG39rKzfzvtE1bWr,Nordic Staking 0% fee top APY 2+ years,triton-fra,1,8,0.125
B94PGWcxE9iEDov8sZobTkqEY96Yb5gfcsYWSWpQxh6S,SUNREN,0slot-de1,6,8,0.75
B94PGWcxE9iEDov8sZobTkqEY96Yb5gfcsYWSWpQxh6S,SUNREN,astralane-fra,1,8,0.125
B94PGWcxE9iEDov8sZobTkqEY96Yb5gfcsYWSWpQxh6S,SUNREN,triton-fra,1,8,0.125
BCJN2vZFAHDYmufBDcbD5UAQHSyerXfc6UQkgX3mSWuh,TomYum,0slot-de1,4,8,0.5
BCJN2vZFAHDYmufBDcbD5UAQHSyerXfc6UQkgX3mSWuh,TomYum,triton-fra,2,8,0.25
BCJN2vZFAHDYmufBDcbD5UAQHSyerXfc6UQkgX3mSWuh,TomYum,astralane-fra,1,8,0.125
BCJN2vZFAHDYmufBDcbD5UAQHSyerXfc6UQkgX3mSWuh,TomYum,astralane-quic-fra,1,8,0.125
BLUEHGDihXD9CqqC5XFSQzDC3aS5jASohb2BAsXaJokR,Bluestone 💙,0slot-de1,5,8,0.625
BLUEHGDihXD9CqqC5XFSQzDC3aS5jASohb2BAsXaJokR,Bluestone 💙,triton-fra,3,8,0.375
BirdeyeK5yooepHNNgaW2bGGDD2jmib4oSRFTHyELbZ1,Birdeye Plus,triton-fra,5,8,0.625
BirdeyeK5yooepHNNgaW2bGGDD2jmib4oSRFTHyELbZ1,Birdeye Plus,0slot-de1,3,8,0.375
By8MseMKtZQQaQjMHJiyetmc5AC8RZZv8C2ss33ktrHt,Wave,0slot-de1,5,8,0.625
By8MseMKtZQQaQjMHJiyetmc5AC8RZZv8C2ss33ktrHt,Wave,triton-fra,2,8,0.25
By8MseMKtZQQaQjMHJiyetmc5AC8RZZv8C2ss33ktrHt,Wave,allenhark-quic-fra,1,8,0.125
CEL22Qx7p85qY6gmhCZaYJrrnynJitkVRMQo6qZdT8Ns,🚀🚀Super🚀🚀 Validator,0slot-de1,3,8,0.375
CEL22Qx7p85qY6gmhCZaYJrrnynJitkVRMQo6qZdT8Ns,🚀🚀Super🚀🚀 Validator,helius-dual,3,8,0.375
CEL22Qx7p85qY6gmhCZaYJrrnynJitkVRMQo6qZdT8Ns,🚀🚀Super🚀🚀 Validator,astralane-quic-fra,1,8,0.125
CEL22Qx7p85qY6gmhCZaYJrrnynJitkVRMQo6qZdT8Ns,🚀🚀Super🚀🚀 Validator,blockrazor,1,8,0.125
CVRr5oHCAAooVbYze7CvXtRp4FUtkMCSqBZU7MVu8v8e,Coverlet+MEV | 0% ALL FEES ✅,0slot-de1,4,8,0.5
CVRr5oHCAAooVbYze7CvXtRp4FUtkMCSqBZU7MVu8v8e,Coverlet+MEV | 0% ALL FEES ✅,triton-fra,2,8,0.25
CVRr5oHCAAooVbYze7CvXtRp4FUtkMCSqBZU7MVu8v8e,Coverlet+MEV | 0% ALL FEES ✅,astralane-fra,1,8,0.125
CVRr5oHCAAooVbYze7CvXtRp4FUtkMCSqBZU7MVu8v8e,Coverlet+MEV | 0% ALL FEES ✅,nextblock-quic-fra,1,8,0.125
CpuDNi3iVoHXbaT8gHpzKe6rqeBasoYjEKi21q7NRVJS,val37,0slot-de1,3,8,0.375
CpuDNi3iVoHXbaT8gHpzKe6rqeBasoYjEKi21q7NRVJS,val37,triton-fra,2,8,0.25
CpuDNi3iVoHXbaT8gHpzKe6rqeBasoYjEKi21q7NRVJS,val37,astralane-fra,1,8,0.125
CpuDNi3iVoHXbaT8gHpzKe6rqeBasoYjEKi21q7NRVJS,val37,helius-dual,1,8,0.125
CpuDNi3iVoHXbaT8gHpzKe6rqeBasoYjEKi21q7NRVJS,val37,nozomi-fra,1,8,0.125
D8kuk3qEiVBGwYkuMGKfBDwuRi6jjRkzjAZg45fdaRLx,LuminaNodes,triton-fra,4,8,0.5
D8kuk3qEiVBGwYkuMGKfBDwuRi6jjRkzjAZg45fdaRLx,LuminaNodes,0slot-de1,3,8,0.375
D8kuk3qEiVBGwYkuMGKfBDwuRi6jjRkzjAZg45fdaRLx,LuminaNodes,astralane-fra,1,8,0.125
DCKyEmMENQMtLXgbmUoHRmgP9XdJ9HsR5WxrKnSDCzKA,Dicky,helius-fra,4,8,0.5
DCKyEmMENQMtLXgbmUoHRmgP9XdJ9HsR5WxrKnSDCzKA,Dicky,0slot-de1,1,8,0.125
DCKyEmMENQMtLXgbmUoHRmgP9XdJ9HsR5WxrKnSDCzKA,Dicky,astralane-fra,1,8,0.125
DCKyEmMENQMtLXgbmUoHRmgP9XdJ9HsR5WxrKnSDCzKA,Dicky,helius-dual,1,8,0.125
DCKyEmMENQMtLXgbmUoHRmgP9XdJ9HsR5WxrKnSDCzKA,Dicky,triton-fra,1,8,0.125
DF1owXYZ1fk5vWyHJ8s1cJeAozgkqsi1JUVqvktqrpwd,DFlow,astralane-fra,7,8,0.875
DF1owXYZ1fk5vWyHJ8s1cJeAozgkqsi1JUVqvktqrpwd,DFlow,helius-dual,1,8,0.125
Diman2GphWLwECE3swjrAEAJniezpYLxK1edUydiDZau,diman,0slot-de1,5,8,0.625
Diman2GphWLwECE3swjrAEAJniezpYLxK1edUydiDZau,diman,astralane-fra,1,8,0.125
Diman2GphWLwECE3swjrAEAJniezpYLxK1edUydiDZau,diman,astralane-quic-fra,1,8,0.125
Diman2GphWLwECE3swjrAEAJniezpYLxK1edUydiDZau,diman,nozomi-fra,1,8,0.125
E9hD3ikumJx1GVswDjnpCt6Uu4WG5mz1PDWCqdE5uhmo,cp0x_by_STAKRspace,astralane-quic-fra,3,8,0.375
E9hD3ikumJx1GVswDjnpCt6Uu4WG5mz1PDWCqdE5uhmo,cp0x_by_STAKRspace,astralane-fra,2,8,0.25
E9hD3ikumJx1GVswDjnpCt6Uu4WG5mz1PDWCqdE5uhmo,cp0x_by_STAKRspace,nozomi-fra,2,8,0.25
E9hD3ikumJx1GVswDjnpCt6Uu4WG5mz1PDWCqdE5uhmo,cp0x_by_STAKRspace,0slot-de1,1,8,0.125
EAW9vxqogvdPNapq7QTDpiVTHK6o7begUhPVnf854VTc,Solana Qubits,triton-fra,4,8,0.5
EAW9vxqogvdPNapq7QTDpiVTHK6o7begUhPVnf854VTc,Solana Qubits,0slot-de1,3,8,0.375
EAW9vxqogvdPNapq7QTDpiVTHK6o7begUhPVnf854VTc,Solana Qubits,helius-dual,1,8,0.125
EBk678aQvc3cUkfGyoehfw21JQfJXjmWuBeopYc89RSV,佛金疯 Solana Chinese Community,astralane-fra,4,8,0.5
EBk678aQvc3cUkfGyoehfw21JQfJXjmWuBeopYc89RSV,佛金疯 Solana Chinese Community,astralane-quic-fra,1,8,0.125
EBk678aQvc3cUkfGyoehfw21JQfJXjmWuBeopYc89RSV,佛金疯 Solana Chinese Community,helius-dual,1,8,0.125
EBk678aQvc3cUkfGyoehfw21JQfJXjmWuBeopYc89RSV,佛金疯 Solana Chinese Community,helius-fra,1,8,0.125
EBk678aQvc3cUkfGyoehfw21JQfJXjmWuBeopYc89RSV,佛金疯 Solana Chinese Community,nozomi-fra,1,8,0.125
ECeaWy82CxpeJQr3EG3XNmYXc9NrVeWDH5ag9Lt6TPVR,SolX +Mev,0slot-de1,5,8,0.625
ECeaWy82CxpeJQr3EG3XNmYXc9NrVeWDH5ag9Lt6TPVR,SolX +Mev,triton-fra,3,8,0.375
ETuPS3kRfLufz5VSYN2ZrePoEVSZSpgVPKz3MUZpYe3x,,0slot-de1,8,8,1.0
FCWkGAHDWK41ANjiaoPudkCZRkvTecaEkoZQugezUnpr,maxfillipov,0slot-de1,4,8,0.5
FCWkGAHDWK41ANjiaoPudkCZRkvTecaEkoZQugezUnpr,maxfillipov,nozomi-fra,1,8,0.125
FCWkGAHDWK41ANjiaoPudkCZRkvTecaEkoZQugezUnpr,maxfillipov,triton-fra,1,8,0.125
Fb77sbwgXmtjmkjkaoSckGp5yg3nqdtD8zf1dyxxiCSf,GXFC Validator,0slot-de1,6,8,0.75
Fb77sbwgXmtjmkjkaoSckGp5yg3nqdtD8zf1dyxxiCSf,GXFC Validator,astralane-fra,1,8,0.125
Fudp7uPDYNYQRxoq1Q4JiwJnzyxhVz37bGqRki3PBzS,huglester,nextblock-quic-fra,4,8,0.5
Fudp7uPDYNYQRxoq1Q4JiwJnzyxhVz37bGqRki3PBzS,huglester,helius-fra,2,8,0.25
Fudp7uPDYNYQRxoq1Q4JiwJnzyxhVz37bGqRki3PBzS,huglester,astralane-fra,1,8,0.125
Fudp7uPDYNYQRxoq1Q4JiwJnzyxhVz37bGqRki3PBzS,huglester,helius-dual,1,8,0.125
Fy7RCjDdFLG8wLn7TBKbccaKwYX1FetdSoVDREdUHf5o,3SDK,triton-fra,4,8,0.5
Fy7RCjDdFLG8wLn7TBKbccaKwYX1FetdSoVDREdUHf5o,3SDK,astralane-fra,2,8,0.25
Fy7RCjDdFLG8wLn7TBKbccaKwYX1FetdSoVDREdUHf5o,3SDK,0slot-de1,1,8,0.125
Fy7RCjDdFLG8wLn7TBKbccaKwYX1FetdSoVDREdUHf5o,3SDK,bloxroute-quic-fra,1,8,0.125
GFXVa19rX6iwfs3sLS5UvX9Exu2usRsG4V5MRMDRo23V,GooseFX - 0% Fees,0slot-de1,4,8,0.5
GFXVa19rX6iwfs3sLS5UvX9Exu2usRsG4V5MRMDRo23V,GooseFX - 0% Fees,astralane-quic-fra,2,8,0.25
GFXVa19rX6iwfs3sLS5UvX9Exu2usRsG4V5MRMDRo23V,GooseFX - 0% Fees,triton-fra,2,8,0.25
GK2YYwmQk58xA2k2SeugY3i334SJVViqTT8sT5wim3Dk,Node1,0slot-de1,7,8,0.875
GK2YYwmQk58xA2k2SeugY3i334SJVViqTT8sT5wim3Dk,Node1,triton-fra,1,8,0.125
GiYSnFRrXrmkJMC54A1j3K4xT6ZMfx1NSThEe5X2WpDe,MonkeDAO,helius-dual,5,8,0.625
GkFT5nmcFVmJiLwuE98PjdF3LReMeq4WbejFHfwrnsgw,KAST,helius-dual,7,8,0.875
GkFT5nmcFVmJiLwuE98PjdF3LReMeq4WbejFHfwrnsgw,KAST,0slot-de1,1,8,0.125
GqDCbnafLmKkdqiqf278jDLXqjjZMB2sViZQtR82jPUf,SolLana,0slot-de1,3,8,0.375
GqDCbnafLmKkdqiqf278jDLXqjjZMB2sViZQtR82jPUf,SolLana,triton-fra,3,8,0.375
GqDCbnafLmKkdqiqf278jDLXqjjZMB2sViZQtR82jPUf,SolLana,astralane-fra,1,8,0.125
GvfaiJUhNCRZGVGumsEF1eHDb8JpAeFAyHSrTifyhrbt,Vybe Validator,0slot-de1,4,8,0.5
GvfaiJUhNCRZGVGumsEF1eHDb8JpAeFAyHSrTifyhrbt,Vybe Validator,triton-fra,3,8,0.375
GvfaiJUhNCRZGVGumsEF1eHDb8JpAeFAyHSrTifyhrbt,Vybe Validator,astralane-fra,1,8,0.125
HMWXfjaeSHhww1wvdBhqhHVP9v96mFB4LJ9xP2MXbDGH,CyberVillage,triton-fra,6,8,0.75
HMWXfjaeSHhww1wvdBhqhHVP9v96mFB4LJ9xP2MXbDGH,CyberVillage,0slot-de1,1,8,0.125
Hj2jzpAp57KyM3SmnYwJbDVrQ8tTWizMon2hhzYzwxet,A Unicorn Julia,triton-fra,5,8,0.625
Hj2jzpAp57KyM3SmnYwJbDVrQ8tTWizMon2hhzYzwxet,A Unicorn Julia,0slot-de1,3,8,0.375
Hu7pi2Xg5Kav8vSAUUr5CCZaEmMCzT6FgCTpueu3oBtW,,0slot-de1,2,8,0.25
Hu7pi2Xg5Kav8vSAUUr5CCZaEmMCzT6FgCTpueu3oBtW,,blockrazor,2,8,0.25
Hu7pi2Xg5Kav8vSAUUr5CCZaEmMCzT6FgCTpueu3oBtW,,nozomi-fra,2,8,0.25
Hu7pi2Xg5Kav8vSAUUr5CCZaEmMCzT6FgCTpueu3oBtW,,helius-fra,1,8,0.125
Hu7pi2Xg5Kav8vSAUUr5CCZaEmMCzT6FgCTpueu3oBtW,,nextblock-quic-fra,1,8,0.125
JC7bH7HSZoDhwggBXtRF31cVt71WiizY2J6YDDQfG5er,Valid Blocks,0slot-de1,1,8,0.125
JC7bH7HSZoDhwggBXtRF31cVt71WiizY2J6YDDQfG5er,Valid Blocks,blockrazor,1,8,0.125
JC7bH7HSZoDhwggBXtRF31cVt71WiizY2J6YDDQfG5er,Valid Blocks,bloxroute-quic-fra,1,8,0.125
JC7bH7HSZoDhwggBXtRF31cVt71WiizY2J6YDDQfG5er,Valid Blocks,helius-dual,1,8,0.125
JC7bH7HSZoDhwggBXtRF31cVt71WiizY2J6YDDQfG5er,Valid Blocks,helius-fra,1,8,0.125
JC7bH7HSZoDhwggBXtRF31cVt71WiizY2J6YDDQfG5er,Valid Blocks,triton-fra,1,8,0.125
MargusJeV9bkePFLWbbzRNsMVo3Re6h9wKB5Ago8Tfj,MARGUS.ONE 💎 0% fee +MEV!,nextblock-quic-fra,2,8,0.25
MargusJeV9bkePFLWbbzRNsMVo3Re6h9wKB5Ago8Tfj,MARGUS.ONE 💎 0% fee +MEV!,allenhark-quic-fra,1,8,0.125
MargusJeV9bkePFLWbbzRNsMVo3Re6h9wKB5Ago8Tfj,MARGUS.ONE 💎 0% fee +MEV!,astralane-fra,1,8,0.125
MargusJeV9bkePFLWbbzRNsMVo3Re6h9wKB5Ago8Tfj,MARGUS.ONE 💎 0% fee +MEV!,astralane-quic-fra,1,8,0.125
MargusJeV9bkePFLWbbzRNsMVo3Re6h9wKB5Ago8Tfj,MARGUS.ONE 💎 0% fee +MEV!,bloxroute-fra,1,8,0.125
MargusJeV9bkePFLWbbzRNsMVo3Re6h9wKB5Ago8Tfj,MARGUS.ONE 💎 0% fee +MEV!,bloxroute-quic-fra,1,8,0.125
MargusJeV9bkePFLWbbzRNsMVo3Re6h9wKB5Ago8Tfj,MARGUS.ONE 💎 0% fee +MEV!,helius-dual,1,8,0.125
RAuSNo4DRjo83uGhdgg4fPqYBVszi1KsrQGpqcPHK1D,Hubra,0slot-de1,6,8,0.75
RAuSNo4DRjo83uGhdgg4fPqYBVszi1KsrQGpqcPHK1D,Hubra,triton-fra,2,8,0.25
SLAY6uN1zZpXBTfbuDDCesNmM5D288xrz8uYvfS3n41,Solayer Validator [5% Commission + 100% MEV Kickback],0slot-de1,5,8,0.625
SLAY6uN1zZpXBTfbuDDCesNmM5D288xrz8uYvfS3n41,Solayer Validator [5% Commission + 100% MEV Kickback],astralane-quic-fra,1,8,0.125
SLAY6uN1zZpXBTfbuDDCesNmM5D288xrz8uYvfS3n41,Solayer Validator [5% Commission + 100% MEV Kickback],triton-fra,1,8,0.125
Ste1115xFGdAYK5jaWA3dEFcUc1S5jEbVvD8e327zty,Stellium,0slot-de1,3,8,0.375
Ste1115xFGdAYK5jaWA3dEFcUc1S5jEbVvD8e327zty,Stellium,blockrazor,2,8,0.25
Ste1115xFGdAYK5jaWA3dEFcUc1S5jEbVvD8e327zty,Stellium,helius-dual,2,8,0.25
Ste1115xFGdAYK5jaWA3dEFcUc1S5jEbVvD8e327zty,Stellium,nozomi-fra,1,8,0.125
SyndicAgdEphcy5xhAKZAomTYhcF8xhC7za2UD9xeug,Syndica,astralane-fra,2,8,0.25
SyndicAgdEphcy5xhAKZAomTYhcF8xhC7za2UD9xeug,Syndica,nozomi-fra,2,8,0.25
SyndicAgdEphcy5xhAKZAomTYhcF8xhC7za2UD9xeug,Syndica,astralane-quic-fra,1,8,0.125
SyndicAgdEphcy5xhAKZAomTYhcF8xhC7za2UD9xeug,Syndica,triton-fra,1,8,0.125
TopjgY7N1fJdnW89S9fX6t7LF61nspgXGL1NpgAKhDG,TopReward,0slot-de1,2,8,0.25
TopjgY7N1fJdnW89S9fX6t7LF61nspgXGL1NpgAKhDG,TopReward,blockrazor,2,8,0.25
TopjgY7N1fJdnW89S9fX6t7LF61nspgXGL1NpgAKhDG,TopReward,astralane-fra,1,8,0.125
TopjgY7N1fJdnW89S9fX6t7LF61nspgXGL1NpgAKhDG,TopReward,astralane-quic-fra,1,8,0.125
TopjgY7N1fJdnW89S9fX6t7LF61nspgXGL1NpgAKhDG,TopReward,helius-dual,1,8,0.125
TopjgY7N1fJdnW89S9fX6t7LF61nspgXGL1NpgAKhDG,TopReward,nextblock-quic-fra,1,8,0.125
YuRBAsy9Stw1u46A8dMp7WQVBFweLP1PKuYibzYAMmQ,Yurbason,0slot-de1,4,8,0.5
YuRBAsy9Stw1u46A8dMp7WQVBFweLP1PKuYibzYAMmQ,Yurbason,triton-fra,2,8,0.25
YuRBAsy9Stw1u46A8dMp7WQVBFweLP1PKuYibzYAMmQ,Yurbason,nextblock-quic-fra,1,8,0.125
adre1Xia7ekGsEqNgHeFc7MYwkfzTQNeJgQmZ2agAKZ,Systems,0slot-de1,5,8,0.625
adre1Xia7ekGsEqNgHeFc7MYwkfzTQNeJgQmZ2agAKZ,Systems,triton-fra,2,8,0.25
adre1Xia7ekGsEqNgHeFc7MYwkfzTQNeJgQmZ2agAKZ,Systems,astralane-fra,1,8,0.125
ark1hdnnfmusE24wGHkyVG1gdRCqfmXs9drasDAdABZ,,0slot-de1,3,8,0.375
ark1hdnnfmusE24wGHkyVG1gdRCqfmXs9drasDAdABZ,,triton-fra,3,8,0.375
ark1hdnnfmusE24wGHkyVG1gdRCqfmXs9drasDAdABZ,,astralane-fra,1,8,0.125
ark1hdnnfmusE24wGHkyVG1gdRCqfmXs9drasDAdABZ,,bloxroute-quic-fra,1,8,0.125
bay3wXfJsu9ds1zQBoQQ4DUwFGs3NP6q4gca9WM5G1z,Bay3,0slot-de1,2,8,0.25
bay3wXfJsu9ds1zQBoQQ4DUwFGs3NP6q4gca9WM5G1z,Bay3,astralane-fra,2,8,0.25
bay3wXfJsu9ds1zQBoQQ4DUwFGs3NP6q4gca9WM5G1z,Bay3,triton-fra,2,8,0.25
bay3wXfJsu9ds1zQBoQQ4DUwFGs3NP6q4gca9WM5G1z,Bay3,astralane-quic-fra,1,8,0.125
c3rtoMCHSbFrLRTAdw4iRowKSn4BrDtvSPbuyJwkHwx,Latitude.sh,astralane-fra,5,8,0.625
c3rtoMCHSbFrLRTAdw4iRowKSn4BrDtvSPbuyJwkHwx,Latitude.sh,0slot-de1,1,8,0.125
capyS1jerxhFp1RehdWRG6kbWi8bnWF3fkEG2RGLsQf,capy,0slot-de1,3,8,0.375
capyS1jerxhFp1RehdWRG6kbWi8bnWF3fkEG2RGLsQf,capy,astralane-quic-fra,3,8,0.375
capyS1jerxhFp1RehdWRG6kbWi8bnWF3fkEG2RGLsQf,capy,astralane-fra,2,8,0.25
forb5u56XgvzxiKfRt4FVNFQKJrd2LWAfNCsCqL6P7q,Forbole,astralane-fra,4,8,0.5
forb5u56XgvzxiKfRt4FVNFQKJrd2LWAfNCsCqL6P7q,Forbole,astralane-quic-fra,2,8,0.25
forb5u56XgvzxiKfRt4FVNFQKJrd2LWAfNCsCqL6P7q,Forbole,0slot-de1,1,8,0.125
forb5u56XgvzxiKfRt4FVNFQKJrd2LWAfNCsCqL6P7q,Forbole,triton-fra,1,8,0.125
gotasRuLTuJNZDtLHmaDJpEUjCWZqkHcuwbLhkgCwCX,Gotas,astralane-fra,4,8,0.5
gotasRuLTuJNZDtLHmaDJpEUjCWZqkHcuwbLhkgCwCX,Gotas,astralane-quic-fra,2,8,0.25
gotasRuLTuJNZDtLHmaDJpEUjCWZqkHcuwbLhkgCwCX,Gotas,0slot-de1,1,8,0.125
grptonHnt7YSmJokGK9TJJTBXDT8ca4LSWMHCCfzzPa,gripto,0slot-de1,1,8,0.125
grptonHnt7YSmJokGK9TJJTBXDT8ca4LSWMHCCfzzPa,gripto,astralane-fra,1,8,0.125
hy1oMaD3ViyJ8i6w1xjP79zAWBBaRd1zWdTW8zYXnwu,Hylo,0slot-de1,4,8,0.5
hy1oMaD3ViyJ8i6w1xjP79zAWBBaRd1zWdTW8zYXnwu,Hylo,triton-fra,3,8,0.375
mXv18ov8qCiQGs3ieoen981LdgZzYJjJak6reK6fpNC,MX Validator,triton-fra,3,8,0.375
mXv18ov8qCiQGs3ieoen981LdgZzYJjJak6reK6fpNC,MX Validator,0slot-de1,1,8,0.125
mXv18ov8qCiQGs3ieoen981LdgZzYJjJak6reK6fpNC,MX Validator,bloxroute-fra,1,8,0.125
mXv18ov8qCiQGs3ieoen981LdgZzYJjJak6reK6fpNC,MX Validator,nextblock-quic-fra,1,8,0.125
mXv18ov8qCiQGs3ieoen981LdgZzYJjJak6reK6fpNC,MX Validator,nozomi-fra,1,8,0.125
mastWEbKEMjvBCd1uaUBpNjWcfSPhXMWnH9tTrgzn1g,MAS DeFi,0slot-de1,3,8,0.375
mastWEbKEMjvBCd1uaUBpNjWcfSPhXMWnH9tTrgzn1g,MAS DeFi,nozomi-fra,1,8,0.125
mrgn28BhocwdAUEenen3Sw2MR9cPKDpLkDvzDdR7DBD,Project 0 Horizon,0slot-de1,1,8,0.125
mrgn28BhocwdAUEenen3Sw2MR9cPKDpLkDvzDdR7DBD,Project 0 Horizon,astralane-fra,1,8,0.125
mrgn28BhocwdAUEenen3Sw2MR9cPKDpLkDvzDdR7DBD,Project 0 Horizon,astralane-quic-fra,1,8,0.125
mrgn28BhocwdAUEenen3Sw2MR9cPKDpLkDvzDdR7DBD,Project 0 Horizon,nozomi-fra,1,8,0.125
mythxvB89eT3C1TKwwhsvdHfYq2aoCt2es8vLoDFYyk,Mythx,0slot-de1,4,8,0.5
mythxvB89eT3C1TKwwhsvdHfYq2aoCt2es8vLoDFYyk,Mythx,triton-fra,3,8,0.375
peNgUgnzs1jGogUPW8SThXMvzNpzKSNf3om78xVPAYx,PENGU Validator,triton-fra,3,8,0.375
peNgUgnzs1jGogUPW8SThXMvzNpzKSNf3om78xVPAYx,PENGU Validator,0slot-de1,2,8,0.25
peNgUgnzs1jGogUPW8SThXMvzNpzKSNf3om78xVPAYx,PENGU Validator,helius-fra,1,8,0.125
radM7PKUpZwJ9bYPAJ7V8FXHeUmH1zim6iaXUKkftP9,Radiants,triton-fra,3,8,0.375
radM7PKUpZwJ9bYPAJ7V8FXHeUmH1zim6iaXUKkftP9,Radiants,0slot-de1,2,8,0.25
radM7PKUpZwJ9bYPAJ7V8FXHeUmH1zim6iaXUKkftP9,Radiants,nextblock-quic-fra,1,8,0.125
sTepQGoReJq2tBKStL19DT6nnGHcGiAvFjyYaokLyuM,Step Finance,0slot-de1,5,8,0.625
sTepQGoReJq2tBKStL19DT6nnGHcGiAvFjyYaokLyuM,Step Finance,triton-fra,1,8,0.125
sbidYi7fbif6qNsMpwBKvyF5DKcLCbjaegpADsKqNux,SolBlaze,triton-fra,4,8,0.5
sbidYi7fbif6qNsMpwBKvyF5DKcLCbjaegpADsKqNux,SolBlaze,0slot-de1,1,8,0.125
sbidYi7fbif6qNsMpwBKvyF5DKcLCbjaegpADsKqNux,SolBlaze,astralane-fra,1,8,0.125
sbidYi7fbif6qNsMpwBKvyF5DKcLCbjaegpADsKqNux,SolBlaze,bloxroute-quic-fra,1,8,0.125
sbidYi7fbif6qNsMpwBKvyF5DKcLCbjaegpADsKqNux,SolBlaze,nextblock-quic-fra,1,8,0.125
sfvTq7ojrEc5WdXcHijz676eX1pc5MgoLxbkYSdRDAB,soltop.sh,astralane-quic-fra,3,8,0.375
sfvTq7ojrEc5WdXcHijz676eX1pc5MgoLxbkYSdRDAB,soltop.sh,astralane-fra,2,8,0.25
uEhHSnCXvWgtgvVaYscPHjG13G3peMmngQQ2ghC54i3,Satellite Staking,0slot-de1,7,8,0.875
uEhHSnCXvWgtgvVaYscPHjG13G3peMmngQQ2ghC54i3,Satellite Staking,bloxroute-quic-fra,1,8,0.125
xLabscif2DLnYg39rQThqi7A9E45L9qiysRZhmZ1ARE,xLabs,astralane-fra,3,8,0.375
xLabscif2DLnYg39rQThqi7A9E45L9qiysRZhmZ1ARE,xLabs,astralane-quic-fra,3,8,0.375
xLabscif2DLnYg39rQThqi7A9E45L9qiysRZhmZ1ARE,xLabs,triton-fra,1,8,0.125
zeroT6PTAEjipvZuACTh1mbGCqTHgA6i1ped9DcuidX,0base.vc 🇰🇷 | MEV 🔥,astralane-quic-fra,4,8,0.5
zeroT6PTAEjipvZuACTh1mbGCqTHgA6i1ped9DcuidX,0base.vc 🇰🇷 | MEV 🔥,astralane-fra,2,8,0.25
Ey3DkEVbfBxfWmkTsG7Hqj7jshYf5Zx9H8462Zjjkykf,SolBrothers,triton-fra,3,7,0.4286
Ey3DkEVbfBxfWmkTsG7Hqj7jshYf5Zx9H8462Zjjkykf,SolBrothers,astralane-quic-fra,2,7,0.2857
Ey3DkEVbfBxfWmkTsG7Hqj7jshYf5Zx9H8462Zjjkykf,SolBrothers,nextblock-quic-fra,1,7,0.1429
Ey3DkEVbfBxfWmkTsG7Hqj7jshYf5Zx9H8462Zjjkykf,SolBrothers,nozomi-fra,1,7,0.1429
sZAqxCSN5kkVfG2s65Bje4jzCkD2aLyk21qU95PMf2Y,Dual Validator,triton-fra,2,7,0.2857
sZAqxCSN5kkVfG2s65Bje4jzCkD2aLyk21qU95PMf2Y,Dual Validator,0slot-de1,1,7,0.1429
sZAqxCSN5kkVfG2s65Bje4jzCkD2aLyk21qU95PMf2Y,Dual Validator,helius-dual,1,7,0.1429
1KXvrkPXwkGF6NK1zyzVuJqbXfpenPVPP6hoiK9bsK3,1000X.sh,0slot-de1,3,4,0.75
1KXvrkPXwkGF6NK1zyzVuJqbXfpenPVPP6hoiK9bsK3,1000X.sh,triton-fra,1,4,0.25
2P9ZYA4vBoBBr56hrEFTmrd5ctuz3r7wtvRYmbgk6jRL,Sunshine,0slot-de1,4,4,1.0
2bpfa8JbFfZUGUsedDsemu6vQUxbhcEM8ALSH3PgXd2d,EAC,astralane-quic-fra,3,4,0.75
2bpfa8JbFfZUGUsedDsemu6vQUxbhcEM8ALSH3PgXd2d,EAC,astralane-fra,1,4,0.25
2icWF7TvxyycF7d1NHpMZYuJJqiRy2h7wmjFSbqUij1B,,helius-dual,3,4,0.75
2icWF7TvxyycF7d1NHpMZYuJJqiRy2h7wmjFSbqUij1B,,syncro-fra,1,4,0.25
2nhGaJvR17TeytzJVajPfABHQcAwinKoCG8F69gRdQot,WinStake Labs,0slot-de1,2,4,0.5
2nhGaJvR17TeytzJVajPfABHQcAwinKoCG8F69gRdQot,WinStake Labs,triton-fra,2,4,0.5
32jCuWyy4aJjyv4gd4DSGBHmFU5KUSSfqbmPb9GpMin6,,helius-fra,2,4,0.5
32jCuWyy4aJjyv4gd4DSGBHmFU5KUSSfqbmPb9GpMin6,,triton-fra,1,4,0.25
3BeharBd3j4sKQp7Qze27JLQLd9AEEwGTX9TC7dXYSNw,Dragon Trust Stake,0slot-de1,3,4,0.75
3BeharBd3j4sKQp7Qze27JLQLd9AEEwGTX9TC7dXYSNw,Dragon Trust Stake,triton-fra,1,4,0.25
3CKKAoVi94EnfX8QcVxEmk8CAvZTc6nAYzXp1WkSUofX,Solid State Nodes,0slot-de1,2,4,0.5
3CKKAoVi94EnfX8QcVxEmk8CAvZTc6nAYzXp1WkSUofX,Solid State Nodes,blockrazor,1,4,0.25
3CKKAoVi94EnfX8QcVxEmk8CAvZTc6nAYzXp1WkSUofX,Solid State Nodes,triton-fra,1,4,0.25
3DaifGfDESUzer5ggUeo6UDjqEKMkCpdNSrrvyuggHVe,Speedlanding Validator,0slot-de1,1,4,0.25
3DaifGfDESUzer5ggUeo6UDjqEKMkCpdNSrrvyuggHVe,Speedlanding Validator,blockrazor,1,4,0.25
3DaifGfDESUzer5ggUeo6UDjqEKMkCpdNSrrvyuggHVe,Speedlanding Validator,bloxroute-fra,1,4,0.25
3KNGMiXwhy2CAWVNpLoUt25sNngFnX1mZpaiEeVccBA6,01node,0slot-de1,3,4,0.75
3KNGMiXwhy2CAWVNpLoUt25sNngFnX1mZpaiEeVccBA6,01node,helius-dual,1,4,0.25
3rqEEEGjHRyndHuduBcjkf17rX3hgmGACpYTQYeZ5Ltk,StakeThat +MEV,0slot-de1,2,4,0.5
3rqEEEGjHRyndHuduBcjkf17rX3hgmGACpYTQYeZ5Ltk,StakeThat +MEV,nozomi-fra,1,4,0.25
3rqEEEGjHRyndHuduBcjkf17rX3hgmGACpYTQYeZ5Ltk,StakeThat +MEV,triton-fra,1,4,0.25
3x9nibnhgBHWKMRiGnsXJELRBjviQpKyigfrXtKW27KJ,Staking kiwi validator,0slot-de1,3,4,0.75
3x9nibnhgBHWKMRiGnsXJELRBjviQpKyigfrXtKW27KJ,Staking kiwi validator,allenhark-quic-fra,1,4,0.25
4JahMMrVRS1gimWoXpD5H6KwKc2MrsoTDFMaStMttL1E,xSTAKE | 0% fee,triton-fra,2,4,0.5
4JahMMrVRS1gimWoXpD5H6KwKc2MrsoTDFMaStMttL1E,xSTAKE | 0% fee,0slot-de1,1,4,0.25
4JahMMrVRS1gimWoXpD5H6KwKc2MrsoTDFMaStMttL1E,xSTAKE | 0% fee,helius-fra,1,4,0.25
4Kbcyn7JVPAWLRLPsNGTPmcNMvCkLTw51ZLRhqsUC6jP,,helius-dual,1,4,0.25
4SgoyAwN26iu9Gpf12Bk1rnzp4G4yDUM3XVv4w7VQcAf,SkipLine,triton-fra,2,4,0.5
4SgoyAwN26iu9Gpf12Bk1rnzp4G4yDUM3XVv4w7VQcAf,SkipLine,0slot-de1,1,4,0.25
4SgoyAwN26iu9Gpf12Bk1rnzp4G4yDUM3XVv4w7VQcAf,SkipLine,bloxroute-quic-fra,1,4,0.25
4b1onMDEasBh4BuPekQWijx3BYR64hAE1z2jJyeZUkck,4BLOCK 0% Fee + Jito All MEV,triton-fra,4,4,1.0
4uH4G6YiD5G8rU3mtPg73C2Uqamrqedy3FboTZcZrh6x,Windfall,0slot-de1,1,4,0.25
4uH4G6YiD5G8rU3mtPg73C2Uqamrqedy3FboTZcZrh6x,Windfall,helius-fra,1,4,0.25
5AsoSeQtLoN8eLsf3wKrR3LwxHME4sTBGR6dpTCP1k3H,some name,bloxroute-quic-fra,2,4,0.5
5AsoSeQtLoN8eLsf3wKrR3LwxHME4sTBGR6dpTCP1k3H,some name,astralane-fra,1,4,0.25
5AsoSeQtLoN8eLsf3wKrR3LwxHME4sTBGR6dpTCP1k3H,some name,triton-fra,1,4,0.25
5HCTsoKM7vwjubSZSyVWChaHQ9sNNRB1d2SuvL3eZ6Y6,Amber,triton-fra,4,4,1.0
5N9r2ne7dPgHtzeHC5ETJ3DAueKQiXSU8KAmEZrrojT7,thugDAO Validator,0slot-de1,3,4,0.75
5N9r2ne7dPgHtzeHC5ETJ3DAueKQiXSU8KAmEZrrojT7,thugDAO Validator,triton-fra,1,4,0.25
5ghoFEVrsXeAPB6SUmBpZ2xq3KvHEjNMeSaBnxEBXkHV,DarkTower,0slot-de1,2,4,0.5
5ghoFEVrsXeAPB6SUmBpZ2xq3KvHEjNMeSaBnxEBXkHV,DarkTower,astralane-fra,1,4,0.25
5ghoFEVrsXeAPB6SUmBpZ2xq3KvHEjNMeSaBnxEBXkHV,DarkTower,astralane-quic-fra,1,4,0.25
5yEnvhM4Ld3UZs2n173J2iR369E1ddcbQYeLSZxk4cYj,Dan's Validator,0slot-de1,2,4,0.5
5yEnvhM4Ld3UZs2n173J2iR369E1ddcbQYeLSZxk4cYj,Dan's Validator,astralane-fra,1,4,0.25
5yEnvhM4Ld3UZs2n173J2iR369E1ddcbQYeLSZxk4cYj,Dan's Validator,bloxroute-fra,1,4,0.25
5ysfTZ42VT1TjnjzQShZSrix7wdVtjXwssocSeYKDs5d,LEVMA - 0% fee,0slot-de1,3,4,0.75
5ysfTZ42VT1TjnjzQShZSrix7wdVtjXwssocSeYKDs5d,LEVMA - 0% fee,astralane-fra,1,4,0.25
6pEtDovpyd1zUMYPuNhMCPU37sUTEAtzzgoVVAh1G1JL,Zemnoi 👾,0slot-de1,2,4,0.5
6pEtDovpyd1zUMYPuNhMCPU37sUTEAtzzgoVVAh1G1JL,Zemnoi 👾,triton-fra,2,4,0.5
6qwYjs5vCSEKaTMBbHinnW8fvdGj1r8cpzPoAV1EHKsw,Fast Runner,triton-fra,3,4,0.75
6qwYjs5vCSEKaTMBbHinnW8fvdGj1r8cpzPoAV1EHKsw,Fast Runner,0slot-de1,1,4,0.25
6xUK9Nbonr4eoJNtHGoUEMmYKoPz5mipKzyDBv6deX4d,LuSOL +MEV,0slot-de1,3,4,0.75
73hojLdq1vZDSxeVQEqVFJ4iwLngdvEJPEpEHkSdv6BZ,SuperteamDE x Staking Facilities | Public Goods Validator,0slot-de1,1,4,0.25
73hojLdq1vZDSxeVQEqVFJ4iwLngdvEJPEpEHkSdv6BZ,SuperteamDE x Staking Facilities | Public Goods Validator,astralane-fra,1,4,0.25
73hojLdq1vZDSxeVQEqVFJ4iwLngdvEJPEpEHkSdv6BZ,SuperteamDE x Staking Facilities | Public Goods Validator,astralane-quic-fra,1,4,0.25
73hojLdq1vZDSxeVQEqVFJ4iwLngdvEJPEpEHkSdv6BZ,SuperteamDE x Staking Facilities | Public Goods Validator,nozomi-fra,1,4,0.25
74Xkp2iLXm315h69sFRiCFjmKnaWkMV8W2LgJwPRSgN5,,astralane-fra,2,4,0.5
74Xkp2iLXm315h69sFRiCFjmKnaWkMV8W2LgJwPRSgN5,,astralane-quic-fra,2,4,0.5
7MTjmteQHhthwwTZhUzsc2dP4NBvGNRqj8jzdqNxHFGE,WEB34EVER ∞ POSTHUMAN,astralane-fra,2,4,0.5
7MTjmteQHhthwwTZhUzsc2dP4NBvGNRqj8jzdqNxHFGE,WEB34EVER ∞ POSTHUMAN,astralane-quic-fra,1,4,0.25
7MTjmteQHhthwwTZhUzsc2dP4NBvGNRqj8jzdqNxHFGE,WEB34EVER ∞ POSTHUMAN,triton-fra,1,4,0.25
7d7x84jiVtqpz9NK88ocLmu4L15uhdnzMEDmo8Py8oVi,Validatize Validator,0slot-de1,1,4,0.25
7d7x84jiVtqpz9NK88ocLmu4L15uhdnzMEDmo8Py8oVi,Validatize Validator,helius-dual,1,4,0.25
7d7x84jiVtqpz9NK88ocLmu4L15uhdnzMEDmo8Py8oVi,Validatize Validator,nozomi-fra,1,4,0.25
7d7x84jiVtqpz9NK88ocLmu4L15uhdnzMEDmo8Py8oVi,Validatize Validator,triton-fra,1,4,0.25
7nzTzRZzezmugqE5ZjHRMxarhXunpwZ2PUdjV7uYzt7A,Solar | Empowering Youth | 0% Fee + MEV Rewards,0slot-de1,2,4,0.5
7nzTzRZzezmugqE5ZjHRMxarhXunpwZ2PUdjV7uYzt7A,Solar | Empowering Youth | 0% Fee + MEV Rewards,triton-fra,2,4,0.5
8AkVj5aAtJ27tYXeq89cnSf68V43NarFHMx2iSDjZv7c,Theta,0slot-de1,1,4,0.25
8AkVj5aAtJ27tYXeq89cnSf68V43NarFHMx2iSDjZv7c,Theta,blockrazor,1,4,0.25
8AkVj5aAtJ27tYXeq89cnSf68V43NarFHMx2iSDjZv7c,Theta,bloxroute-fra,1,4,0.25
8AkVj5aAtJ27tYXeq89cnSf68V43NarFHMx2iSDjZv7c,Theta,helius-dual,1,4,0.25
8augxYLUge2iWmitQMwbcBL5VQEpsM6aJdRofhwpnzyw,Stake.Cake,0slot-de1,2,4,0.5
8augxYLUge2iWmitQMwbcBL5VQEpsM6aJdRofhwpnzyw,Stake.Cake,bloxroute-fra,1,4,0.25
8augxYLUge2iWmitQMwbcBL5VQEpsM6aJdRofhwpnzyw,Stake.Cake,bloxroute-quic-fra,1,4,0.25
8aySXUFrqJz5kath6aVijrkBH8ZtxMWJGhYXwYBpKmHK,L0vd 0% fee +MEV,triton-fra,3,4,0.75
8aySXUFrqJz5kath6aVijrkBH8ZtxMWJGhYXwYBpKmHK,L0vd 0% fee +MEV,syncro-fra,1,4,0.25
8cnksBVjDPspn3AvmxJd8JKUdh4uWDDXzDemPmDctaHi,StakeWave,triton-fra,3,4,0.75
8cnksBVjDPspn3AvmxJd8JKUdh4uWDDXzDemPmDctaHi,StakeWave,0slot-de1,1,4,0.25
8cqck84coxk8TGXYBD95QosKCEA6fKwXLevcEv3oGmu8,Orbyval,0slot-de1,4,4,1.0
93Q99nhdKjuSe6WNXgMBbC3s8QVQEAoHKt91PNRkUkMn,STEALTH,triton-fra,3,4,0.75
93Q99nhdKjuSe6WNXgMBbC3s8QVQEAoHKt91PNRkUkMn,STEALTH,0slot-de1,1,4,0.25
9FXD1NXrK6xFU8i4gLAgjj2iMEWTqJhSuQN8tQuDfm2e,Grassets Tech | Jito-BAM | IBRL,triton-fra,2,4,0.5
9FXD1NXrK6xFU8i4gLAgjj2iMEWTqJhSuQN8tQuDfm2e,Grassets Tech | Jito-BAM | IBRL,0slot-de1,1,4,0.25
9FXD1NXrK6xFU8i4gLAgjj2iMEWTqJhSuQN8tQuDfm2e,Grassets Tech | Jito-BAM | IBRL,nextblock-quic-fra,1,4,0.25
9bkyxgYxRrysC1ijd6iByp9idn112CnYTw243fdH2Uvr,Legends,triton-fra,3,4,0.75
9hQqNe3DQTiwhspatewA8EXhz12e6sq5UJVJ2qNRwnTf,Stake Shark,blockrazor,1,4,0.25
9hQqNe3DQTiwhspatewA8EXhz12e6sq5UJVJ2qNRwnTf,Stake Shark,helius-fra,1,4,0.25
9hQqNe3DQTiwhspatewA8EXhz12e6sq5UJVJ2qNRwnTf,Stake Shark,nozomi-fra,1,4,0.25
9ppJrpsbbuGNjiMhhD52Ueco4KXUzVfrtNQ6tAcDab4f,johndoe,0slot-de1,2,4,0.5
9ppJrpsbbuGNjiMhhD52Ueco4KXUzVfrtNQ6tAcDab4f,johndoe,allenhark-quic-ams,1,4,0.25
9ppJrpsbbuGNjiMhhD52Ueco4KXUzVfrtNQ6tAcDab4f,johndoe,triton-fra,1,4,0.25
9q16BB7WGmBxf1nJTdxH5zPnBUhtHqdqXqRFjSjuM4k7,JDO Mainnet Validator,triton-fra,3,4,0.75
9q16BB7WGmBxf1nJTdxH5zPnBUhtHqdqXqRFjSjuM4k7,JDO Mainnet Validator,astralane-fra,1,4,0.25
9ueKvL3WiLM4mNUZrfWqPTYY2Np5YwzFTYvAiPibx1Zq,,0slot-de1,2,4,0.5
9ueKvL3WiLM4mNUZrfWqPTYY2Np5YwzFTYvAiPibx1Zq,,triton-fra,2,4,0.5
AEAJtnjjB19XFreJH21UP8rfd12f9kxMmngwZG3tGXbP,Black Sand,astralane-quic-fra,2,4,0.5
AEAJtnjjB19XFreJH21UP8rfd12f9kxMmngwZG3tGXbP,Black Sand,astralane-fra,1,4,0.25
AWZhUiQjrjtxL8MEMWsCFbMausFQKkdTnDsFW2i411hN,MeshMap,0slot-de1,2,4,0.5
AWZhUiQjrjtxL8MEMWsCFbMausFQKkdTnDsFW2i411hN,MeshMap,triton-fra,2,4,0.5
AccReGBNBdUCEJ7ZyP231jw7uVJ3eF9u4cLBFAyqQuWm,Accretion | r0bre,triton-fra,2,4,0.5
AccReGBNBdUCEJ7ZyP231jw7uVJ3eF9u4cLBFAyqQuWm,Accretion | r0bre,astralane-fra,1,4,0.25
AccReGBNBdUCEJ7ZyP231jw7uVJ3eF9u4cLBFAyqQuWm,Accretion | r0bre,bloxroute-fra,1,4,0.25
AiBEt9kE8yZ4CnaLfTCGMp7Fg2wCtqhPTfvJ8D3zrLfu,nodtech,0slot-de1,2,4,0.5
AiBEt9kE8yZ4CnaLfTCGMp7Fg2wCtqhPTfvJ8D3zrLfu,nodtech,helius-dual,2,4,0.5
AmjX7CerZbHrU814UeBp2gJC7gANNG3KrP4c3RyD7TSD,NTT DOCOMO GLOBAL,0slot-de1,1,4,0.25
AmjX7CerZbHrU814UeBp2gJC7gANNG3KrP4c3RyD7TSD,NTT DOCOMO GLOBAL,blockrazor,1,4,0.25
AmjX7CerZbHrU814UeBp2gJC7gANNG3KrP4c3RyD7TSD,NTT DOCOMO GLOBAL,bloxroute-fra,1,4,0.25
AmjX7CerZbHrU814UeBp2gJC7gANNG3KrP4c3RyD7TSD,NTT DOCOMO GLOBAL,helius-dual,1,4,0.25
As9NxA9bCfhrVLAFyGeWG5X5iLYPGhU3R7nLfX3tN6am,Elysium 🧊 0% fee,0slot-de1,3,4,0.75
As9NxA9bCfhrVLAFyGeWG5X5iLYPGhU3R7nLfX3tN6am,Elysium 🧊 0% fee,triton-fra,1,4,0.25
BNtHBLo1L2vAG7PBQ6mJvWz7GqVPxBnioXsY2Gjtubrg,CatalystX - Innovation OnChain,0slot-de1,2,4,0.5
BNtHBLo1L2vAG7PBQ6mJvWz7GqVPxBnioXsY2Gjtubrg,CatalystX - Innovation OnChain,triton-fra,1,4,0.25
BSGMRbK97DcgLe4u4kfNQnmTVZGVnwdtKQBJqWRBTZxU,Black Sea Gold,0slot-de1,2,4,0.5
BSGMRbK97DcgLe4u4kfNQnmTVZGVnwdtKQBJqWRBTZxU,Black Sea Gold,triton-fra,2,4,0.5
BSMe78Jk1BfeJDdHQj1aXVjrT2aMAYidyNAGQsTshrk,Dalhousie Blockchain Society,astralane-fra,2,4,0.5
BSMe78Jk1BfeJDdHQj1aXVjrT2aMAYidyNAGQsTshrk,Dalhousie Blockchain Society,astralane-quic-fra,1,4,0.25
Bs19Z9SokV1s46jutN9tqqaCgYf1GsVyyytVfkzwn9qK,Empyrial,0slot-de1,2,4,0.5
Bs19Z9SokV1s46jutN9tqqaCgYf1GsVyyytVfkzwn9qK,Empyrial,triton-fra,2,4,0.5
BuonuQoAR74GoMwCFhxKWVWWSGGt2wfbNmQ3cizaJ97G,Solarius☀️,0slot-de1,2,4,0.5
BuonuQoAR74GoMwCFhxKWVWWSGGt2wfbNmQ3cizaJ97G,Solarius☀️,astralane-fra,1,4,0.25
BuonuQoAR74GoMwCFhxKWVWWSGGt2wfbNmQ3cizaJ97G,Solarius☀️,astralane-quic-fra,1,4,0.25
ByszyWdqC3rVMWy8f6jwK5cmwkpwYdwsr7UL58xS5vnm,ILY♡ Validator ➕ Firedancer🔥 ||neochibi culture X:@ILY_validator,astralane-quic-fra,1,4,0.25
ByszyWdqC3rVMWy8f6jwK5cmwkpwYdwsr7UL58xS5vnm,ILY♡ Validator ➕ Firedancer🔥 ||neochibi culture X:@ILY_validator,helius-fra,1,4,0.25
ByszyWdqC3rVMWy8f6jwK5cmwkpwYdwsr7UL58xS5vnm,ILY♡ Validator ➕ Firedancer🔥 ||neochibi culture X:@ILY_validator,nozomi-fra,1,4,0.25
ByszyWdqC3rVMWy8f6jwK5cmwkpwYdwsr7UL58xS5vnm,ILY♡ Validator ➕ Firedancer🔥 ||neochibi culture X:@ILY_validator,triton-fra,1,4,0.25
CARBN9PY1Qej1aCg4885pfoYH8EHfjWuMy59pVa48ky,Cloak,astralane-fra,3,4,0.75
CARBN9PY1Qej1aCg4885pfoYH8EHfjWuMy59pVa48ky,Cloak,0slot-de1,1,4,0.25
CLsFr1KZVbAyz16iFpwg2e4hiekR1unpwyxfNdjBMaoE,Vault,0slot-de1,3,4,0.75
CLsFr1KZVbAyz16iFpwg2e4hiekR1unpwyxfNdjBMaoE,Vault,triton-fra,1,4,0.25
CTDGxTK789ZvhgyHZHtSnxTtysbyY1mrywXEJiYYqXxC,Cointelegraph Decentralization Guardians,triton-fra,2,4,0.5
CTDGxTK789ZvhgyHZHtSnxTtysbyY1mrywXEJiYYqXxC,Cointelegraph Decentralization Guardians,0slot-de1,1,4,0.25
CTDGxTK789ZvhgyHZHtSnxTtysbyY1mrywXEJiYYqXxC,Cointelegraph Decentralization Guardians,helius-fra,1,4,0.25
CTwsruptUccEtZGNxBDbuusHYxkBX3P6ndrxVjSG213y,CryptoVik,triton-fra,3,4,0.75
CTwsruptUccEtZGNxBDbuusHYxkBX3P6ndrxVjSG213y,CryptoVik,0slot-de1,1,4,0.25
CVGwNaC1FaG95hRBHUuieDLyQU2hJuGhPduu2cMyHnw6,,0slot-de1,1,4,0.25
CVGwNaC1FaG95hRBHUuieDLyQU2hJuGhPduu2cMyHnw6,,triton-fra,1,4,0.25
CZanBzZHFzrGY5qKzaX3CNhJ5smHEMTWFFnoeUi4J6dr,Omakase,0slot-de1,1,4,0.25
CZanBzZHFzrGY5qKzaX3CNhJ5smHEMTWFFnoeUi4J6dr,Omakase,bloxroute-quic-fra,1,4,0.25
CZanBzZHFzrGY5qKzaX3CNhJ5smHEMTWFFnoeUi4J6dr,Omakase,nozomi-fra,1,4,0.25
ChaossRPGKnsVhX1GfPC78yq5Sqju4cMThcAsKZNz5d6,Udder Chaos 🐄,0slot-de1,1,4,0.25
ChaossRPGKnsVhX1GfPC78yq5Sqju4cMThcAsKZNz5d6,Udder Chaos 🐄,triton-fra,1,4,0.25
CjmXSapt1ouz3CZzgkRJckBEwMSo5fVdVrizLeRscwYD,Mad Lads,0slot-de1,2,4,0.5
CjmXSapt1ouz3CZzgkRJckBEwMSo5fVdVrizLeRscwYD,Mad Lads,triton-fra,2,4,0.5
CpNnGGhgVATJAbzHUXdrcGfpPiGuZyPka4QUmH7YgavX,DICS - Degen Infrastructure Core Services,triton-fra,3,4,0.75
CpNnGGhgVATJAbzHUXdrcGfpPiGuZyPka4QUmH7YgavX,DICS - Degen Infrastructure Core Services,astralane-quic-fra,1,4,0.25
CpgSfd6QUoBw1267rTtJoZhELqC5q7isKLojBifSbNEE,WestSide 🖖,0slot-de1,3,4,0.75
CpgSfd6QUoBw1267rTtJoZhELqC5q7isKLojBifSbNEE,WestSide 🖖,triton-fra,1,4,0.25
CtvdyHYt8cMuGVHFarV2RADfoCdnrbd8e9jAsB225uMW,SolanaBull 🚀,triton-fra,2,4,0.5
CtvdyHYt8cMuGVHFarV2RADfoCdnrbd8e9jAsB225uMW,SolanaBull 🚀,0slot-de1,1,4,0.25
CtvdyHYt8cMuGVHFarV2RADfoCdnrbd8e9jAsB225uMW,SolanaBull 🚀,bloxroute-quic-fra,1,4,0.25
D1A4F2yh38JLQExKjDiCi4G2tCMwj93c3sikseSSePKe,,nextblock-quic-fra,3,4,0.75
D1A4F2yh38JLQExKjDiCi4G2tCMwj93c3sikseSSePKe,,helius-dual,1,4,0.25
D4r6Rcua2L7nHHhdaiZe2k2bTfPg2WQqcNYpG6bugvCG,Limitless Systems,nextblock-quic-fra,2,4,0.5
D4r6Rcua2L7nHHhdaiZe2k2bTfPg2WQqcNYpG6bugvCG,Limitless Systems,0slot-de1,1,4,0.25
DiFeTctQSaNczJNmZ5121kYqLaBe9wDpM9sjCzTELJLE,Serhio911,triton-fra,2,4,0.5
DiFeTctQSaNczJNmZ5121kYqLaBe9wDpM9sjCzTELJLE,Serhio911,bloxroute-fra,1,4,0.25
DiFeTctQSaNczJNmZ5121kYqLaBe9wDpM9sjCzTELJLE,Serhio911,bloxroute-quic-fra,1,4,0.25
DupN8puwoPdFo9EYm8AXemEn9cMsore1QmZzfPaxyUG4,Buffalo Steve,triton-fra,2,4,0.5
DupN8puwoPdFo9EYm8AXemEn9cMsore1QmZzfPaxyUG4,Buffalo Steve,0slot-de1,1,4,0.25
DupN8puwoPdFo9EYm8AXemEn9cMsore1QmZzfPaxyUG4,Buffalo Steve,astralane-fra,1,4,0.25
EATpCzQNs8BzZh1mx1hXMAJm3o1MLXakTXr4UEmcsY7f,EAT TRIBE,0slot-de1,2,4,0.5
EATpCzQNs8BzZh1mx1hXMAJm3o1MLXakTXr4UEmcsY7f,EAT TRIBE,triton-fra,1,4,0.25
EN5F2BU5juUEWr9zRNNqKuQMi9zBUY1YLPHV5EyMrvnW,SunshineVR,0slot-de1,2,4,0.5
EN5F2BU5juUEWr9zRNNqKuQMi9zBUY1YLPHV5EyMrvnW,SunshineVR,astralane-quic-fra,1,4,0.25
EN5F2BU5juUEWr9zRNNqKuQMi9zBUY1YLPHV5EyMrvnW,SunshineVR,triton-fra,1,4,0.25
EdFUcP2f6j9iBg5BqsgJn3WDr1JieiKCo41hZ5Zrsk6w,Bitget Wallet,0slot-de1,2,4,0.5
EdFUcP2f6j9iBg5BqsgJn3WDr1JieiKCo41hZ5Zrsk6w,Bitget Wallet,helius-dual,1,4,0.25
EydLxzdWfD434DDxZYXkTcajvK5VKH7p6CofEDCRUkJ4,Bernardo Beacon,triton-fra,3,4,0.75
EydLxzdWfD434DDxZYXkTcajvK5VKH7p6CofEDCRUkJ4,Bernardo Beacon,0slot-de1,1,4,0.25
F6kVwubXEfZZo6e4Kozrtg7WoWk5wTRmrC8pwoxSLa7S,,0slot-de1,3,4,0.75
F6kVwubXEfZZo6e4Kozrtg7WoWk5wTRmrC8pwoxSLa7S,,triton-fra,1,4,0.25
FFevTkywysWf8PJvH4DZkEp4v9ks9HJPJhZWbhhJiYnr,Hinode Technologies,0slot-de1,4,4,1.0
FLwV8tm3pL8pZj6d927VASzPrgW51Gf4nRJuTewrfega,Velox Validator,0slot-de1,3,4,0.75
FLwV8tm3pL8pZj6d927VASzPrgW51Gf4nRJuTewrfega,Velox Validator,triton-fra,1,4,0.25
FSyAsxcE7g8pSSEu5nx7Hkz44rMZiYio5Wz8Lszh3Nbi,Honeybee 🐝 +Jito,triton-fra,3,4,0.75
FZrSKKsKfZJovcQWRQFDXz8DbHKCSRZLZqbBAGd1dG57,,astralane-quic-fra,1,4,0.25
G1eAmANVWf6ZeoxG4aMbS1APauyEDHqLxHFytzk5hZqN,Gleam,0slot-de1,3,4,0.75
G1eAmANVWf6ZeoxG4aMbS1APauyEDHqLxHFytzk5hZqN,Gleam,triton-fra,1,4,0.25
G4GT8z4AKWNoy3x6nuzxW83UfFXLXzrwn7DZQt4GvWdU,FREEZZ,0slot-de1,3,4,0.75
G4GT8z4AKWNoy3x6nuzxW83UfFXLXzrwn7DZQt4GvWdU,FREEZZ,triton-fra,1,4,0.25
GGX3BEoZDqjxcw4AbCdu62ZTMrkpSgmPt81oP2mVuZNS,HashKey Cloud,0slot-de1,1,4,0.25
GQiWnDYrzHMALWG9avt5FCu1wisAQHjGY5ve7GMBiPEe,Nam-dok-mai 🤑 stake-earn-repeat,0slot-de1,2,4,0.5
GQiWnDYrzHMALWG9avt5FCu1wisAQHjGY5ve7GMBiPEe,Nam-dok-mai 🤑 stake-earn-repeat,astralane-quic-fra,1,4,0.25
GQiWnDYrzHMALWG9avt5FCu1wisAQHjGY5ve7GMBiPEe,Nam-dok-mai 🤑 stake-earn-repeat,syncro-fra,1,4,0.25
GRT7yrpfF1TEvp3RmCzu5YZ74B4EueVMPg5NYtSiPwtD,Tramplin,0slot-de1,4,4,1.0
H9ENbtmy2tWFtAJNmpC8xQtbcr1NTp4FXLdphRaG8L2T,Bubbles,astralane-quic-fra,3,4,0.75
H9ENbtmy2tWFtAJNmpC8xQtbcr1NTp4FXLdphRaG8L2T,Bubbles,astralane-fra,1,4,0.25
HnwMGBAw5PxaX56eSYc969MorEy2NzEMPLkmBkdnJmeq,⭐StepByStep⭐ Jito BAM,triton-fra,2,4,0.5
HnwMGBAw5PxaX56eSYc969MorEy2NzEMPLkmBkdnJmeq,⭐StepByStep⭐ Jito BAM,0slot-de1,1,4,0.25
HnwMGBAw5PxaX56eSYc969MorEy2NzEMPLkmBkdnJmeq,⭐StepByStep⭐ Jito BAM,helius-dual,1,4,0.25
LitxAVo3RnYXD2sX1TyRJxfnKy48amXgyGiysPZjZwE,Litx - 0% Commission,0slot-de1,2,4,0.5
LitxAVo3RnYXD2sX1TyRJxfnKy48amXgyGiysPZjZwE,Litx - 0% Commission,nozomi-fra,1,4,0.25
LunaowJnt875WWoqDkhHhE93SNYHa6tfFNVn1rqc57c,LunaNova,0slot-de1,2,4,0.5
LunaowJnt875WWoqDkhHhE93SNYHa6tfFNVn1rqc57c,LunaNova,triton-fra,2,4,0.5
MFLKSo4XDfrBf4FByx76zYM2dXSWcigag7ec2bCHTR4,The Mindfolk,astralane-quic-fra,1,4,0.25
MicoB9cA9R6jsicdhzWFjwd9HMkV8FA4o3WxYU6Z2yz,MICOBO,0slot-de1,3,4,0.75
MicoB9cA9R6jsicdhzWFjwd9HMkV8FA4o3WxYU6Z2yz,MICOBO,astralane-quic-fra,1,4,0.25
Mwz8VgAEnPtfqS62r3ixrFiMJwnNfEwR141CGnsTo5k,Rain Works💧MEV💧0% fees,0slot-de1,2,4,0.5
Mwz8VgAEnPtfqS62r3ixrFiMJwnNfEwR141CGnsTo5k,Rain Works💧MEV💧0% fees,bloxroute-fra,1,4,0.25
Mwz8VgAEnPtfqS62r3ixrFiMJwnNfEwR141CGnsTo5k,Rain Works💧MEV💧0% fees,helius-dual,1,4,0.25
N43JWBg42ZoUFMkHsRUVbP7wGVdxaHKanqaF9BBNiFC,Quantix,0slot-de1,2,4,0.5
N43JWBg42ZoUFMkHsRUVbP7wGVdxaHKanqaF9BBNiFC,Quantix,astralane-fra,1,4,0.25
N43JWBg42ZoUFMkHsRUVbP7wGVdxaHKanqaF9BBNiFC,Quantix,nozomi-fra,1,4,0.25
NLMSHTjmSiRxGJPs3uaqtsFBC2dTGYwK41U18Nmw5kH,T-STAKE Systems,0slot-de1,3,4,0.75
NLMSHTjmSiRxGJPs3uaqtsFBC2dTGYwK41U18Nmw5kH,T-STAKE Systems,triton-fra,1,4,0.25
NWY18yrPHsTogTDq78HpB51D7gC5AGRsvJ5pPqSchkH,,0slot-de1,2,4,0.5
NWY18yrPHsTogTDq78HpB51D7gC5AGRsvJ5pPqSchkH,,astralane-fra,1,4,0.25
NWY18yrPHsTogTDq78HpB51D7gC5AGRsvJ5pPqSchkH,,triton-fra,1,4,0.25
NordEHiwa6wT5TCjdeWJzpsA7DSmWQPqfSS7m2b6cv3,nordstar ⭐ reliable staking +MEV,triton-fra,2,4,0.5
NordEHiwa6wT5TCjdeWJzpsA7DSmWQPqfSS7m2b6cv3,nordstar ⭐ reliable staking +MEV,0slot-de1,1,4,0.25
NordEHiwa6wT5TCjdeWJzpsA7DSmWQPqfSS7m2b6cv3,nordstar ⭐ reliable staking +MEV,astralane-quic-fra,1,4,0.25
REA1zKzM5WjDEcpB27Zx2Rk16foNPtLGTETy93LLgNw,,0slot-de1,3,4,0.75
REA1zKzM5WjDEcpB27Zx2Rk16foNPtLGTETy93LLgNw,,nozomi-fra,1,4,0.25
RLMS1pv3YKi7CSUCKTNcFN5fFkXJc2SmCwPhbQpqZJo,Realms Validator,allenhark-quic-ams,1,4,0.25
RLMS1pv3YKi7CSUCKTNcFN5fFkXJc2SmCwPhbQpqZJo,Realms Validator,triton-fra,1,4,0.25
ReFiqMfGnc7tW8WQtFFcJRPZSDAWDBnAsdoFYF2QnfR,ReFi Hub,astralane-fra,2,4,0.5
ReFiqMfGnc7tW8WQtFFcJRPZSDAWDBnAsdoFYF2QnfR,ReFi Hub,0slot-de1,1,4,0.25
ReFiqMfGnc7tW8WQtFFcJRPZSDAWDBnAsdoFYF2QnfR,ReFi Hub,astralane-quic-fra,1,4,0.25
RoYFUUD7QD9aQ34UCMcwfye8dC5YvJeXz2J3mmoy5S4,Lifinity Protocol,0slot-de1,3,4,0.75
RoYFUUD7QD9aQ34UCMcwfye8dC5YvJeXz2J3mmoy5S4,Lifinity Protocol,triton-fra,1,4,0.25
SPHERExTW7GaMgS4RN6MbghYvXU2REfFWHgpxMH1P69,Sphere,0slot-de1,2,4,0.5
SPHERExTW7GaMgS4RN6MbghYvXU2REfFWHgpxMH1P69,Sphere,triton-fra,1,4,0.25
SQDS9iwyWvT2mQbSZzuNKGoxuBug5jRHouF6SuMRBkA,Squads,0slot-de1,2,4,0.5
SQDS9iwyWvT2mQbSZzuNKGoxuBug5jRHouF6SuMRBkA,Squads,triton-fra,2,4,0.5
STaKesuXJH6UGRizuEVSWG1tyLu5ycKgWj3i1HUdvs5,Private,triton-fra,3,4,0.75
STaKesuXJH6UGRizuEVSWG1tyLu5ycKgWj3i1HUdvs5,Private,astralane-quic-fra,1,4,0.25
SaV6UWBaE8M3kwMBfAhQ6Tmvd2qdJRm94NTwLqtoyGd,South African Community Validator,bloxroute-fra,2,4,0.5
SaV6UWBaE8M3kwMBfAhQ6Tmvd2qdJRm94NTwLqtoyGd,South African Community Validator,allenhark-quic-fra,1,4,0.25
SaV6UWBaE8M3kwMBfAhQ6Tmvd2qdJRm94NTwLqtoyGd,South African Community Validator,blockrazor,1,4,0.25
SscQkTYV2BFQYGGffAmTzvefrFrw6z9GNYiWHstVZ77,dogo validator,0slot-de1,3,4,0.75
SscQkTYV2BFQYGGffAmTzvefrFrw6z9GNYiWHstVZ77,dogo validator,triton-fra,1,4,0.25
Tri1F8B6YtjkBztGCwBNSLEZib1EAqMUEUM7dTT7ZG3,Trillium,0slot-de1,4,4,1.0
VicAQ3U2GjjAuF3tPCtEQZdZKnpAAxkr5Q3zjDKmdo7,LightNode,nextblock-quic-fra,2,4,0.5
VicAQ3U2GjjAuF3tPCtEQZdZKnpAAxkr5Q3zjDKmdo7,LightNode,allenhark-quic-fra,1,4,0.25
VicAQ3U2GjjAuF3tPCtEQZdZKnpAAxkr5Q3zjDKmdo7,LightNode,nozomi-fra,1,4,0.25
YE11a5nVJtUNqsojkphYuWc7StqBzbCeFH6BjhAAUEV,Mellow Yellow,0slot-de1,3,4,0.75
avnujiRNoSRe9PcET42DPKznyfYnb2LRaZAsqv6REZo,AVNU,0slot-de1,1,4,0.25
avnujiRNoSRe9PcET42DPKznyfYnb2LRaZAsqv6REZo,AVNU,astralane-fra,1,4,0.25
avnujiRNoSRe9PcET42DPKznyfYnb2LRaZAsqv6REZo,AVNU,bloxroute-fra,1,4,0.25
axy3tCRL3wmFMVG4c69rYurcf4fXhBo2RcuBj9ADnJ4,Somos Validator,0slot-de1,2,4,0.5
axy3tCRL3wmFMVG4c69rYurcf4fXhBo2RcuBj9ADnJ4,Somos Validator,nozomi-fra,1,4,0.25
axy3tCRL3wmFMVG4c69rYurcf4fXhBo2RcuBj9ADnJ4,Somos Validator,triton-fra,1,4,0.25
ciTyjzN9iyobidMycjyqRRM7vXAHXkFzH3m8vEr6cQj,Phase Stake,0slot-de1,2,4,0.5
ciTyjzN9iyobidMycjyqRRM7vXAHXkFzH3m8vEr6cQj,Phase Stake,astralane-fra,1,4,0.25
ciTyjzN9iyobidMycjyqRRM7vXAHXkFzH3m8vEr6cQj,Phase Stake,astralane-quic-fra,1,4,0.25
cybi55ebub37HZW9YmRaLh59Lh3kqaLTsEBQwW6vFkC,CyberAlex 👑 MEV,0slot-de1,2,4,0.5
cybi55ebub37HZW9YmRaLh59Lh3kqaLTsEBQwW6vFkC,CyberAlex 👑 MEV,triton-fra,2,4,0.5
dmMwc4RazLHkvDZYrWAfbHQ6cViAvNa5szCJKaiun8S,Ded Monkes,0slot-de1,1,4,0.25
dmMwc4RazLHkvDZYrWAfbHQ6cViAvNa5szCJKaiun8S,Ded Monkes,triton-fra,1,4,0.25
fdzip81euDS8jEZHx5H1mn27zGVMLzkgpQuzYRBfBYG,fd1.zip 📦,0slot-de1,1,4,0.25
fdzip81euDS8jEZHx5H1mn27zGVMLzkgpQuzYRBfBYG,fd1.zip 📦,blockrazor,1,4,0.25
fdzip81euDS8jEZHx5H1mn27zGVMLzkgpQuzYRBfBYG,fd1.zip 📦,bloxroute-fra,1,4,0.25
gangtCrQg5RmKf5yxvhvZThPugPX58pDSdQ5UuS26vN,The Lotus Validator,astralane-fra,2,4,0.5
gangtCrQg5RmKf5yxvhvZThPugPX58pDSdQ5UuS26vN,The Lotus Validator,0slot-de1,1,4,0.25
gangtCrQg5RmKf5yxvhvZThPugPX58pDSdQ5UuS26vN,The Lotus Validator,astralane-quic-fra,1,4,0.25
huinBRP3muBuqZLMW8ARjdn4mBnEmFFcxiBzrkQz553,Huisky Staking,0slot-de1,3,4,0.75
huinBRP3muBuqZLMW8ARjdn4mBnEmFFcxiBzrkQz553,Huisky Staking,triton-fra,1,4,0.25
kREnNfJrPEHbrjSQDxmxZdGmN6hi7ewXZ3UZTURshrk,Rutgers Blockchain,astralane-fra,2,4,0.5
kREnNfJrPEHbrjSQDxmxZdGmN6hi7ewXZ3UZTURshrk,Rutgers Blockchain,triton-fra,2,4,0.5
kom1oNHyyt84XLGVfi5Jo1qkVkU5xG1sBxPG19rWknE,Komorebi,nextblock-quic-fra,3,4,0.75
kom1oNHyyt84XLGVfi5Jo1qkVkU5xG1sBxPG19rWknE,Komorebi,nozomi-fra,1,4,0.25
mALL2W6DUgDDtcyurC9v5YTF2CMMeuRwPBkf6tEoG3y,mallow,0slot-de1,1,4,0.25
mALL2W6DUgDDtcyurC9v5YTF2CMMeuRwPBkf6tEoG3y,mallow,nozomi-fra,1,4,0.25
mds1WWedpezW3qvgML4WgP341jZksYAy5SbMLwjP5KC,,0slot-de1,1,4,0.25
mds1WWedpezW3qvgML4WgP341jZksYAy5SbMLwjP5KC,,astralane-fra,1,4,0.25
mds1WWedpezW3qvgML4WgP341jZksYAy5SbMLwjP5KC,,nozomi-fra,1,4,0.25
mds1WWedpezW3qvgML4WgP341jZksYAy5SbMLwjP5KC,,syncro-fra,1,4,0.25
mrgn4sJJu5GBa5wbKyjuASzhyCifvcedGoLtpKjB3Wf,Project 0 Meridian,astralane-fra,2,4,0.5
mrgn4sJJu5GBa5wbKyjuASzhyCifvcedGoLtpKjB3Wf,Project 0 Meridian,0slot-de1,1,4,0.25
novaeuhY2JH2WHhc9KVTHDx2cyJZdXJC6faf4CtARZn,Nova Consortium,0slot-de1,3,4,0.75
novaeuhY2JH2WHhc9KVTHDx2cyJZdXJC6faf4CtARZn,Nova Consortium,astralane-fra,1,4,0.25
orbit1bWKxnECKLqjhm5rybTiEC2GEYbecyebgEfM5q,OrbitFlare Validator,0slot-de1,3,4,0.75
orbit1bWKxnECKLqjhm5rybTiEC2GEYbecyebgEfM5q,OrbitFlare Validator,triton-fra,1,4,0.25
pineXRUnbaLNFMxaM3zBmFfTiKgQMGqT9jYHXZWq2Fw,Pine Analytics,0slot-de1,2,4,0.5
pineXRUnbaLNFMxaM3zBmFfTiKgQMGqT9jYHXZWq2Fw,Pine Analytics,allenhark-quic-fra,1,4,0.25
pineXRUnbaLNFMxaM3zBmFfTiKgQMGqT9jYHXZWq2Fw,Pine Analytics,helius-dual,1,4,0.25
q1yPXLsYcJhzxhUYLewFDjYmsBh2gDFnYqrZ9VPshrk,Blockchain at Columbia,astralane-fra,3,4,0.75
q1yPXLsYcJhzxhUYLewFDjYmsBh2gDFnYqrZ9VPshrk,Blockchain at Columbia,astralane-quic-fra,1,4,0.25
sTEVErNNwF2qPnV6DuNPkWpEyCt4UU6k2Y3Hyn7WUFu,STEVE,helius-dual,1,4,0.25
scb1Z7du8NVSaHFXsafSjRdXr6xBjWR3iugikL739Y1,,helius-fra,2,4,0.5
scb1Z7du8NVSaHFXsafSjRdXr6xBjWR3iugikL739Y1,,blockrazor,1,4,0.25
sce1oTWYVXv7a7Hy2skxREozs5nwkQ4wDT8XJSi5tgE,,triton-fra,2,4,0.5
sce1oTWYVXv7a7Hy2skxREozs5nwkQ4wDT8XJSi5tgE,,astralane-fra,1,4,0.25
sce1oTWYVXv7a7Hy2skxREozs5nwkQ4wDT8XJSi5tgE,,helius-fra,1,4,0.25
sce2zXNjLpPMcSCATTrLiQhAAvHNNMKypTFVtg2H37U,,astralane-quic-fra,2,4,0.5
simpRo1FrQYGa1moicfgnPDp6KyE38d4gYrZzhjXYJb,Simpdigit,0slot-de1,2,4,0.5
simpRo1FrQYGa1moicfgnPDp6KyE38d4gYrZzhjXYJb,Simpdigit,triton-fra,2,4,0.5
tkmaiSoZ3F8MofkQBVWG6JYSCzyN6ioe7ReYXohx3WJ,Tokamai,0slot-de1,1,4,0.25
tkmaiSoZ3F8MofkQBVWG6JYSCzyN6ioe7ReYXohx3WJ,Tokamai,astralane-fra,1,4,0.25
tkmaiSoZ3F8MofkQBVWG6JYSCzyN6ioe7ReYXohx3WJ,Tokamai,astralane-quic-fra,1,4,0.25
tkmaiSoZ3F8MofkQBVWG6JYSCzyN6ioe7ReYXohx3WJ,Tokamai,triton-fra,1,4,0.25
uxqVAFQfox97HazsPtkKiwhypQH6jEGXkQBHDtXshrk,Waterloo Blockchain,triton-fra,1,4,0.25
vahMVcSS3v6uwyFormV7FDAUbQSHwmy6vUedp1P7L42,StakeITeasy🚀High APY + 0% fee✅ + MEV🔥,0slot-de1,2,4,0.5
vahMVcSS3v6uwyFormV7FDAUbQSHwmy6vUedp1P7L42,StakeITeasy🚀High APY + 0% fee✅ + MEV🔥,triton-fra,2,4,0.5
vaoJKVZYPAsqc52T2nNQhABR1gU6Cy2koDKfCQaEiva,polkachu.com,0slot-de1,2,4,0.5
vaoJKVZYPAsqc52T2nNQhABR1gU6Cy2koDKfCQaEiva,polkachu.com,triton-fra,2,4,0.5
12i8gndWWWMTRzJBFhnYkobNgZB3XMUUJq75HeUrshrk,University of Minnesota Blockchain Club,astralane-quic-fra,2,3,0.6667
12i8gndWWWMTRzJBFhnYkobNgZB3XMUUJq75HeUrshrk,University of Minnesota Blockchain Club,0slot-de1,1,3,0.3333
BPKAfGkkzF5u1QRjjB1nWYYbPMUCMPJe1xZPmwEMNMCT,GateOmega | SolCircl.app,0slot-de1,1,3,0.3333
BPKAfGkkzF5u1QRjjB1nWYYbPMUCMPJe1xZPmwEMNMCT,GateOmega | SolCircl.app,triton-fra,1,3,0.3333
TREEir31FswHK7JZBS5oFQteS72dobi6inpmQha88dA,Tree Validator,astralane-fra,2,3,0.6667
