sender_name,datacenter,landed,n_conditional,land_rate,wilson_lo,wilson_hi,gate
0slot-de1,"The Constant Company, LLC (Singapore)",38,94,0.40425531914893614,0.31070190101141837,0.5053270072146221,inferential
0slot-de1,"Payward, Inc. (United States)",109,543,0.2007366482504604,0.1692012799399667,0.23647655454447858,inferential
0slot-de1,UAB Cherry Servers (Lithuania),307,1056,0.29071969696969696,0.2641292788455756,0.31882721306990225,inferential
0slot-de1,Latitude.sh (Germany),386,665,0.5804511278195489,0.5425871531663123,0.6173909680893036,inferential
0slot-de1,"Servers.com, Inc. (United States)",3,77,0.03896103896103896,0.013337950040590962,0.1083998187263288,inferential
0slot-de1,Galaxy Digital LP (United States),354,610,0.580327868852459,0.5407817601465793,0.618868583752115,inferential
0slot-de1,HOSTKEY B.V. (Switzerland),43,108,0.39814814814814814,0.3108568119463669,0.4924361687427466,inferential
0slot-de1,"The Constant Company, LLC (Canada)",18,44,0.4090909090909091,0.2768785562754973,0.555902462589681,inferential
0slot-de1,RETN Limited (Germany),29,351,0.08262108262108261,0.05814025401993726,0.11613887059594759,inferential
0slot-de1,TeraSwitch Networks Inc. (Germany),223,2399,0.09295539808253439,0.08197779136822167,0.10523450146506189,inferential
0slot-de1,TeraSwitch Networks Inc. (Netherlands),460,2279,0.20184291355857834,0.18587201775800047,0.2188172589550423,inferential
0slot-de1,Globecomm Network Services Corporation (United Kingdom),14,876,0.01598173515981735,0.009543491725536332,0.026646504212337746,inferential
0slot-de1,OVH SAS (Canada),504,836,0.6028708133971292,0.5693045949926996,0.635495963724088,inferential
0slot-de1,"HIVELOCITY, Inc. (Singapore)",83,152,0.5460526315789473,0.4667416349966832,0.6230932530102874,inferential
0slot-de1,TeraSwitch Networks Inc. (Singapore),112,360,0.3111111111111111,0.26549458832964523,0.36071623316163903,inferential
0slot-de1,UAB Cherry Servers (United States),140,286,0.48951048951048953,0.43209975379465915,0.5471992739413564,inferential
0slot-de1,UAB Cherry Servers (Netherlands),144,420,0.34285714285714286,0.2990699431764945,0.3894928501677911,inferential
0slot-de1,Latitude.sh LTDA (Netherlands),15,286,0.05244755244755245,0.0320382354893755,0.08472028124728506,inferential
0slot-de1,TeraSwitch Networks Inc. (United States),37,350,0.10571428571428572,0.0776733519941101,0.14231629839940005,inferential
0slot-de1,velia.net Internetdienste GmbH (France),3,19,0.15789473684210525,0.05520471638534141,0.37565475270329085,indicative
0slot-de1,Latitude.sh (United Kingdom),51,315,0.1619047619047619,0.12534040845260636,0.20661597893870798,inferential
0slot-de1,OVH SAS (France),17,76,0.2236842105263158,0.14461182822226148,0.32934567931373543,inferential
0slot-de1,TeraSwitch Networks Inc. (Japan),155,859,0.18044237485448195,0.15616655577292707,0.20756360069132443,inferential
0slot-de1,"Amazon.com, Inc. (United States)",411,1125,0.36533333333333334,0.33769803742976845,0.3938851732749965,inferential
0slot-de1,velia.net Internetdienste GmbH (Germany),75,187,0.40106951871657753,0.33349637791378145,0.47262541433910893,inferential
0slot-de1,"Alibaba (US) Technology Co., Ltd. (Singapore)",88,164,0.5365853658536586,0.46030318781238083,0.6111928542520513,inferential
0slot-de1,Amarutu Technology Ltd (Hong Kong S.A.R.),28,91,0.3076923076923077,0.22226810686646437,0.4086949715677203,inferential
0slot-de1,Delta HighTech Ltd. (Bulgaria),3,16,0.1875,0.06591599071428139,0.43008880961974144,indicative
0slot-de1,"HIVELOCITY, Inc. (United States)",21,60,0.35,0.24167774406017556,0.47637381158245135,inferential
0slot-de1,Allnodes Inc (Germany),346,936,0.3696581196581197,0.3393253449413838,0.4010563995432985,inferential
0slot-de1,Allnodes Inc (Japan),25,120,0.20833333333333334,0.1452843960810969,0.28947678432981355,inferential
0slot-de1,"The Constant Company, LLC (United States)",116,267,0.4344569288389513,0.3763459803362815,0.49442712747225703,inferential
0slot-de1,OVH SAS (United Kingdom),2,44,0.045454545454545456,0.012555109949594953,0.1513499843762966,inferential
0slot-de1,"Servers.com, Inc. (Netherlands)",121,768,0.15755208333333334,0.1334979570681264,0.18501493960409732,inferential
0slot-de1,Butterfly Research (Germany),5,94,0.05319148936170213,0.022931748685589996,0.11853648970259892,inferential
0slot-de1,TeraSwitch Networks Inc. (United Kingdom),15,377,0.03978779840848806,0.024257820320521314,0.06460188241637843,inferential
0slot-de1,"Amazon.com, Inc. (Germany)",43,412,0.10436893203883495,0.07841169923742393,0.13763568352109196,inferential
0slot-de1,"The Constant Company, LLC (Japan)",34,108,0.3148148148148148,0.2348655044465525,0.4074853695336538,inferential
0slot-de1,Latitude.sh (Brazil),44,148,0.2972972972972973,0.22954489180413667,0.3753061122233435,inferential
0slot-de1,Datacamp Limited (Netherlands),175,311,0.5627009646302251,0.5071369452783228,0.6167349239033373,inferential
0slot-de1,TeraSwitch Networks Inc. (Ireland),61,369,0.16531165311653118,0.13089757150174247,0.20662245435249993,inferential
0slot-de1,"HIVELOCITY, Inc. (Netherlands)",48,112,0.42857142857142855,0.3407915698478558,0.5210886225902789,inferential
0slot-de1,"The Constant Company, LLC (France)",78,136,0.5735294117647058,0.4895151270999103,0.6535039758804451,inferential
0slot-de1,"Limestone Networks, Inc. (Netherlands)",10,24,0.4166666666666667,0.24467602609811764,0.6116533413477125,inferential
0slot-de1,Latitude.sh (Japan),10,56,0.17857142857142858,0.09999856752412305,0.29841182036651065,inferential
0slot-de1,UAB Cherry Servers (Sweden),14,304,0.046052631578947366,0.02762789000265575,0.0758067121548157,inferential
0slot-de1,Latitude.sh LTDA (United States),81,192,0.421875,0.35422352245482097,0.4925913441181095,inferential
0slot-de1,Danny Nieuwenhuis trading as DedicatedNodes (United Kingdom),9,127,0.07086614173228346,0.037728059261201305,0.12920265992793417,inferential
0slot-de1,Hurricane Electric LLC (United States),90,112,0.8035714285714286,0.720458894808217,0.8665502873297101,inferential
0slot-de1,"The Constant Company, LLC (Netherlands)",7,36,0.19444444444444445,0.09753095418928728,0.3502804299517739,inferential
0slot-de1,Latitude.sh (United States),24,92,0.2608695652173913,0.182022210874746,0.35888627965316,inferential
0slot-de1,"The Constant Company, LLC (Brazil)",1,32,0.03125,0.005537860164003122,0.1574426382001256,inferential
0slot-de1,Allnodes Inc (United States),54,186,0.2903225806451613,0.22985726200936732,0.35927358177712476,inferential
0slot-de1,Latitude.sh (Singapore),97,208,0.46634615384615385,0.39977571657574096,0.5341371252355976,inferential
0slot-de1,"Servers.com, Inc. (Singapore)",14,20,0.7,0.48102718164647645,0.8545227551323957,inferential
0slot-de1,"WebNX, Inc. (United States)",18,128,0.140625,0.09083969494262252,0.2113524923789617,inferential
0slot-de1,TY15 Infra (Japan),16,63,0.25396825396825395,0.1628041127332116,0.3734118743660647,inferential
0slot-de1,Latitude.sh LTDA (Brazil),1,16,0.0625,0.011119344764642547,0.28328737570298945,indicative
0slot-de1,OVH SAS (Singapore),1,12,0.08333333333333333,0.014865094404917095,0.35387991114111705,indicative
0slot-de1,23M GmbH (Germany),13,40,0.325,0.20084502231782703,0.4798225381012234,inferential
0slot-de1,Netorn LLC (Russia),8,12,0.6666666666666666,0.3906220888727995,0.8618799089087869,indicative
0slot-de1,"Servers.com, Inc. (Hong Kong S.A.R.)",19,48,0.3958333333333333,0.27020827860591357,0.5368959150745275,inferential
0slot-de1,"Amazon.com, Inc. (Japan)",26,116,0.22413793103448276,0.15779761353649713,0.3081634934977863,inferential
0slot-de1,"Limestone Networks, Inc. (Singapore)",12,20,0.6,0.3865815007622531,0.781193467627183,inferential
0slot-de1,Datacamp Limited (United States),58,120,0.48333333333333334,0.3958364430105443,0.5718641958700792,inferential
0slot-de1,Butterfly Research (United States),1,36,0.027777777777777776,0.00492040713981047,0.1416971865327386,inferential
0slot-de1,RockawayX Infra s.r.o. (Czechia),17,56,0.30357142857142855,0.19900325085369447,0.43335865285724834,inferential
0slot-de1,Inter.link GmbH (Germany),1,12,0.08333333333333333,0.014865094404917095,0.35387991114111705,indicative
0slot-de1,VNET a.s. (Slovakia),11,36,0.3055555555555556,0.18004451594829915,0.4685627285051034,inferential
0slot-de1,RockawayX Infra s.r.o. (United Arab Emirates),26,42,0.6190476190476191,0.4681404026715268,0.7500027423604485,inferential
0slot-de1,AlbHost SH.P.K. (Albania),7,16,0.4375,0.23098652405492354,0.6682144360118811,indicative
0slot-de1,Fusix Networks B.V. (Netherlands),10,16,0.625,0.38641040545502714,0.8151876744113636,indicative
0slot-de1,Vorboss Limited (United Kingdom),7,16,0.4375,0.23098652405492354,0.6682144360118811,indicative
0slot-de1,OVH SAS (Germany),98,172,0.5697674418604651,0.4950481800540243,0.6414384037184229,inferential
0slot-de1,Globenet Cabos Submarinos America Inc (Hong Kong S.A.R.),16,36,0.4444444444444444,0.2954126874008022,0.6041893824430271,inferential
0slot-de1,Evolus IT Solutions GmbH (United States),12,32,0.375,0.22933887309454207,0.5474559264692256,inferential
0slot-de1,Amarutu Technology Ltd (United States),10,32,0.3125,0.17952541633609737,0.4856667830095542,inferential
0slot-de1,"DataBank Holdings, Ltd. (United States)",11,16,0.6875,0.4440435583474066,0.8583535614521797,indicative
0slot-de1,"Limestone Networks, Inc. (United States)",9,16,0.5625,0.331785563988119,0.7690134759450765,indicative
0slot-de1,Amarutu Technology Ltd (Japan),17,63,0.2698412698412698,0.1758384441231599,0.3902990921955179,inferential
0slot-de1,UAB Cherry Servers (Germany),12,44,0.2727272727272727,0.16346381623843376,0.418488730924512,inferential
0slot-de1,uvensys GmbH (Germany),6,12,0.5,0.253781597633706,0.746218402366294,indicative
0slot-de1,"The Constant Company, LLC (United Kingdom)",0,8,0.0,0.0,0.32440756488388034,indicative
0slot-de1,"The Constant Company, LLC (Mexico)",5,24,0.20833333333333334,0.09244825352851854,0.40470453253188665,inferential
0slot-de1,synlinq.de (Germany),23,52,0.4423076923076923,0.3159505681940129,0.5766023821279712,inferential
0slot-de1,GSL Networks Pty LTD (Germany),6,35,0.17142857142857143,0.08102640053701589,0.3268228229904497,inferential
0slot-de1,Danny Nieuwenhuis trading as DedicatedNodes (Netherlands),21,28,0.75,0.5664432968100103,0.8732350508070669,inferential
0slot-de1,ELSOUL LABO B.V. (Netherlands),6,16,0.375,0.1848123255886363,0.6135895945449727,indicative
0slot-de1,ServeTheWorld AS (Norway),1,8,0.125,0.022417491450056642,0.47088818221285356,indicative
0slot-de1,Sovereign-Sol LLC (United States),9,16,0.5625,0.331785563988119,0.7690134759450765,indicative
0slot-de1,"Lucky Friday Labs, LLC (United States)",21,24,0.875,0.6899611872949992,0.9565566591987656,inferential
0slot-de1,UAB Cherry Servers (Singapore),18,40,0.45,0.30705307810904925,0.6017090820106795,inferential
0slot-de1,Amarutu Technology Ltd (Netherlands),24,52,0.46153846153846156,0.33340474681756815,0.5949638867304213,inferential
0slot-de1,Pulsant (Scotland) Ltd (United Kingdom),3,12,0.25,0.08894166839405476,0.5323053349335658,indicative
0slot-de1,"The Constant Company, LLC (Chile)",1,12,0.08333333333333333,0.014865094404917095,0.35387991114111705,indicative
0slot-de1,ReliableSite.Net LLC (United States),6,20,0.3,0.14547724486760422,0.5189728183535234,inferential
0slot-de1,A2B IP B.V. (Netherlands),6,12,0.5,0.253781597633706,0.746218402366294,indicative
0slot-de1,"The Constant Company, LLC (Poland)",9,36,0.25,0.1375047766299483,0.41070453766728354,inferential
0slot-de1,ARTERIA Networks Corporation (Japan),1,4,0.25,0.0455872608097006,0.6993581574175982,suppressed
0slot-de1,"FiberState, LLC (United States)",8,28,0.2857142857142857,0.1525399605666909,0.47059288433295726,inferential
0slot-de1,Comvive Servidores S.L. (Spain),5,8,0.625,0.3057423946026273,0.8631557141764027,indicative
0slot-de1,Euroweb Romania S.R.L. (Romania),4,8,0.5,0.2152160622138775,0.7847839377861225,indicative
0slot-de1,Scalaxy B.V. (Netherlands),8,32,0.25,0.1325240091850904,0.4210655899424449,inferential
0slot-de1,"The Constant Company, LLC (Germany)",10,24,0.4166666666666667,0.24467602609811764,0.6116533413477125,inferential
0slot-de1,Coloblox Data Centers Inc (United States),6,8,0.75,0.40927543031016883,0.9285207872478909,indicative
0slot-de1,Datacamp Limited (Germany),1,4,0.25,0.0455872608097006,0.6993581574175982,suppressed
0slot-de1,"Momentum Telecom, Inc. (United States)",2,28,0.07142857142857142,0.019812064115305714,0.22645362568399058,inferential
0slot-de1,"HIVELOCITY, Inc. (Hong Kong S.A.R.)",5,12,0.4166666666666667,0.1932603136587565,0.6804886874504502,indicative
0slot-de1,FDCservers.net (Ireland),2,12,0.16666666666666666,0.04696514218385381,0.4480308622529735,indicative
0slot-de1,"The Constant Company, LLC (South Africa)",0,4,0.0,0.0,0.4898908364545974,suppressed
0slot-de1,Versija SIA (Latvia),2,4,0.5,0.15003898915214947,0.8499610108478506,suppressed
0slot-de1,"Alibaba (US) Technology Co., Ltd. (Germany)",6,12,0.5,0.253781597633706,0.746218402366294,indicative
0slot-de1,"HIVELOCITY, Inc. (United Kingdom)",7,11,0.6363636363636364,0.35380117450784887,0.8483352890463243,indicative
0slot-de1,Flexential Colorado Corp. (United States),9,16,0.5625,0.331785563988119,0.7690134759450765,indicative
0slot-de1,Retsina Technologies LTD. (Canada),1,16,0.0625,0.011119344764642547,0.28328737570298945,indicative
0slot-de1,M247 Europe SRL (Romania),2,4,0.5,0.15003898915214947,0.8499610108478506,suppressed
0slot-de1,Latitude.sh (Argentina),1,12,0.08333333333333333,0.014865094404917095,0.35387991114111705,indicative
0slot-de1,Cloudize Pty Ltd (Australia),1,4,0.25,0.0455872608097006,0.6993581574175982,suppressed
0slot-de1,Blacknight Internet Solutions Limited (Ireland),1,4,0.25,0.0455872608097006,0.6993581574175982,suppressed
0slot-de1,"Columbus Networks USA, Inc. (United Kingdom)",2,8,0.25,0.071479212752109,0.5907245696898311,indicative
0slot-de1,"Alibaba (US) Technology Co., Ltd. (Japan)",2,4,0.5,0.15003898915214947,0.8499610108478506,suppressed
0slot-de1,SK Broadband Co Ltd (South Korea),0,8,0.0,0.0,0.32440756488388034,indicative
0slot-de1,velia.net Internetdienste GmbH (Singapore),6,8,0.75,0.40927543031016883,0.9285207872478909,indicative
0slot-de1,G.Network Communications Limited (United Kingdom),3,4,0.75,0.30064184258240184,0.9544127391902995,suppressed
0slot-de1,01NODE FUNDING SRL (Romania),3,4,0.75,0.30064184258240184,0.9544127391902995,suppressed
0slot-de1,Latitude.sh (Mexico),2,4,0.5,0.15003898915214947,0.8499610108478506,suppressed
0slot-de1,Baytems Holdings Oy (Finland),0,4,0.0,0.0,0.4898908364545974,suppressed
0slot-de1,Cube3 Technologies Ltd (United Kingdom),2,4,0.5,0.15003898915214947,0.8499610108478506,suppressed
0slot-de1,MEVSPACE sp. z o.o. (Poland),0,4,0.0,0.0,0.4898908364545974,suppressed
0slot-de1,"Cogent Communications, LLC (Germany)",1,4,0.25,0.0455872608097006,0.6993581574175982,suppressed
0slot-de1,Adman LLC (Russia),0,4,0.0,0.0,0.4898908364545974,suppressed
allenhark-quic-ams,"The Constant Company, LLC (Singapore)",0,94,0.0,0.0,0.039262076291544754,inferential
allenhark-quic-ams,"Payward, Inc. (United States)",0,483,0.0,8.673617379884035e-19,0.007890574541452422,inferential
allenhark-quic-ams,UAB Cherry Servers (Lithuania),2,936,0.002136752136752137,0.0005861702129703991,0.007757214458028823,inferential
allenhark-quic-ams,Latitude.sh (Germany),0,621,0.0,0.0,0.006147893623999237,inferential
allenhark-quic-ams,"Servers.com, Inc. (United States)",0,66,0.0,0.0,0.055002557013541314,inferential
allenhark-quic-ams,Galaxy Digital LP (United States),1,570,0.0017543859649122807,0.00030975936022982486,0.009869809806311317,inferential
allenhark-quic-ams,HOSTKEY B.V. (Switzerland),1,100,0.01,0.001767432064140647,0.05448619617870533,inferential
allenhark-quic-ams,"The Constant Company, LLC (Canada)",0,36,0.0,6.938893903907228e-18,0.0964186285944637,inferential
allenhark-quic-ams,RETN Limited (Germany),2,307,0.006514657980456026,0.00178837598984098,0.023438177927528822,inferential
allenhark-quic-ams,TeraSwitch Networks Inc. (Germany),2,2176,0.0009191176470588235,0.0002520914071016756,0.00334516966386465,inferential
allenhark-quic-ams,TeraSwitch Networks Inc. (Netherlands),6,2113,0.002839564600094652,0.0013020277200468488,0.006181508070828821,inferential
allenhark-quic-ams,Globecomm Network Services Corporation (United Kingdom),0,780,0.0,4.336808689942018e-19,0.004900810970720638,inferential
allenhark-quic-ams,OVH SAS (Canada),0,768,0.0,0.0,0.004977005027125051,inferential
allenhark-quic-ams,"HIVELOCITY, Inc. (Singapore)",0,140,0.0,0.0,0.026706200369413007,inferential
allenhark-quic-ams,TeraSwitch Networks Inc. (Singapore),2,348,0.005747126436781609,0.001577486816004229,0.020709422881838687,inferential
allenhark-quic-ams,UAB Cherry Servers (United States),0,250,0.0,8.673617379884035e-19,0.01513329949544458,inferential
allenhark-quic-ams,UAB Cherry Servers (Netherlands),1,396,0.0025252525252525255,0.00044590824792767846,0.01416352929745124,inferential
allenhark-quic-ams,Latitude.sh LTDA (Netherlands),0,274,0.0,8.673617379884035e-19,0.013826082100919377,inferential
allenhark-quic-ams,TeraSwitch Networks Inc. (United States),0,326,0.0,0.0,0.011646379549826062,inferential
allenhark-quic-ams,velia.net Internetdienste GmbH (France),0,19,0.0,1.3877787807814457e-17,0.16817922405261632,indicative
allenhark-quic-ams,Latitude.sh (United Kingdom),0,287,0.0,0.0,0.013208085381879528,inferential
allenhark-quic-ams,OVH SAS (France),1,76,0.013157894736842105,0.00232648004557906,0.07083674751784415,inferential
allenhark-quic-ams,TeraSwitch Networks Inc. (Japan),0,760,0.0,0.0,0.005029131079929873,inferential
allenhark-quic-ams,"Amazon.com, Inc. (United States)",5,1017,0.004916420845624385,0.0021017746375005296,0.011457097507723848,inferential
allenhark-quic-ams,velia.net Internetdienste GmbH (Germany),1,183,0.00546448087431694,0.0009652672143726851,0.030298986755620087,inferential
allenhark-quic-ams,"Alibaba (US) Technology Co., Ltd. (Singapore)",0,144,0.0,1.734723475976807e-18,0.02598363714303676,inferential
allenhark-quic-ams,Amarutu Technology Ltd (Hong Kong S.A.R.),0,87,0.0,0.0,0.04228750694412036,inferential
allenhark-quic-ams,Delta HighTech Ltd. (Bulgaria),0,12,0.0,0.0,0.24249400665524096,indicative
allenhark-quic-ams,"HIVELOCITY, Inc. (United States)",0,56,0.0,6.938893903907228e-18,0.06419393671876344,inferential
allenhark-quic-ams,Allnodes Inc (Germany),3,860,0.0034883720930232558,0.0011870552579333069,0.01020561259819109,inferential
allenhark-quic-ams,Allnodes Inc (Japan),0,104,0.0,0.0,0.035621354372451924,inferential
allenhark-quic-ams,"The Constant Company, LLC (United States)",1,259,0.003861003861003861,0.0006818874362402305,0.02154237979657508,inferential
allenhark-quic-ams,OVH SAS (United Kingdom),0,40,0.0,0.0,0.08762160119728668,inferential
allenhark-quic-ams,"Servers.com, Inc. (Netherlands)",0,688,0.0,0.0,0.005552513183066882,inferential
allenhark-quic-ams,Butterfly Research (Germany),0,86,0.0,0.0,0.04275819728574225,inferential
allenhark-quic-ams,TeraSwitch Networks Inc. (United Kingdom),0,345,0.0,0.0,0.011012047804411493,inferential
allenhark-quic-ams,"Amazon.com, Inc. (Germany)",1,396,0.0025252525252525255,0.00044590824792767846,0.01416352929745124,inferential
allenhark-quic-ams,"The Constant Company, LLC (Japan)",0,104,0.0,0.0,0.035621354372451924,inferential
allenhark-quic-ams,Latitude.sh (Brazil),0,132,0.0,0.0,0.028278986798608484,inferential
allenhark-quic-ams,Datacamp Limited (Netherlands),0,295,0.0,0.0,0.012854504310926334,inferential
allenhark-quic-ams,TeraSwitch Networks Inc. (Ireland),0,317,0.0,0.0,0.01197307491000086,inferential
allenhark-quic-ams,"HIVELOCITY, Inc. (Netherlands)",0,96,0.0,0.0,0.0384755878576757,inferential
allenhark-quic-ams,"The Constant Company, LLC (France)",1,132,0.007575757575757576,0.0013385613550180274,0.04166347109815699,inferential
allenhark-quic-ams,"Limestone Networks, Inc. (Netherlands)",0,24,0.0,0.0,0.13797620467498026,inferential
allenhark-quic-ams,Latitude.sh (Japan),0,52,0.0,0.0,0.06879223612386236,inferential
allenhark-quic-ams,UAB Cherry Servers (Sweden),1,272,0.003676470588235294,0.00064928240310946,0.020527587983481935,inferential
allenhark-quic-ams,Latitude.sh LTDA (United States),1,176,0.005681818181818182,0.001003685532410559,0.03147747236632619,inferential
allenhark-quic-ams,Danny Nieuwenhuis trading as DedicatedNodes (United Kingdom),0,123,0.0,0.0,0.030285514345309586,inferential
allenhark-quic-ams,Hurricane Electric LLC (United States),0,104,0.0,0.0,0.035621354372451924,inferential
allenhark-quic-ams,"The Constant Company, LLC (Netherlands)",0,32,0.0,0.0,0.10717919825507066,inferential
allenhark-quic-ams,Latitude.sh (United States),1,88,0.011363636363636364,0.0020087853177044764,0.06159493892298566,inferential
allenhark-quic-ams,"The Constant Company, LLC (Brazil)",0,32,0.0,0.0,0.10717919825507066,inferential
allenhark-quic-ams,Allnodes Inc (United States),0,186,0.0,0.0,0.020235089029327347,inferential
allenhark-quic-ams,Latitude.sh (Singapore),2,204,0.00980392156862745,0.002692719215760888,0.035035359028046054,inferential
allenhark-quic-ams,"Servers.com, Inc. (Singapore)",0,16,0.0,0.0,0.19360768053443655,indicative
allenhark-quic-ams,"WebNX, Inc. (United States)",0,104,0.0,0.0,0.035621354372451924,inferential
allenhark-quic-ams,TY15 Infra (Japan),1,59,0.01694915254237288,0.0029982339183556375,0.08995725964142301,inferential
allenhark-quic-ams,Latitude.sh LTDA (Brazil),0,16,0.0,0.0,0.19360768053443655,indicative
allenhark-quic-ams,OVH SAS (Singapore),0,12,0.0,0.0,0.24249400665524096,indicative
allenhark-quic-ams,23M GmbH (Germany),0,36,0.0,6.938893903907228e-18,0.0964186285944637,inferential
allenhark-quic-ams,Netorn LLC (Russia),0,12,0.0,0.0,0.24249400665524096,indicative
allenhark-quic-ams,"Servers.com, Inc. (Hong Kong S.A.R.)",0,48,0.0,0.0,0.07410012966611754,inferential
allenhark-quic-ams,"Amazon.com, Inc. (Japan)",1,100,0.01,0.001767432064140647,0.05448619617870533,inferential
allenhark-quic-ams,"Limestone Networks, Inc. (Singapore)",0,16,0.0,0.0,0.19360768053443655,indicative
allenhark-quic-ams,Datacamp Limited (United States),0,116,0.0,0.0,0.03205450649963873,inferential
allenhark-quic-ams,Butterfly Research (United States),0,32,0.0,0.0,0.10717919825507066,inferential
allenhark-quic-ams,RockawayX Infra s.r.o. (Czechia),0,52,0.0,0.0,0.06879223612386236,inferential
allenhark-quic-ams,Inter.link GmbH (Germany),0,12,0.0,0.0,0.24249400665524096,indicative
allenhark-quic-ams,VNET a.s. (Slovakia),0,36,0.0,6.938893903907228e-18,0.0964186285944637,inferential
allenhark-quic-ams,RockawayX Infra s.r.o. (United Arab Emirates),1,42,0.023809523809523808,0.004215404134432506,0.12321201573766649,inferential
allenhark-quic-ams,AlbHost SH.P.K. (Albania),0,12,0.0,0.0,0.24249400665524096,indicative
allenhark-quic-ams,Fusix Networks B.V. (Netherlands),0,16,0.0,0.0,0.19360768053443655,indicative
allenhark-quic-ams,Vorboss Limited (United Kingdom),0,16,0.0,0.0,0.19360768053443655,indicative
allenhark-quic-ams,OVH SAS (Germany),0,140,0.0,0.0,0.026706200369413007,inferential
allenhark-quic-ams,Globenet Cabos Submarinos America Inc (Hong Kong S.A.R.),0,36,0.0,6.938893903907228e-18,0.0964186285944637,inferential
allenhark-quic-ams,Evolus IT Solutions GmbH (United States),0,25,0.0,0.0,0.13319225093904855,inferential
allenhark-quic-ams,Amarutu Technology Ltd (United States),0,32,0.0,0.0,0.10717919825507066,inferential
allenhark-quic-ams,"DataBank Holdings, Ltd. (United States)",0,16,0.0,0.0,0.19360768053443655,indicative
allenhark-quic-ams,"Limestone Networks, Inc. (United States)",0,16,0.0,0.0,0.19360768053443655,indicative
allenhark-quic-ams,Amarutu Technology Ltd (Japan),1,63,0.015873015873015872,0.002807494213869284,0.08458525459438399,inferential
allenhark-quic-ams,UAB Cherry Servers (Germany),0,40,0.0,0.0,0.08762160119728668,inferential
allenhark-quic-ams,uvensys GmbH (Germany),0,12,0.0,0.0,0.24249400665524096,indicative
allenhark-quic-ams,"The Constant Company, LLC (United Kingdom)",0,8,0.0,0.0,0.32440756488388034,indicative
allenhark-quic-ams,"The Constant Company, LLC (Mexico)",0,24,0.0,0.0,0.13797620467498026,inferential
allenhark-quic-ams,synlinq.de (Germany),0,52,0.0,0.0,0.06879223612386236,inferential
allenhark-quic-ams,GSL Networks Pty LTD (Germany),0,35,0.0,0.0,0.09890099232440408,inferential
allenhark-quic-ams,Danny Nieuwenhuis trading as DedicatedNodes (Netherlands),0,28,0.0,1.3877787807814457e-17,0.12064330476584569,inferential
allenhark-quic-ams,ELSOUL LABO B.V. (Netherlands),0,16,0.0,0.0,0.19360768053443655,indicative
allenhark-quic-ams,ServeTheWorld AS (Norway),0,8,0.0,0.0,0.32440756488388034,indicative
allenhark-quic-ams,Sovereign-Sol LLC (United States),0,16,0.0,0.0,0.19360768053443655,indicative
allenhark-quic-ams,"Lucky Friday Labs, LLC (United States)",0,24,0.0,0.0,0.13797620467498026,inferential
allenhark-quic-ams,UAB Cherry Servers (Singapore),0,32,0.0,0.0,0.10717919825507066,inferential
allenhark-quic-ams,Amarutu Technology Ltd (Netherlands),0,48,0.0,0.0,0.07410012966611754,inferential
allenhark-quic-ams,Pulsant (Scotland) Ltd (United Kingdom),0,12,0.0,0.0,0.24249400665524096,indicative
allenhark-quic-ams,"The Constant Company, LLC (Chile)",0,12,0.0,0.0,0.24249400665524096,indicative
allenhark-quic-ams,ReliableSite.Net LLC (United States),0,20,0.0,0.0,0.1611251580528194,inferential
allenhark-quic-ams,A2B IP B.V. (Netherlands),0,8,0.0,0.0,0.32440756488388034,indicative
allenhark-quic-ams,"The Constant Company, LLC (Poland)",0,32,0.0,0.0,0.10717919825507066,inferential
allenhark-quic-ams,ARTERIA Networks Corporation (Japan),0,4,0.0,0.0,0.4898908364545974,suppressed
allenhark-quic-ams,"FiberState, LLC (United States)",0,28,0.0,1.3877787807814457e-17,0.12064330476584569,inferential
allenhark-quic-ams,Comvive Servidores S.L. (Spain),0,4,0.0,0.0,0.4898908364545974,suppressed
allenhark-quic-ams,Euroweb Romania S.R.L. (Romania),0,8,0.0,0.0,0.32440756488388034,indicative
allenhark-quic-ams,Scalaxy B.V. (Netherlands),0,28,0.0,1.3877787807814457e-17,0.12064330476584569,inferential
allenhark-quic-ams,"The Constant Company, LLC (Germany)",0,24,0.0,0.0,0.13797620467498026,inferential
allenhark-quic-ams,Coloblox Data Centers Inc (United States),0,8,0.0,0.0,0.32440756488388034,indicative
allenhark-quic-ams,Datacamp Limited (Germany),0,4,0.0,0.0,0.4898908364545974,suppressed
allenhark-quic-ams,"Momentum Telecom, Inc. (United States)",1,28,0.03571428571428571,0.0063325198490377654,0.17712197743353322,inferential
allenhark-quic-ams,"HIVELOCITY, Inc. (Hong Kong S.A.R.)",0,12,0.0,0.0,0.24249400665524096,indicative
allenhark-quic-ams,FDCservers.net (Ireland),0,12,0.0,0.0,0.24249400665524096,indicative
allenhark-quic-ams,"The Constant Company, LLC (South Africa)",0,4,0.0,0.0,0.4898908364545974,suppressed
allenhark-quic-ams,Versija SIA (Latvia),0,4,0.0,0.0,0.4898908364545974,suppressed
allenhark-quic-ams,"Alibaba (US) Technology Co., Ltd. (Germany)",0,12,0.0,0.0,0.24249400665524096,indicative
allenhark-quic-ams,"HIVELOCITY, Inc. (United Kingdom)",0,11,0.0,0.0,0.2588329669680318,indicative
allenhark-quic-ams,Flexential Colorado Corp. (United States),0,16,0.0,0.0,0.19360768053443655,indicative
allenhark-quic-ams,Retsina Technologies LTD. (Canada),0,16,0.0,0.0,0.19360768053443655,indicative
allenhark-quic-ams,M247 Europe SRL (Romania),0,4,0.0,0.0,0.4898908364545974,suppressed
allenhark-quic-ams,Latitude.sh (Argentina),0,8,0.0,0.0,0.32440756488388034,indicative
allenhark-quic-ams,Cloudize Pty Ltd (Australia),0,4,0.0,0.0,0.4898908364545974,suppressed
allenhark-quic-ams,Blacknight Internet Solutions Limited (Ireland),0,4,0.0,0.0,0.4898908364545974,suppressed
allenhark-quic-ams,"Columbus Networks USA, Inc. (United Kingdom)",0,8,0.0,0.0,0.32440756488388034,indicative
allenhark-quic-ams,"Alibaba (US) Technology Co., Ltd. (Japan)",0,4,0.0,0.0,0.4898908364545974,suppressed
allenhark-quic-ams,SK Broadband Co Ltd (South Korea),0,4,0.0,0.0,0.4898908364545974,suppressed
allenhark-quic-ams,velia.net Internetdienste GmbH (Singapore),0,8,0.0,0.0,0.32440756488388034,indicative
allenhark-quic-ams,G.Network Communications Limited (United Kingdom),0,4,0.0,0.0,0.4898908364545974,suppressed
allenhark-quic-ams,01NODE FUNDING SRL (Romania),0,4,0.0,0.0,0.4898908364545974,suppressed
allenhark-quic-ams,Latitude.sh (Mexico),0,4,0.0,0.0,0.4898908364545974,suppressed
allenhark-quic-ams,Baytems Holdings Oy (Finland),0,4,0.0,0.0,0.4898908364545974,suppressed
allenhark-quic-ams,Cube3 Technologies Ltd (United Kingdom),0,0,,0.0,0.0,suppressed
allenhark-quic-ams,MEVSPACE sp. z o.o. (Poland),0,0,,0.0,0.0,suppressed
allenhark-quic-ams,"Cogent Communications, LLC (Germany)",0,0,,0.0,0.0,suppressed
allenhark-quic-ams,Adman LLC (Russia),0,0,,0.0,0.0,suppressed
allenhark-quic-fra,"The Constant Company, LLC (Singapore)",1,94,0.010638297872340425,0.0018803957480879388,0.057822912962785654,inferential
allenhark-quic-fra,"Payward, Inc. (United States)",0,543,0.0,4.336808689942018e-19,0.007024812692473117,inferential
allenhark-quic-fra,UAB Cherry Servers (Lithuania),4,1056,0.003787878787878788,0.0014739881784892718,0.009698870480833552,inferential
allenhark-quic-fra,Latitude.sh (Germany),3,665,0.004511278195488722,0.0015354027125001482,0.013178785068333077,inferential
allenhark-quic-fra,"Servers.com, Inc. (United States)",3,77,0.03896103896103896,0.013337950040590962,0.1083998187263288,inferential
allenhark-quic-fra,Galaxy Digital LP (United States),16,610,0.02622950819672131,0.016208593748958722,0.042180194277109714,inferential
allenhark-quic-fra,HOSTKEY B.V. (Switzerland),0,108,0.0,0.0,0.034347359746557046,inferential
allenhark-quic-fra,"The Constant Company, LLC (Canada)",0,44,0.0,0.0,0.0802956037584807,inferential
allenhark-quic-fra,RETN Limited (Germany),7,351,0.019943019943019943,0.00969325013011079,0.040586835178944486,inferential
allenhark-quic-fra,TeraSwitch Networks Inc. (Germany),31,2399,0.012922050854522717,0.009118381683162658,0.01828311772870818,inferential
allenhark-quic-fra,TeraSwitch Networks Inc. (Netherlands),21,2279,0.009214567792891619,0.0060348141992768835,0.01404606292145651,inferential
allenhark-quic-fra,Globecomm Network Services Corporation (United Kingdom),117,876,0.13356164383561644,0.1126267848888514,0.15769630165845416,inferential
allenhark-quic-fra,OVH SAS (Canada),0,836,0.0,0.0,0.004574028562591213,inferential
allenhark-quic-fra,"HIVELOCITY, Inc. (Singapore)",2,152,0.013157894736842105,0.0036158171874622128,0.046701081024561344,inferential
allenhark-quic-fra,TeraSwitch Networks Inc. (Singapore),3,360,0.008333333333333333,0.0028380524355806954,0.02421070350496793,inferential
allenhark-quic-fra,UAB Cherry Servers (United States),0,286,0.0,0.0,0.013253655416737967,inferential
allenhark-quic-fra,UAB Cherry Servers (Netherlands),11,420,0.02619047619047619,0.01468608248136842,0.04628355199609864,inferential
allenhark-quic-fra,Latitude.sh LTDA (Netherlands),2,286,0.006993006993006993,0.001919834228531602,0.02513446936419604,inferential
allenhark-quic-fra,TeraSwitch Networks Inc. (United States),4,350,0.011428571428571429,0.0044530766186865,0.029012359738489153,inferential
allenhark-quic-fra,velia.net Internetdienste GmbH (France),2,19,0.10526315789473684,0.029358560298870157,0.31394082711109017,indicative
allenhark-quic-fra,Latitude.sh (United Kingdom),0,315,0.0,8.673617379884035e-19,0.01204817853645073,inferential
allenhark-quic-fra,OVH SAS (France),3,76,0.039473684210526314,0.013514635094539595,0.10974787746545532,inferential
allenhark-quic-fra,TeraSwitch Networks Inc. (Japan),3,859,0.0034924330616996507,0.0011884379714131787,0.010217433547724458,inferential
allenhark-quic-fra,"Amazon.com, Inc. (United States)",20,1125,0.017777777777777778,0.011537456193666256,0.027300113491713206,inferential
allenhark-quic-fra,velia.net Internetdienste GmbH (Germany),1,187,0.0053475935828877,0.000944606117406448,0.029664355147045497,inferential
allenhark-quic-fra,"Alibaba (US) Technology Co., Ltd. (Singapore)",0,164,0.0,0.0,0.022887425119427592,inferential
allenhark-quic-fra,Amarutu Technology Ltd (Hong Kong S.A.R.),0,91,0.0,0.0,0.04050400392888022,inferential
allenhark-quic-fra,Delta HighTech Ltd. (Bulgaria),0,16,0.0,0.0,0.19360768053443655,indicative
allenhark-quic-fra,"HIVELOCITY, Inc. (United States)",1,60,0.016666666666666666,0.0029481597947862495,0.08855129727590064,inferential
allenhark-quic-fra,Allnodes Inc (Germany),18,936,0.019230769230769232,0.012198465550136137,0.030193214926150666,inferential
allenhark-quic-fra,Allnodes Inc (Japan),0,120,0.0,0.0,0.0310191664187035,inferential
allenhark-quic-fra,"The Constant Company, LLC (United States)",2,267,0.00749063670411985,0.002056612069396212,0.026895598034764497,inferential
allenhark-quic-fra,OVH SAS (United Kingdom),0,44,0.0,0.0,0.0802956037584807,inferential
allenhark-quic-fra,"Servers.com, Inc. (Netherlands)",5,768,0.006510416666666667,0.0027839727165485783,0.015149060890952448,inferential
allenhark-quic-fra,Butterfly Research (Germany),0,94,0.0,0.0,0.039262076291544754,inferential
allenhark-quic-fra,TeraSwitch Networks Inc. (United Kingdom),0,377,0.0,0.0,0.010086766374095694,inferential
allenhark-quic-fra,"Amazon.com, Inc. (Germany)",5,412,0.012135922330097087,0.005194577017268779,0.02809084589353916,inferential
allenhark-quic-fra,"The Constant Company, LLC (Japan)",0,108,0.0,0.0,0.034347359746557046,inferential
allenhark-quic-fra,Latitude.sh (Brazil),2,148,0.013513513513513514,0.0037137496244803864,0.04792866004147201,inferential
allenhark-quic-fra,Datacamp Limited (Netherlands),2,311,0.006430868167202572,0.0017653511908200994,0.023140704225343915,inferential
allenhark-quic-fra,TeraSwitch Networks Inc. (Ireland),0,369,0.0,-8.673617379884035e-19,0.010303196519090844,inferential
allenhark-quic-fra,"HIVELOCITY, Inc. (Netherlands)",1,112,0.008928571428571428,0.0015778547032921364,0.0488484683088849,inferential
allenhark-quic-fra,"The Constant Company, LLC (France)",4,136,0.029411764705882353,0.011495862973155337,0.07318187795256928,inferential
allenhark-quic-fra,"Limestone Networks, Inc. (Netherlands)",0,24,0.0,0.0,0.13797620467498026,inferential
allenhark-quic-fra,Latitude.sh (Japan),1,56,0.017857142857142856,0.0031592103419746734,0.09445637149397579,inferential
allenhark-quic-fra,UAB Cherry Servers (Sweden),4,304,0.013157894736842105,0.005128425527647064,0.03333766953978609,inferential
allenhark-quic-fra,Latitude.sh LTDA (United States),0,192,0.0,0.0,0.01961514606675412,inferential
allenhark-quic-fra,Danny Nieuwenhuis trading as DedicatedNodes (United Kingdom),0,127,0.0,0.0,0.029359645293763375,inferential
allenhark-quic-fra,Hurricane Electric LLC (United States),0,112,0.0,3.469446951953614e-18,0.03316134706694389,inferential
allenhark-quic-fra,"The Constant Company, LLC (Netherlands)",0,36,0.0,6.938893903907228e-18,0.0964186285944637,inferential
allenhark-quic-fra,Latitude.sh (United States),0,92,0.0,0.0,0.040081389285621744,inferential
allenhark-quic-fra,"The Constant Company, LLC (Brazil)",3,32,0.09375,0.03240155129836618,0.2421815472838787,inferential
allenhark-quic-fra,Allnodes Inc (United States),2,186,0.010752688172043012,0.00295374487494391,0.03835155729353769,inferential
allenhark-quic-fra,Latitude.sh (Singapore),0,208,0.0,0.0,0.018133649768460085,inferential
allenhark-quic-fra,"Servers.com, Inc. (Singapore)",0,20,0.0,0.0,0.1611251580528194,inferential
allenhark-quic-fra,"WebNX, Inc. (United States)",2,128,0.015625,0.004295449710144079,0.05518097667981721,inferential
allenhark-quic-fra,TY15 Infra (Japan),0,63,0.0,0.0,0.05747119958885175,inferential
allenhark-quic-fra,Latitude.sh LTDA (Brazil),0,16,0.0,0.0,0.19360768053443655,indicative
allenhark-quic-fra,OVH SAS (Singapore),1,12,0.08333333333333333,0.014865094404917095,0.35387991114111705,indicative
allenhark-quic-fra,23M GmbH (Germany),0,40,0.0,0.0,0.08762160119728668,inferential
allenhark-quic-fra,Netorn LLC (Russia),0,12,0.0,0.0,0.24249400665524096,indicative
allenhark-quic-fra,"Servers.com, Inc. (Hong Kong S.A.R.)",2,48,0.041666666666666664,0.011501893489386586,0.1397565587045545,inferential
allenhark-quic-fra,"Amazon.com, Inc. (Japan)",1,116,0.008620689655172414,0.0015233877766386017,0.04721983412817877,inferential
allenhark-quic-fra,"Limestone Networks, Inc. (Singapore)",0,20,0.0,0.0,0.1611251580528194,inferential
allenhark-quic-fra,Datacamp Limited (United States),0,120,0.0,0.0,0.0310191664187035,inferential
allenhark-quic-fra,Butterfly Research (United States),0,36,0.0,6.938893903907228e-18,0.0964186285944637,inferential
allenhark-quic-fra,RockawayX Infra s.r.o. (Czechia),0,56,0.0,6.938893903907228e-18,0.06419393671876344,inferential
allenhark-quic-fra,Inter.link GmbH (Germany),0,12,0.0,0.0,0.24249400665524096,indicative
allenhark-quic-fra,VNET a.s. (Slovakia),0,36,0.0,6.938893903907228e-18,0.0964186285944637,inferential
allenhark-quic-fra,RockawayX Infra s.r.o. (United Arab Emirates),0,42,0.0,0.0,0.08379879086570395,inferential
allenhark-quic-fra,AlbHost SH.P.K. (Albania),0,16,0.0,0.0,0.19360768053443655,indicative
allenhark-quic-fra,Fusix Networks B.V. (Netherlands),0,16,0.0,0.0,0.19360768053443655,indicative
allenhark-quic-fra,Vorboss Limited (United Kingdom),1,16,0.0625,0.011119344764642547,0.28328737570298945,indicative
allenhark-quic-fra,OVH SAS (Germany),1,172,0.005813953488372093,0.0010270438601417513,0.03219298775169033,inferential
allenhark-quic-fra,Globenet Cabos Submarinos America Inc (Hong Kong S.A.R.),0,36,0.0,6.938893903907228e-18,0.0964186285944637,inferential
allenhark-quic-fra,Evolus IT Solutions GmbH (United States),1,32,0.03125,0.005537860164003122,0.1574426382001256,inferential
allenhark-quic-fra,Amarutu Technology Ltd (United States),0,32,0.0,0.0,0.10717919825507066,inferential
allenhark-quic-fra,"DataBank Holdings, Ltd. (United States)",0,16,0.0,0.0,0.19360768053443655,indicative
allenhark-quic-fra,"Limestone Networks, Inc. (United States)",0,16,0.0,0.0,0.19360768053443655,indicative
allenhark-quic-fra,Amarutu Technology Ltd (Japan),0,63,0.0,0.0,0.05747119958885175,inferential
allenhark-quic-fra,UAB Cherry Servers (Germany),0,44,0.0,0.0,0.0802956037584807,inferential
allenhark-quic-fra,uvensys GmbH (Germany),0,12,0.0,0.0,0.24249400665524096,indicative
allenhark-quic-fra,"The Constant Company, LLC (United Kingdom)",0,8,0.0,0.0,0.32440756488388034,indicative
allenhark-quic-fra,"The Constant Company, LLC (Mexico)",0,24,0.0,0.0,0.13797620467498026,inferential
allenhark-quic-fra,synlinq.de (Germany),0,52,0.0,0.0,0.06879223612386236,inferential
allenhark-quic-fra,GSL Networks Pty LTD (Germany),1,35,0.02857142857142857,0.005061491855444189,0.14533087233613678,inferential
allenhark-quic-fra,Danny Nieuwenhuis trading as DedicatedNodes (Netherlands),0,28,0.0,1.3877787807814457e-17,0.12064330476584569,inferential
allenhark-quic-fra,ELSOUL LABO B.V. (Netherlands),1,16,0.0625,0.011119344764642547,0.28328737570298945,indicative
allenhark-quic-fra,ServeTheWorld AS (Norway),0,8,0.0,0.0,0.32440756488388034,indicative
allenhark-quic-fra,Sovereign-Sol LLC (United States),1,16,0.0625,0.011119344764642547,0.28328737570298945,indicative
allenhark-quic-fra,"Lucky Friday Labs, LLC (United States)",1,24,0.041666666666666664,0.007393456165505796,0.20241806478655947,inferential
allenhark-quic-fra,UAB Cherry Servers (Singapore),1,40,0.025,0.004426831502681396,0.12881368963474096,inferential
allenhark-quic-fra,Amarutu Technology Ltd (Netherlands),0,52,0.0,0.0,0.06879223612386236,inferential
allenhark-quic-fra,Pulsant (Scotland) Ltd (United Kingdom),0,12,0.0,0.0,0.24249400665524096,indicative
allenhark-quic-fra,"The Constant Company, LLC (Chile)",0,12,0.0,0.0,0.24249400665524096,indicative
allenhark-quic-fra,ReliableSite.Net LLC (United States),0,20,0.0,0.0,0.1611251580528194,inferential
allenhark-quic-fra,A2B IP B.V. (Netherlands),0,12,0.0,0.0,0.24249400665524096,indicative
allenhark-quic-fra,"The Constant Company, LLC (Poland)",0,36,0.0,6.938893903907228e-18,0.0964186285944637,inferential
allenhark-quic-fra,ARTERIA Networks Corporation (Japan),0,4,0.0,0.0,0.4898908364545974,suppressed
allenhark-quic-fra,"FiberState, LLC (United States)",0,28,0.0,1.3877787807814457e-17,0.12064330476584569,inferential
allenhark-quic-fra,Comvive Servidores S.L. (Spain),0,8,0.0,0.0,0.32440756488388034,indicative
allenhark-quic-fra,Euroweb Romania S.R.L. (Romania),0,8,0.0,0.0,0.32440756488388034,indicative
allenhark-quic-fra,Scalaxy B.V. (Netherlands),1,32,0.03125,0.005537860164003122,0.1574426382001256,inferential
allenhark-quic-fra,"The Constant Company, LLC (Germany)",1,24,0.041666666666666664,0.007393456165505796,0.20241806478655947,inferential
allenhark-quic-fra,Coloblox Data Centers Inc (United States),0,8,0.0,0.0,0.32440756488388034,indicative
allenhark-quic-fra,Datacamp Limited (Germany),0,4,0.0,0.0,0.4898908364545974,suppressed
allenhark-quic-fra,"Momentum Telecom, Inc. (United States)",0,28,0.0,1.3877787807814457e-17,0.12064330476584569,inferential
allenhark-quic-fra,"HIVELOCITY, Inc. (Hong Kong S.A.R.)",0,12,0.0,0.0,0.24249400665524096,indicative
allenhark-quic-fra,FDCservers.net (Ireland),0,12,0.0,0.0,0.24249400665524096,indicative
allenhark-quic-fra,"The Constant Company, LLC (South Africa)",1,4,0.25,0.0455872608097006,0.6993581574175982,suppressed
allenhark-quic-fra,Versija SIA (Latvia),0,4,0.0,0.0,0.4898908364545974,suppressed
allenhark-quic-fra,"Alibaba (US) Technology Co., Ltd. (Germany)",0,12,0.0,0.0,0.24249400665524096,indicative
allenhark-quic-fra,"HIVELOCITY, Inc. (United Kingdom)",0,11,0.0,0.0,0.2588329669680318,indicative
allenhark-quic-fra,Flexential Colorado Corp. (United States),0,16,0.0,0.0,0.19360768053443655,indicative
allenhark-quic-fra,Retsina Technologies LTD. (Canada),6,16,0.375,0.1848123255886363,0.6135895945449727,indicative
allenhark-quic-fra,M247 Europe SRL (Romania),0,4,0.0,0.0,0.4898908364545974,suppressed
allenhark-quic-fra,Latitude.sh (Argentina),0,12,0.0,0.0,0.24249400665524096,indicative
allenhark-quic-fra,Cloudize Pty Ltd (Australia),0,4,0.0,0.0,0.4898908364545974,suppressed
allenhark-quic-fra,Blacknight Internet Solutions Limited (Ireland),0,4,0.0,0.0,0.4898908364545974,suppressed
allenhark-quic-fra,"Columbus Networks USA, Inc. (United Kingdom)",0,8,0.0,0.0,0.32440756488388034,indicative
allenhark-quic-fra,"Alibaba (US) Technology Co., Ltd. (Japan)",0,4,0.0,0.0,0.4898908364545974,suppressed
allenhark-quic-fra,SK Broadband Co Ltd (South Korea),0,8,0.0,0.0,0.32440756488388034,indicative
allenhark-quic-fra,velia.net Internetdienste GmbH (Singapore),0,8,0.0,0.0,0.32440756488388034,indicative
allenhark-quic-fra,G.Network Communications Limited (United Kingdom),0,4,0.0,0.0,0.4898908364545974,suppressed
allenhark-quic-fra,01NODE FUNDING SRL (Romania),0,4,0.0,0.0,0.4898908364545974,suppressed
allenhark-quic-fra,Latitude.sh (Mexico),1,4,0.25,0.0455872608097006,0.6993581574175982,suppressed
allenhark-quic-fra,Baytems Holdings Oy (Finland),0,4,0.0,0.0,0.4898908364545974,suppressed
allenhark-quic-fra,Cube3 Technologies Ltd (United Kingdom),0,4,0.0,0.0,0.4898908364545974,suppressed
allenhark-quic-fra,MEVSPACE sp. z o.o. (Poland),0,4,0.0,0.0,0.4898908364545974,suppressed
allenhark-quic-fra,"Cogent Communications, LLC (Germany)",0,4,0.0,0.0,0.4898908364545974,suppressed
allenhark-quic-fra,Adman LLC (Russia),0,4,0.0,0.0,0.4898908364545974,suppressed
allenhark-quic-ny,"The Constant Company, LLC (Singapore)",0,94,0.0,0.0,0.039262076291544754,inferential
allenhark-quic-ny,"Payward, Inc. (United States)",0,543,0.0,4.336808689942018e-19,0.007024812692473117,inferential
allenhark-quic-ny,UAB Cherry Servers (Lithuania),0,1056,0.0,0.0,0.0036245598704626935,inferential
allenhark-quic-ny,Latitude.sh (Germany),0,665,0.0,0.0,0.005743452009490282,inferential
allenhark-quic-ny,"Servers.com, Inc. (United States)",0,77,0.0,-3.469446951953614e-18,0.04751842528243411,inferential
allenhark-quic-ny,Galaxy Digital LP (United States),0,610,0.0,0.0,0.0062580634877192854,inferential
allenhark-quic-ny,HOSTKEY B.V. (Switzerland),0,108,0.0,0.0,0.034347359746557046,inferential
allenhark-quic-ny,"The Constant Company, LLC (Canada)",0,44,0.0,0.0,0.0802956037584807,inferential
allenhark-quic-ny,RETN Limited (Germany),0,351,0.0,-8.673617379884035e-19,0.010825845529609506,inferential
allenhark-quic-ny,TeraSwitch Networks Inc. (Germany),0,2399,0.0,0.0,0.0015987150573719086,inferential
allenhark-quic-ny,TeraSwitch Networks Inc. (Netherlands),0,2279,0.0,0.0,0.0016827532222402372,inferential
allenhark-quic-ny,Globecomm Network Services Corporation (United Kingdom),0,876,0.0,4.336808689942018e-19,0.004366080709407661,inferential
allenhark-quic-ny,OVH SAS (Canada),0,836,0.0,0.0,0.004574028562591213,inferential
allenhark-quic-ny,"HIVELOCITY, Inc. (Singapore)",0,152,0.0,1.734723475976807e-18,0.024649787352889058,inferential
allenhark-quic-ny,TeraSwitch Networks Inc. (Singapore),0,360,0.0,0.0,0.010558056888693513,inferential
allenhark-quic-ny,UAB Cherry Servers (United States),0,286,0.0,0.0,0.013253655416737967,inferential
allenhark-quic-ny,UAB Cherry Servers (Netherlands),0,420,0.0,0.0,0.009063433368181318,inferential
allenhark-quic-ny,Latitude.sh LTDA (Netherlands),0,286,0.0,0.0,0.013253655416737967,inferential
allenhark-quic-ny,TeraSwitch Networks Inc. (United States),0,350,0.0,8.673617379884035e-19,0.010856440716407827,inferential
allenhark-quic-ny,velia.net Internetdienste GmbH (France),0,19,0.0,1.3877787807814457e-17,0.16817922405261632,indicative
allenhark-quic-ny,Latitude.sh (United Kingdom),0,315,0.0,8.673617379884035e-19,0.01204817853645073,inferential
allenhark-quic-ny,OVH SAS (France),0,76,0.0,3.469446951953614e-18,0.04811358506513734,inferential
allenhark-quic-ny,TeraSwitch Networks Inc. (Japan),0,859,0.0,0.0,0.00445210273732618,inferential
allenhark-quic-ny,"Amazon.com, Inc. (United States)",0,1125,0.0,-2.168404344971009e-19,0.0034030100424441503,inferential
allenhark-quic-ny,velia.net Internetdienste GmbH (Germany),0,187,0.0,1.734723475976807e-18,0.02012905814298656,inferential
allenhark-quic-ny,"Alibaba (US) Technology Co., Ltd. (Singapore)",0,164,0.0,0.0,0.022887425119427592,inferential
allenhark-quic-ny,Amarutu Technology Ltd (Hong Kong S.A.R.),0,91,0.0,0.0,0.04050400392888022,inferential
allenhark-quic-ny,Delta HighTech Ltd. (Bulgaria),0,16,0.0,0.0,0.19360768053443655,indicative
allenhark-quic-ny,"HIVELOCITY, Inc. (United States)",0,60,0.0,0.0,0.060171852142089886,inferential
allenhark-quic-ny,Allnodes Inc (Germany),0,936,0.0,0.0,0.0040873476953382755,inferential
allenhark-quic-ny,Allnodes Inc (Japan),0,120,0.0,0.0,0.0310191664187035,inferential
allenhark-quic-ny,"The Constant Company, LLC (United States)",0,267,0.0,8.673617379884035e-19,0.014183422425136538,inferential
allenhark-quic-ny,OVH SAS (United Kingdom),0,44,0.0,0.0,0.0802956037584807,inferential
allenhark-quic-ny,"Servers.com, Inc. (Netherlands)",0,768,0.0,0.0,0.004977005027125051,inferential
allenhark-quic-ny,Butterfly Research (Germany),0,94,0.0,0.0,0.039262076291544754,inferential
allenhark-quic-ny,TeraSwitch Networks Inc. (United Kingdom),0,377,0.0,0.0,0.010086766374095694,inferential
allenhark-quic-ny,"Amazon.com, Inc. (Germany)",0,412,0.0,0.0,0.009237796615056889,inferential
allenhark-quic-ny,"The Constant Company, LLC (Japan)",0,108,0.0,0.0,0.034347359746557046,inferential
allenhark-quic-ny,Latitude.sh (Brazil),0,148,0.0,0.0,0.025299143267784405,inferential
allenhark-quic-ny,Datacamp Limited (Netherlands),0,311,0.0,8.673617379884035e-19,0.012201248320609145,inferential
allenhark-quic-ny,TeraSwitch Networks Inc. (Ireland),0,369,0.0,-8.673617379884035e-19,0.010303196519090844,inferential
allenhark-quic-ny,"HIVELOCITY, Inc. (Netherlands)",0,112,0.0,3.469446951953614e-18,0.03316134706694389,inferential
allenhark-quic-ny,"The Constant Company, LLC (France)",0,136,0.0,0.0,0.027470099733582422,inferential
allenhark-quic-ny,"Limestone Networks, Inc. (Netherlands)",0,24,0.0,0.0,0.13797620467498026,inferential
allenhark-quic-ny,Latitude.sh (Japan),0,56,0.0,6.938893903907228e-18,0.06419393671876344,inferential
allenhark-quic-ny,UAB Cherry Servers (Sweden),0,304,0.0,8.673617379884035e-19,0.012478692231417829,inferential
allenhark-quic-ny,Latitude.sh LTDA (United States),0,192,0.0,0.0,0.01961514606675412,inferential
allenhark-quic-ny,Danny Nieuwenhuis trading as DedicatedNodes (United Kingdom),0,127,0.0,0.0,0.029359645293763375,inferential
allenhark-quic-ny,Hurricane Electric LLC (United States),0,112,0.0,3.469446951953614e-18,0.03316134706694389,inferential
allenhark-quic-ny,"The Constant Company, LLC (Netherlands)",0,36,0.0,6.938893903907228e-18,0.0964186285944637,inferential
allenhark-quic-ny,Latitude.sh (United States),0,92,0.0,0.0,0.040081389285621744,inferential
allenhark-quic-ny,"The Constant Company, LLC (Brazil)",0,32,0.0,0.0,0.10717919825507066,inferential
allenhark-quic-ny,Allnodes Inc (United States),0,186,0.0,0.0,0.020235089029327347,inferential
allenhark-quic-ny,Latitude.sh (Singapore),0,208,0.0,0.0,0.018133649768460085,inferential
allenhark-quic-ny,"Servers.com, Inc. (Singapore)",0,20,0.0,0.0,0.1611251580528194,inferential
allenhark-quic-ny,"WebNX, Inc. (United States)",0,128,0.0,0.0,0.02913695627350843,inferential
allenhark-quic-ny,TY15 Infra (Japan),0,63,0.0,0.0,0.05747119958885175,inferential
allenhark-quic-ny,Latitude.sh LTDA (Brazil),0,16,0.0,0.0,0.19360768053443655,indicative
allenhark-quic-ny,OVH SAS (Singapore),0,12,0.0,0.0,0.24249400665524096,indicative
allenhark-quic-ny,23M GmbH (Germany),0,40,0.0,0.0,0.08762160119728668,inferential
allenhark-quic-ny,Netorn LLC (Russia),0,12,0.0,0.0,0.24249400665524096,indicative
allenhark-quic-ny,"Servers.com, Inc. (Hong Kong S.A.R.)",0,48,0.0,0.0,0.07410012966611754,inferential
allenhark-quic-ny,"Amazon.com, Inc. (Japan)",0,116,0.0,0.0,0.03205450649963873,inferential
allenhark-quic-ny,"Limestone Networks, Inc. (Singapore)",0,20,0.0,0.0,0.1611251580528194,inferential
allenhark-quic-ny,Datacamp Limited (United States),0,120,0.0,0.0,0.0310191664187035,inferential
allenhark-quic-ny,Butterfly Research (United States),0,36,0.0,6.938893903907228e-18,0.0964186285944637,inferential
allenhark-quic-ny,RockawayX Infra s.r.o. (Czechia),0,56,0.0,6.938893903907228e-18,0.06419393671876344,inferential
allenhark-quic-ny,Inter.link GmbH (Germany),0,12,0.0,0.0,0.24249400665524096,indicative
allenhark-quic-ny,VNET a.s. (Slovakia),0,36,0.0,6.938893903907228e-18,0.0964186285944637,inferential
allenhark-quic-ny,RockawayX Infra s.r.o. (United Arab Emirates),0,42,0.0,0.0,0.08379879086570395,inferential
allenhark-quic-ny,AlbHost SH.P.K. (Albania),0,16,0.0,0.0,0.19360768053443655,indicative
allenhark-quic-ny,Fusix Networks B.V. (Netherlands),0,16,0.0,0.0,0.19360768053443655,indicative
allenhark-quic-ny,Vorboss Limited (United Kingdom),0,16,0.0,0.0,0.19360768053443655,indicative
allenhark-quic-ny,OVH SAS (Germany),0,172,0.0,0.0,0.021846149630794804,inferential
allenhark-quic-ny,Globenet Cabos Submarinos America Inc (Hong Kong S.A.R.),0,36,0.0,6.938893903907228e-18,0.0964186285944637,inferential
allenhark-quic-ny,Evolus IT Solutions GmbH (United States),0,32,0.0,0.0,0.10717919825507066,inferential
allenhark-quic-ny,Amarutu Technology Ltd (United States),0,32,0.0,0.0,0.10717919825507066,inferential
allenhark-quic-ny,"DataBank Holdings, Ltd. (United States)",0,16,0.0,0.0,0.19360768053443655,indicative
allenhark-quic-ny,"Limestone Networks, Inc. (United States)",0,16,0.0,0.0,0.19360768053443655,indicative
allenhark-quic-ny,Amarutu Technology Ltd (Japan),0,63,0.0,0.0,0.05747119958885175,inferential
allenhark-quic-ny,UAB Cherry Servers (Germany),0,44,0.0,0.0,0.0802956037584807,inferential
allenhark-quic-ny,uvensys GmbH (Germany),0,12,0.0,0.0,0.24249400665524096,indicative
allenhark-quic-ny,"The Constant Company, LLC (United Kingdom)",0,8,0.0,0.0,0.32440756488388034,indicative
allenhark-quic-ny,"The Constant Company, LLC (Mexico)",0,24,0.0,0.0,0.13797620467498026,inferential
allenhark-quic-ny,synlinq.de (Germany),0,52,0.0,0.0,0.06879223612386236,inferential
allenhark-quic-ny,GSL Networks Pty LTD (Germany),0,35,0.0,0.0,0.09890099232440408,inferential
allenhark-quic-ny,Danny Nieuwenhuis trading as DedicatedNodes (Netherlands),0,28,0.0,1.3877787807814457e-17,0.12064330476584569,inferential
allenhark-quic-ny,ELSOUL LABO B.V. (Netherlands),0,16,0.0,0.0,0.19360768053443655,indicative
allenhark-quic-ny,ServeTheWorld AS (Norway),0,8,0.0,0.0,0.32440756488388034,indicative
allenhark-quic-ny,Sovereign-Sol LLC (United States),0,16,0.0,0.0,0.19360768053443655,indicative
allenhark-quic-ny,"Lucky Friday Labs, LLC (United States)",0,24,0.0,0.0,0.13797620467498026,inferential
allenhark-quic-ny,UAB Cherry Servers (Singapore),0,40,0.0,0.0,0.08762160119728668,inferential
allenhark-quic-ny,Amarutu Technology Ltd (Netherlands),0,52,0.0,0.0,0.06879223612386236,inferential
allenhark-quic-ny,Pulsant (Scotland) Ltd (United Kingdom),0,12,0.0,0.0,0.24249400665524096,indicative
allenhark-quic-ny,"The Constant Company, LLC (Chile)",0,12,0.0,0.0,0.24249400665524096,indicative
allenhark-quic-ny,ReliableSite.Net LLC (United States),0,20,0.0,0.0,0.1611251580528194,inferential
allenhark-quic-ny,A2B IP B.V. (Netherlands),0,12,0.0,0.0,0.24249400665524096,indicative
allenhark-quic-ny,"The Constant Company, LLC (Poland)",0,36,0.0,6.938893903907228e-18,0.0964186285944637,inferential
allenhark-quic-ny,ARTERIA Networks Corporation (Japan),0,4,0.0,0.0,0.4898908364545974,suppressed
allenhark-quic-ny,"FiberState, LLC (United States)",0,28,0.0,1.3877787807814457e-17,0.12064330476584569,inferential
allenhark-quic-ny,Comvive Servidores S.L. (Spain),0,8,0.0,0.0,0.32440756488388034,indicative
allenhark-quic-ny,Euroweb Romania S.R.L. (Romania),0,8,0.0,0.0,0.32440756488388034,indicative
allenhark-quic-ny,Scalaxy B.V. (Netherlands),0,32,0.0,0.0,0.10717919825507066,inferential
allenhark-quic-ny,"The Constant Company, LLC (Germany)",0,24,0.0,0.0,0.13797620467498026,inferential
allenhark-quic-ny,Coloblox Data Centers Inc (United States),0,8,0.0,0.0,0.32440756488388034,indicative
allenhark-quic-ny,Datacamp Limited (Germany),0,4,0.0,0.0,0.4898908364545974,suppressed
allenhark-quic-ny,"Momentum Telecom, Inc. (United States)",0,28,0.0,1.3877787807814457e-17,0.12064330476584569,inferential
allenhark-quic-ny,"HIVELOCITY, Inc. (Hong Kong S.A.R.)",0,12,0.0,0.0,0.24249400665524096,indicative
allenhark-quic-ny,FDCservers.net (Ireland),0,12,0.0,0.0,0.24249400665524096,indicative
allenhark-quic-ny,"The Constant Company, LLC (South Africa)",0,4,0.0,0.0,0.4898908364545974,suppressed
allenhark-quic-ny,Versija SIA (Latvia),0,4,0.0,0.0,0.4898908364545974,suppressed
allenhark-quic-ny,"Alibaba (US) Technology Co., Ltd. (Germany)",0,12,0.0,0.0,0.24249400665524096,indicative
allenhark-quic-ny,"HIVELOCITY, Inc. (United Kingdom)",0,11,0.0,0.0,0.2588329669680318,indicative
allenhark-quic-ny,Flexential Colorado Corp. (United States),0,16,0.0,0.0,0.19360768053443655,indicative
allenhark-quic-ny,Retsina Technologies LTD. (Canada),0,16,0.0,0.0,0.19360768053443655,indicative
allenhark-quic-ny,M247 Europe SRL (Romania),0,4,0.0,0.0,0.4898908364545974,suppressed
allenhark-quic-ny,Latitude.sh (Argentina),0,12,0.0,0.0,0.24249400665524096,indicative
allenhark-quic-ny,Cloudize Pty Ltd (Australia),0,4,0.0,0.0,0.4898908364545974,suppressed
allenhark-quic-ny,Blacknight Internet Solutions Limited (Ireland),0,4,0.0,0.0,0.4898908364545974,suppressed
allenhark-quic-ny,"Columbus Networks USA, Inc. (United Kingdom)",0,8,0.0,0.0,0.32440756488388034,indicative
allenhark-quic-ny,"Alibaba (US) Technology Co., Ltd. (Japan)",0,4,0.0,0.0,0.4898908364545974,suppressed
allenhark-quic-ny,SK Broadband Co Ltd (South Korea),0,8,0.0,0.0,0.32440756488388034,indicative
allenhark-quic-ny,velia.net Internetdienste GmbH (Singapore),0,8,0.0,0.0,0.32440756488388034,indicative
allenhark-quic-ny,G.Network Communications Limited (United Kingdom),0,4,0.0,0.0,0.4898908364545974,suppressed
allenhark-quic-ny,01NODE FUNDING SRL (Romania),0,4,0.0,0.0,0.4898908364545974,suppressed
allenhark-quic-ny,Latitude.sh (Mexico),0,4,0.0,0.0,0.4898908364545974,suppressed
allenhark-quic-ny,Baytems Holdings Oy (Finland),0,4,0.0,0.0,0.4898908364545974,suppressed
allenhark-quic-ny,Cube3 Technologies Ltd (United Kingdom),0,4,0.0,0.0,0.4898908364545974,suppressed
allenhark-quic-ny,MEVSPACE sp. z o.o. (Poland),0,4,0.0,0.0,0.4898908364545974,suppressed
allenhark-quic-ny,"Cogent Communications, LLC (Germany)",0,4,0.0,0.0,0.4898908364545974,suppressed
allenhark-quic-ny,Adman LLC (Russia),0,4,0.0,0.0,0.4898908364545974,suppressed
allenhark-quic-tk,"The Constant Company, LLC (Singapore)",0,94,0.0,0.0,0.039262076291544754,inferential
allenhark-quic-tk,"Payward, Inc. (United States)",0,543,0.0,4.336808689942018e-19,0.007024812692473117,inferential
allenhark-quic-tk,UAB Cherry Servers (Lithuania),0,1056,0.0,0.0,0.0036245598704626935,inferential
allenhark-quic-tk,Latitude.sh (Germany),0,665,0.0,0.0,0.005743452009490282,inferential
allenhark-quic-tk,"Servers.com, Inc. (United States)",0,77,0.0,-3.469446951953614e-18,0.04751842528243411,inferential
allenhark-quic-tk,Galaxy Digital LP (United States),0,610,0.0,0.0,0.0062580634877192854,inferential
allenhark-quic-tk,HOSTKEY B.V. (Switzerland),0,108,0.0,0.0,0.034347359746557046,inferential
allenhark-quic-tk,"The Constant Company, LLC (Canada)",0,44,0.0,0.0,0.0802956037584807,inferential
allenhark-quic-tk,RETN Limited (Germany),0,351,0.0,-8.673617379884035e-19,0.010825845529609506,inferential
allenhark-quic-tk,TeraSwitch Networks Inc. (Germany),0,2399,0.0,0.0,0.0015987150573719086,inferential
allenhark-quic-tk,TeraSwitch Networks Inc. (Netherlands),0,2279,0.0,0.0,0.0016827532222402372,inferential
allenhark-quic-tk,Globecomm Network Services Corporation (United Kingdom),0,876,0.0,4.336808689942018e-19,0.004366080709407661,inferential
allenhark-quic-tk,OVH SAS (Canada),0,836,0.0,0.0,0.004574028562591213,inferential
allenhark-quic-tk,"HIVELOCITY, Inc. (Singapore)",0,152,0.0,1.734723475976807e-18,0.024649787352889058,inferential
allenhark-quic-tk,TeraSwitch Networks Inc. (Singapore),0,360,0.0,0.0,0.010558056888693513,inferential
allenhark-quic-tk,UAB Cherry Servers (United States),0,286,0.0,0.0,0.013253655416737967,inferential
allenhark-quic-tk,UAB Cherry Servers (Netherlands),0,420,0.0,0.0,0.009063433368181318,inferential
allenhark-quic-tk,Latitude.sh LTDA (Netherlands),0,286,0.0,0.0,0.013253655416737967,inferential
allenhark-quic-tk,TeraSwitch Networks Inc. (United States),0,350,0.0,8.673617379884035e-19,0.010856440716407827,inferential
allenhark-quic-tk,velia.net Internetdienste GmbH (France),0,19,0.0,1.3877787807814457e-17,0.16817922405261632,indicative
allenhark-quic-tk,Latitude.sh (United Kingdom),0,315,0.0,8.673617379884035e-19,0.01204817853645073,inferential
allenhark-quic-tk,OVH SAS (France),0,76,0.0,3.469446951953614e-18,0.04811358506513734,inferential
allenhark-quic-tk,TeraSwitch Networks Inc. (Japan),0,859,0.0,0.0,0.00445210273732618,inferential
allenhark-quic-tk,"Amazon.com, Inc. (United States)",0,1125,0.0,-2.168404344971009e-19,0.0034030100424441503,inferential
allenhark-quic-tk,velia.net Internetdienste GmbH (Germany),0,187,0.0,1.734723475976807e-18,0.02012905814298656,inferential
allenhark-quic-tk,"Alibaba (US) Technology Co., Ltd. (Singapore)",0,164,0.0,0.0,0.022887425119427592,inferential
allenhark-quic-tk,Amarutu Technology Ltd (Hong Kong S.A.R.),0,91,0.0,0.0,0.04050400392888022,inferential
allenhark-quic-tk,Delta HighTech Ltd. (Bulgaria),0,16,0.0,0.0,0.19360768053443655,indicative
allenhark-quic-tk,"HIVELOCITY, Inc. (United States)",0,60,0.0,0.0,0.060171852142089886,inferential
allenhark-quic-tk,Allnodes Inc (Germany),0,936,0.0,0.0,0.0040873476953382755,inferential
allenhark-quic-tk,Allnodes Inc (Japan),0,120,0.0,0.0,0.0310191664187035,inferential
allenhark-quic-tk,"The Constant Company, LLC (United States)",0,267,0.0,8.673617379884035e-19,0.014183422425136538,inferential
allenhark-quic-tk,OVH SAS (United Kingdom),0,44,0.0,0.0,0.0802956037584807,inferential
allenhark-quic-tk,"Servers.com, Inc. (Netherlands)",0,768,0.0,0.0,0.004977005027125051,inferential
allenhark-quic-tk,Butterfly Research (Germany),0,94,0.0,0.0,0.039262076291544754,inferential
allenhark-quic-tk,TeraSwitch Networks Inc. (United Kingdom),0,377,0.0,0.0,0.010086766374095694,inferential
allenhark-quic-tk,"Amazon.com, Inc. (Germany)",0,412,0.0,0.0,0.009237796615056889,inferential
allenhark-quic-tk,"The Constant Company, LLC (Japan)",0,108,0.0,0.0,0.034347359746557046,inferential
allenhark-quic-tk,Latitude.sh (Brazil),0,148,0.0,0.0,0.025299143267784405,inferential
allenhark-quic-tk,Datacamp Limited (Netherlands),0,311,0.0,8.673617379884035e-19,0.012201248320609145,inferential
allenhark-quic-tk,TeraSwitch Networks Inc. (Ireland),0,369,0.0,-8.673617379884035e-19,0.010303196519090844,inferential
allenhark-quic-tk,"HIVELOCITY, Inc. (Netherlands)",0,112,0.0,3.469446951953614e-18,0.03316134706694389,inferential
allenhark-quic-tk,"The Constant Company, LLC (France)",0,136,0.0,0.0,0.027470099733582422,inferential
allenhark-quic-tk,"Limestone Networks, Inc. (Netherlands)",0,24,0.0,0.0,0.13797620467498026,inferential
allenhark-quic-tk,Latitude.sh (Japan),0,56,0.0,6.938893903907228e-18,0.06419393671876344,inferential
allenhark-quic-tk,UAB Cherry Servers (Sweden),0,304,0.0,8.673617379884035e-19,0.012478692231417829,inferential
allenhark-quic-tk,Latitude.sh LTDA (United States),0,192,0.0,0.0,0.01961514606675412,inferential
allenhark-quic-tk,Danny Nieuwenhuis trading as DedicatedNodes (United Kingdom),0,127,0.0,0.0,0.029359645293763375,inferential
allenhark-quic-tk,Hurricane Electric LLC (United States),0,112,0.0,3.469446951953614e-18,0.03316134706694389,inferential
allenhark-quic-tk,"The Constant Company, LLC (Netherlands)",0,36,0.0,6.938893903907228e-18,0.0964186285944637,inferential
allenhark-quic-tk,Latitude.sh (United States),0,92,0.0,0.0,0.040081389285621744,inferential
allenhark-quic-tk,"The Constant Company, LLC (Brazil)",0,32,0.0,0.0,0.10717919825507066,inferential
allenhark-quic-tk,Allnodes Inc (United States),0,186,0.0,0.0,0.020235089029327347,inferential
allenhark-quic-tk,Latitude.sh (Singapore),0,208,0.0,0.0,0.018133649768460085,inferential
allenhark-quic-tk,"Servers.com, Inc. (Singapore)",0,20,0.0,0.0,0.1611251580528194,inferential
allenhark-quic-tk,"WebNX, Inc. (United States)",0,128,0.0,0.0,0.02913695627350843,inferential
allenhark-quic-tk,TY15 Infra (Japan),0,63,0.0,0.0,0.05747119958885175,inferential
allenhark-quic-tk,Latitude.sh LTDA (Brazil),0,16,0.0,0.0,0.19360768053443655,indicative
allenhark-quic-tk,OVH SAS (Singapore),0,12,0.0,0.0,0.24249400665524096,indicative
allenhark-quic-tk,23M GmbH (Germany),0,40,0.0,0.0,0.08762160119728668,inferential
allenhark-quic-tk,Netorn LLC (Russia),0,12,0.0,0.0,0.24249400665524096,indicative
allenhark-quic-tk,"Servers.com, Inc. (Hong Kong S.A.R.)",0,48,0.0,0.0,0.07410012966611754,inferential
allenhark-quic-tk,"Amazon.com, Inc. (Japan)",0,116,0.0,0.0,0.03205450649963873,inferential
allenhark-quic-tk,"Limestone Networks, Inc. (Singapore)",0,20,0.0,0.0,0.1611251580528194,inferential
allenhark-quic-tk,Datacamp Limited (United States),0,120,0.0,0.0,0.0310191664187035,inferential
allenhark-quic-tk,Butterfly Research (United States),0,36,0.0,6.938893903907228e-18,0.0964186285944637,inferential
allenhark-quic-tk,RockawayX Infra s.r.o. (Czechia),0,56,0.0,6.938893903907228e-18,0.06419393671876344,inferential
allenhark-quic-tk,Inter.link GmbH (Germany),0,12,0.0,0.0,0.24249400665524096,indicative
allenhark-quic-tk,VNET a.s. (Slovakia),0,36,0.0,6.938893903907228e-18,0.0964186285944637,inferential
allenhark-quic-tk,RockawayX Infra s.r.o. (United Arab Emirates),0,42,0.0,0.0,0.08379879086570395,inferential
allenhark-quic-tk,AlbHost SH.P.K. (Albania),0,16,0.0,0.0,0.19360768053443655,indicative
allenhark-quic-tk,Fusix Networks B.V. (Netherlands),0,16,0.0,0.0,0.19360768053443655,indicative
allenhark-quic-tk,Vorboss Limited (United Kingdom),0,16,0.0,0.0,0.19360768053443655,indicative
allenhark-quic-tk,OVH SAS (Germany),0,172,0.0,0.0,0.021846149630794804,inferential
allenhark-quic-tk,Globenet Cabos Submarinos America Inc (Hong Kong S.A.R.),0,36,0.0,6.938893903907228e-18,0.0964186285944637,inferential
allenhark-quic-tk,Evolus IT Solutions GmbH (United States),0,32,0.0,0.0,0.10717919825507066,inferential
allenhark-quic-tk,Amarutu Technology Ltd (United States),0,32,0.0,0.0,0.10717919825507066,inferential
allenhark-quic-tk,"DataBank Holdings, Ltd. (United States)",0,16,0.0,0.0,0.19360768053443655,indicative
allenhark-quic-tk,"Limestone Networks, Inc. (United States)",0,16,0.0,0.0,0.19360768053443655,indicative
allenhark-quic-tk,Amarutu Technology Ltd (Japan),0,63,0.0,0.0,0.05747119958885175,inferential
allenhark-quic-tk,UAB Cherry Servers (Germany),0,44,0.0,0.0,0.0802956037584807,inferential
allenhark-quic-tk,uvensys GmbH (Germany),0,12,0.0,0.0,0.24249400665524096,indicative
allenhark-quic-tk,"The Constant Company, LLC (United Kingdom)",0,8,0.0,0.0,0.32440756488388034,indicative
allenhark-quic-tk,"The Constant Company, LLC (Mexico)",0,24,0.0,0.0,0.13797620467498026,inferential
allenhark-quic-tk,synlinq.de (Germany),0,52,0.0,0.0,0.06879223612386236,inferential
allenhark-quic-tk,GSL Networks Pty LTD (Germany),0,35,0.0,0.0,0.09890099232440408,inferential
allenhark-quic-tk,Danny Nieuwenhuis trading as DedicatedNodes (Netherlands),0,28,0.0,1.3877787807814457e-17,0.12064330476584569,inferential
allenhark-quic-tk,ELSOUL LABO B.V. (Netherlands),0,16,0.0,0.0,0.19360768053443655,indicative
allenhark-quic-tk,ServeTheWorld AS (Norway),0,8,0.0,0.0,0.32440756488388034,indicative
allenhark-quic-tk,Sovereign-Sol LLC (United States),0,16,0.0,0.0,0.19360768053443655,indicative
allenhark-quic-tk,"Lucky Friday Labs, LLC (United States)",0,24,0.0,0.0,0.13797620467498026,inferential
allenhark-quic-tk,UAB Cherry Servers (Singapore),0,40,0.0,0.0,0.08762160119728668,inferential
allenhark-quic-tk,Amarutu Technology Ltd (Netherlands),0,52,0.0,0.0,0.06879223612386236,inferential
allenhark-quic-tk,Pulsant (Scotland) Ltd (United Kingdom),0,12,0.0,0.0,0.24249400665524096,indicative
allenhark-quic-tk,"The Constant Company, LLC (Chile)",0,12,0.0,0.0,0.24249400665524096,indicative
allenhark-quic-tk,ReliableSite.Net LLC (United States),0,20,0.0,0.0,0.1611251580528194,inferential
allenhark-quic-tk,A2B IP B.V. (Netherlands),0,12,0.0,0.0,0.24249400665524096,indicative
allenhark-quic-tk,"The Constant Company, LLC (Poland)",0,36,0.0,6.938893903907228e-18,0.0964186285944637,inferential
allenhark-quic-tk,ARTERIA Networks Corporation (Japan),0,4,0.0,0.0,0.4898908364545974,suppressed
allenhark-quic-tk,"FiberState, LLC (United States)",0,28,0.0,1.3877787807814457e-17,0.12064330476584569,inferential
allenhark-quic-tk,Comvive Servidores S.L. (Spain),0,8,0.0,0.0,0.32440756488388034,indicative
allenhark-quic-tk,Euroweb Romania S.R.L. (Romania),0,8,0.0,0.0,0.32440756488388034,indicative
allenhark-quic-tk,Scalaxy B.V. (Netherlands),0,32,0.0,0.0,0.10717919825507066,inferential
allenhark-quic-tk,"The Constant Company, LLC (Germany)",0,24,0.0,0.0,0.13797620467498026,inferential
allenhark-quic-tk,Coloblox Data Centers Inc (United States),0,8,0.0,0.0,0.32440756488388034,indicative
allenhark-quic-tk,Datacamp Limited (Germany),0,4,0.0,0.0,0.4898908364545974,suppressed
allenhark-quic-tk,"Momentum Telecom, Inc. (United States)",0,28,0.0,1.3877787807814457e-17,0.12064330476584569,inferential
allenhark-quic-tk,"HIVELOCITY, Inc. (Hong Kong S.A.R.)",0,12,0.0,0.0,0.24249400665524096,indicative
allenhark-quic-tk,FDCservers.net (Ireland),0,12,0.0,0.0,0.24249400665524096,indicative
allenhark-quic-tk,"The Constant Company, LLC (South Africa)",0,4,0.0,0.0,0.4898908364545974,suppressed
allenhark-quic-tk,Versija SIA (Latvia),0,4,0.0,0.0,0.4898908364545974,suppressed
allenhark-quic-tk,"Alibaba (US) Technology Co., Ltd. (Germany)",0,12,0.0,0.0,0.24249400665524096,indicative
allenhark-quic-tk,"HIVELOCITY, Inc. (United Kingdom)",0,11,0.0,0.0,0.2588329669680318,indicative
allenhark-quic-tk,Flexential Colorado Corp. (United States),0,16,0.0,0.0,0.19360768053443655,indicative
allenhark-quic-tk,Retsina Technologies LTD. (Canada),0,16,0.0,0.0,0.19360768053443655,indicative
allenhark-quic-tk,M247 Europe SRL (Romania),0,4,0.0,0.0,0.4898908364545974,suppressed
allenhark-quic-tk,Latitude.sh (Argentina),0,12,0.0,0.0,0.24249400665524096,indicative
allenhark-quic-tk,Cloudize Pty Ltd (Australia),0,4,0.0,0.0,0.4898908364545974,suppressed
allenhark-quic-tk,Blacknight Internet Solutions Limited (Ireland),0,4,0.0,0.0,0.4898908364545974,suppressed
allenhark-quic-tk,"Columbus Networks USA, Inc. (United Kingdom)",0,8,0.0,0.0,0.32440756488388034,indicative
allenhark-quic-tk,"Alibaba (US) Technology Co., Ltd. (Japan)",0,4,0.0,0.0,0.4898908364545974,suppressed
allenhark-quic-tk,SK Broadband Co Ltd (South Korea),0,8,0.0,0.0,0.32440756488388034,indicative
allenhark-quic-tk,velia.net Internetdienste GmbH (Singapore),0,8,0.0,0.0,0.32440756488388034,indicative
allenhark-quic-tk,G.Network Communications Limited (United Kingdom),0,4,0.0,0.0,0.4898908364545974,suppressed
allenhark-quic-tk,01NODE FUNDING SRL (Romania),0,4,0.0,0.0,0.4898908364545974,suppressed
allenhark-quic-tk,Latitude.sh (Mexico),0,4,0.0,0.0,0.4898908364545974,suppressed
allenhark-quic-tk,Baytems Holdings Oy (Finland),0,4,0.0,0.0,0.4898908364545974,suppressed
allenhark-quic-tk,Cube3 Technologies Ltd (United Kingdom),0,4,0.0,0.0,0.4898908364545974,suppressed
allenhark-quic-tk,MEVSPACE sp. z o.o. (Poland),0,4,0.0,0.0,0.4898908364545974,suppressed
allenhark-quic-tk,"Cogent Communications, LLC (Germany)",0,4,0.0,0.0,0.4898908364545974,suppressed
allenhark-quic-tk,Adman LLC (Russia),0,4,0.0,0.0,0.4898908364545974,suppressed
astralane-fra,"The Constant Company, LLC (Singapore)",2,94,0.02127659574468085,0.005854336239172753,0.07429020489102967,inferential
astralane-fra,"Payward, Inc. (United States)",109,543,0.2007366482504604,0.1692012799399667,0.23647655454447858,inferential
astralane-fra,UAB Cherry Servers (Lithuania),106,1056,0.10037878787878787,0.0836776871000558,0.11997679067520037,inferential
astralane-fra,Latitude.sh (Germany),57,665,0.08571428571428572,0.06674516122237992,0.1094422704426263,inferential
astralane-fra,"Servers.com, Inc. (United States)",2,77,0.025974025974025976,0.007152159807893167,0.08984582779753136,inferential
astralane-fra,Galaxy Digital LP (United States),22,610,0.036065573770491806,0.023935942469325563,0.0540018672586238,inferential
astralane-fra,HOSTKEY B.V. (Switzerland),2,108,0.018518518518518517,0.005093224344768717,0.06501904800376769,inferential
astralane-fra,"The Constant Company, LLC (Canada)",1,44,0.022727272727272728,0.004023252060053238,0.1180770969821329,inferential
astralane-fra,RETN Limited (Germany),104,351,0.2962962962962963,0.25093998039328036,0.34606314185952347,inferential
astralane-fra,TeraSwitch Networks Inc. (Germany),415,2399,0.17298874531054606,0.15837908424325187,0.18864400201144443,inferential
astralane-fra,TeraSwitch Networks Inc. (Netherlands),383,2278,0.1681299385425812,0.15333386874009264,0.18404340865347574,inferential
astralane-fra,Globecomm Network Services Corporation (United Kingdom),40,876,0.045662100456621,0.03371035432799588,0.0615811984627444,inferential
astralane-fra,OVH SAS (Canada),78,836,0.09330143540669857,0.07540298379338384,0.11492038872164251,inferential
astralane-fra,"HIVELOCITY, Inc. (Singapore)",2,152,0.013157894736842105,0.0036158171874622128,0.046701081024561344,inferential
astralane-fra,TeraSwitch Networks Inc. (Singapore),25,360,0.06944444444444445,0.047477137925739835,0.10050341106174625,inferential
astralane-fra,UAB Cherry Servers (United States),13,286,0.045454545454545456,0.026753470528738603,0.07620439803193227,inferential
astralane-fra,UAB Cherry Servers (Netherlands),13,420,0.030952380952380953,0.018176403075331467,0.052230722512914815,inferential
astralane-fra,Latitude.sh LTDA (Netherlands),79,286,0.2762237762237762,0.22762876454618824,0.330750493822142,inferential
astralane-fra,TeraSwitch Networks Inc. (United States),72,350,0.2057142857142857,0.16667050858744747,0.2511478536627811,inferential
astralane-fra,velia.net Internetdienste GmbH (France),4,19,0.21052631578947367,0.0850767663291625,0.4333427844381418,indicative
astralane-fra,Latitude.sh (United Kingdom),83,315,0.2634920634920635,0.21790357997559814,0.31477952669719916,inferential
astralane-fra,OVH SAS (France),2,76,0.02631578947368421,0.0072466590751283436,0.09096621098658073,inferential
astralane-fra,TeraSwitch Networks Inc. (Japan),16,858,0.018648018648018648,0.011510621822639093,0.03007644555949636,inferential
astralane-fra,"Amazon.com, Inc. (United States)",29,1125,0.025777777777777778,0.0180072625465006,0.03677585897819975,inferential
astralane-fra,velia.net Internetdienste GmbH (Germany),7,187,0.0374331550802139,0.0182488594538771,0.07523952053936715,inferential
astralane-fra,"Alibaba (US) Technology Co., Ltd. (Singapore)",6,164,0.036585365853658534,0.016873335029278555,0.07751013215458115,inferential
astralane-fra,Amarutu Technology Ltd (Hong Kong S.A.R.),14,91,0.15384615384615385,0.09391213405915473,0.2418214071223777,inferential
astralane-fra,Delta HighTech Ltd. (Bulgaria),0,16,0.0,0.0,0.19360768053443655,indicative
astralane-fra,"HIVELOCITY, Inc. (United States)",1,60,0.016666666666666666,0.0029481597947862495,0.08855129727590064,inferential
astralane-fra,Allnodes Inc (Germany),136,935,0.14545454545454545,0.1243067254279675,0.16950375367804316,inferential
astralane-fra,Allnodes Inc (Japan),5,120,0.041666666666666664,0.0179267168801095,0.09384085233703537,inferential
astralane-fra,"The Constant Company, LLC (United States)",13,267,0.04868913857677903,0.028671916938033126,0.08150862540076054,inferential
astralane-fra,OVH SAS (United Kingdom),2,44,0.045454545454545456,0.012555109949594953,0.1513499843762966,inferential
astralane-fra,"Servers.com, Inc. (Netherlands)",10,768,0.013020833333333334,0.007087782210272422,0.023801279977604586,inferential
astralane-fra,Butterfly Research (Germany),38,94,0.40425531914893614,0.31070190101141837,0.5053270072146221,inferential
astralane-fra,TeraSwitch Networks Inc. (United Kingdom),97,377,0.2572944297082228,0.2157708047650838,0.3037142834218114,inferential
astralane-fra,"Amazon.com, Inc. (Germany)",48,412,0.11650485436893204,0.08900865168801839,0.1510863573662486,inferential
astralane-fra,"The Constant Company, LLC (Japan)",3,108,0.027777777777777776,0.00949133989928972,0.07850338875023638,inferential
astralane-fra,Latitude.sh (Brazil),22,148,0.14864864864864866,0.10026035744510908,0.21481471620252324,inferential
astralane-fra,Datacamp Limited (Netherlands),11,311,0.03536977491961415,0.019862684206251216,0.0622150031399097,inferential
astralane-fra,TeraSwitch Networks Inc. (Ireland),71,369,0.19241192411924118,0.155443142480477,0.23571898654346238,inferential
astralane-fra,"HIVELOCITY, Inc. (Netherlands)",0,112,0.0,3.469446951953614e-18,0.03316134706694389,inferential
astralane-fra,"The Constant Company, LLC (France)",6,136,0.04411764705882353,0.020374017012018374,0.09290754450977737,inferential
astralane-fra,"Limestone Networks, Inc. (Netherlands)",0,24,0.0,0.0,0.13797620467498026,inferential
astralane-fra,Latitude.sh (Japan),2,56,0.03571428571428571,0.00984942514823637,0.1211878018049011,inferential
astralane-fra,UAB Cherry Servers (Sweden),96,304,0.3157894736842105,0.2661121166018698,0.37006424369391583,inferential
astralane-fra,Latitude.sh LTDA (United States),6,192,0.03125,0.014399282241477667,0.06648991719610432,inferential
astralane-fra,Danny Nieuwenhuis trading as DedicatedNodes (United Kingdom),45,127,0.3543307086614173,0.2765392181899226,0.4406757965807013,inferential
astralane-fra,Hurricane Electric LLC (United States),2,112,0.017857142857142856,0.004910811536248817,0.06278048742116135,inferential
astralane-fra,"The Constant Company, LLC (Netherlands)",4,36,0.1111111111111111,0.04406640300315648,0.2531480859036487,inferential
astralane-fra,Latitude.sh (United States),5,92,0.05434782608695652,0.023435063948632373,0.12098530476246527,inferential
astralane-fra,"The Constant Company, LLC (Brazil)",0,32,0.0,0.0,0.10717919825507066,inferential
astralane-fra,Allnodes Inc (United States),41,186,0.22043010752688172,0.16684860676009255,0.2853258516218969,inferential
astralane-fra,Latitude.sh (Singapore),15,208,0.07211538461538461,0.044186785950830386,0.11556220279333254,inferential
astralane-fra,"Servers.com, Inc. (Singapore)",0,20,0.0,0.0,0.1611251580528194,inferential
astralane-fra,"WebNX, Inc. (United States)",15,128,0.1171875,0.07231682349355734,0.18436615865334754,inferential
astralane-fra,TY15 Infra (Japan),1,63,0.015873015873015872,0.002807494213869284,0.08458525459438399,inferential
astralane-fra,Latitude.sh LTDA (Brazil),1,16,0.0625,0.011119344764642547,0.28328737570298945,indicative
astralane-fra,OVH SAS (Singapore),2,12,0.16666666666666666,0.04696514218385381,0.4480308622529735,indicative
astralane-fra,23M GmbH (Germany),3,40,0.075,0.025836025774588184,0.1986423352431055,inferential
astralane-fra,Netorn LLC (Russia),2,12,0.16666666666666666,0.04696514218385381,0.4480308622529735,indicative
astralane-fra,"Servers.com, Inc. (Hong Kong S.A.R.)",4,48,0.08333333333333333,0.032883756818091775,0.19553301790367283,inferential
astralane-fra,"Amazon.com, Inc. (Japan)",2,116,0.017241379310344827,0.004741013203170524,0.060690924106825486,inferential
astralane-fra,"Limestone Networks, Inc. (Singapore)",0,20,0.0,0.0,0.1611251580528194,inferential
astralane-fra,Datacamp Limited (United States),2,120,0.016666666666666666,0.004582564565921137,0.05873596297215891,inferential
astralane-fra,Butterfly Research (United States),14,36,0.3888888888888889,0.24784873065371002,0.5513554090339486,inferential
astralane-fra,RockawayX Infra s.r.o. (Czechia),3,56,0.05357142857142857,0.018385781382109112,0.1460730906882154,inferential
astralane-fra,Inter.link GmbH (Germany),2,12,0.16666666666666666,0.04696514218385381,0.4480308622529735,indicative
astralane-fra,VNET a.s. (Slovakia),1,36,0.027777777777777776,0.00492040713981047,0.1416971865327386,inferential
astralane-fra,RockawayX Infra s.r.o. (United Arab Emirates),2,42,0.047619047619047616,0.013157524908905607,0.15789852396958842,inferential
astralane-fra,AlbHost SH.P.K. (Albania),0,16,0.0,0.0,0.19360768053443655,indicative
astralane-fra,Fusix Networks B.V. (Netherlands),0,16,0.0,0.0,0.19360768053443655,indicative
astralane-fra,Vorboss Limited (United Kingdom),1,16,0.0625,0.011119344764642547,0.28328737570298945,indicative
astralane-fra,OVH SAS (Germany),23,172,0.13372093023255813,0.09078472807785616,0.19266070711679578,inferential
astralane-fra,Globenet Cabos Submarinos America Inc (Hong Kong S.A.R.),2,36,0.05555555555555555,0.015369986664161839,0.18144657208647258,inferential
astralane-fra,Evolus IT Solutions GmbH (United States),0,32,0.0,0.0,0.10717919825507066,inferential
astralane-fra,Amarutu Technology Ltd (United States),5,32,0.15625,0.0686442028250571,0.317541495975304,inferential
astralane-fra,"DataBank Holdings, Ltd. (United States)",0,16,0.0,0.0,0.19360768053443655,indicative
astralane-fra,"Limestone Networks, Inc. (United States)",1,16,0.0625,0.011119344764642547,0.28328737570298945,indicative
astralane-fra,Amarutu Technology Ltd (Japan),0,63,0.0,0.0,0.05747119958885175,inferential
astralane-fra,UAB Cherry Servers (Germany),11,44,0.25,0.14574213828964883,0.39440566358959156,inferential
astralane-fra,uvensys GmbH (Germany),0,12,0.0,0.0,0.24249400665524096,indicative
astralane-fra,"The Constant Company, LLC (United Kingdom)",0,8,0.0,0.0,0.32440756488388034,indicative
astralane-fra,"The Constant Company, LLC (Mexico)",0,24,0.0,0.0,0.13797620467498026,inferential
astralane-fra,synlinq.de (Germany),3,52,0.057692307692307696,0.019814172112270614,0.15642511368960765,inferential
astralane-fra,GSL Networks Pty LTD (Germany),5,35,0.14285714285714285,0.06260231079433712,0.29375554086595146,inferential
astralane-fra,Danny Nieuwenhuis trading as DedicatedNodes (Netherlands),0,28,0.0,1.3877787807814457e-17,0.12064330476584569,inferential
astralane-fra,ELSOUL LABO B.V. (Netherlands),1,16,0.0625,0.011119344764642547,0.28328737570298945,indicative
astralane-fra,ServeTheWorld AS (Norway),0,8,0.0,0.0,0.32440756488388034,indicative
astralane-fra,Sovereign-Sol LLC (United States),0,16,0.0,0.0,0.19360768053443655,indicative
astralane-fra,"Lucky Friday Labs, LLC (United States)",1,24,0.041666666666666664,0.007393456165505796,0.20241806478655947,inferential
astralane-fra,UAB Cherry Servers (Singapore),2,40,0.05,0.013820667386148358,0.16503877369140968,inferential
astralane-fra,Amarutu Technology Ltd (Netherlands),1,52,0.019230769230769232,0.0034028080709451528,0.10120511127892251,inferential
astralane-fra,Pulsant (Scotland) Ltd (United Kingdom),0,12,0.0,0.0,0.24249400665524096,indicative
astralane-fra,"The Constant Company, LLC (Chile)",6,12,0.5,0.253781597633706,0.746218402366294,indicative
astralane-fra,ReliableSite.Net LLC (United States),2,20,0.1,0.027866481213768196,0.3010336452284873,inferential
astralane-fra,A2B IP B.V. (Netherlands),0,12,0.0,0.0,0.24249400665524096,indicative
astralane-fra,"The Constant Company, LLC (Poland)",3,36,0.08333333333333333,0.028748611335993407,0.2182669124927264,inferential
astralane-fra,ARTERIA Networks Corporation (Japan),0,4,0.0,0.0,0.4898908364545974,suppressed
astralane-fra,"FiberState, LLC (United States)",1,28,0.03571428571428571,0.0063325198490377654,0.17712197743353322,inferential
astralane-fra,Comvive Servidores S.L. (Spain),0,8,0.0,0.0,0.32440756488388034,indicative
astralane-fra,Euroweb Romania S.R.L. (Romania),1,8,0.125,0.022417491450056642,0.47088818221285356,indicative
astralane-fra,Scalaxy B.V. (Netherlands),1,32,0.03125,0.005537860164003122,0.1574426382001256,inferential
astralane-fra,"The Constant Company, LLC (Germany)",2,24,0.08333333333333333,0.023158815297043348,0.2584880219321069,inferential
astralane-fra,Coloblox Data Centers Inc (United States),1,8,0.125,0.022417491450056642,0.47088818221285356,indicative
astralane-fra,Datacamp Limited (Germany),0,4,0.0,0.0,0.4898908364545974,suppressed
astralane-fra,"Momentum Telecom, Inc. (United States)",2,28,0.07142857142857142,0.019812064115305714,0.22645362568399058,inferential
astralane-fra,"HIVELOCITY, Inc. (Hong Kong S.A.R.)",1,12,0.08333333333333333,0.014865094404917095,0.35387991114111705,indicative
astralane-fra,FDCservers.net (Ireland),0,12,0.0,0.0,0.24249400665524096,indicative
astralane-fra,"The Constant Company, LLC (South Africa)",0,4,0.0,0.0,0.4898908364545974,suppressed
astralane-fra,Versija SIA (Latvia),0,4,0.0,0.0,0.4898908364545974,suppressed
astralane-fra,"Alibaba (US) Technology Co., Ltd. (Germany)",0,12,0.0,0.0,0.24249400665524096,indicative
astralane-fra,"HIVELOCITY, Inc. (United Kingdom)",0,11,0.0,0.0,0.2588329669680318,indicative
astralane-fra,Flexential Colorado Corp. (United States),1,16,0.0625,0.011119344764642547,0.28328737570298945,indicative
astralane-fra,Retsina Technologies LTD. (Canada),1,16,0.0625,0.011119344764642547,0.28328737570298945,indicative
astralane-fra,M247 Europe SRL (Romania),1,4,0.25,0.0455872608097006,0.6993581574175982,suppressed
astralane-fra,Latitude.sh (Argentina),5,12,0.4166666666666667,0.1932603136587565,0.6804886874504502,indicative
astralane-fra,Cloudize Pty Ltd (Australia),0,4,0.0,0.0,0.4898908364545974,suppressed
astralane-fra,Blacknight Internet Solutions Limited (Ireland),0,4,0.0,0.0,0.4898908364545974,suppressed
astralane-fra,"Columbus Networks USA, Inc. (United Kingdom)",0,8,0.0,0.0,0.32440756488388034,indicative
astralane-fra,"Alibaba (US) Technology Co., Ltd. (Japan)",0,4,0.0,0.0,0.4898908364545974,suppressed
astralane-fra,SK Broadband Co Ltd (South Korea),0,8,0.0,0.0,0.32440756488388034,indicative
astralane-fra,velia.net Internetdienste GmbH (Singapore),0,8,0.0,0.0,0.32440756488388034,indicative
astralane-fra,G.Network Communications Limited (United Kingdom),0,4,0.0,0.0,0.4898908364545974,suppressed
astralane-fra,01NODE FUNDING SRL (Romania),0,4,0.0,0.0,0.4898908364545974,suppressed
astralane-fra,Latitude.sh (Mexico),0,4,0.0,0.0,0.4898908364545974,suppressed
astralane-fra,Baytems Holdings Oy (Finland),1,4,0.25,0.0455872608097006,0.6993581574175982,suppressed
astralane-fra,Cube3 Technologies Ltd (United Kingdom),0,4,0.0,0.0,0.4898908364545974,suppressed
astralane-fra,MEVSPACE sp. z o.o. (Poland),0,4,0.0,0.0,0.4898908364545974,suppressed
astralane-fra,"Cogent Communications, LLC (Germany)",1,4,0.25,0.0455872608097006,0.6993581574175982,suppressed
astralane-fra,Adman LLC (Russia),0,4,0.0,0.0,0.4898908364545974,suppressed
astralane-quic-fra,"The Constant Company, LLC (Singapore)",3,94,0.031914893617021274,0.010912627468307706,0.08967314608122355,inferential
astralane-quic-fra,"Payward, Inc. (United States)",80,543,0.14732965009208104,0.11999736068753929,0.179616825797207,inferential
astralane-quic-fra,UAB Cherry Servers (Lithuania),96,1056,0.09090909090909091,0.07502094076545271,0.10976279003765316,inferential
astralane-quic-fra,Latitude.sh (Germany),68,665,0.10225563909774436,0.08146487930485499,0.12761525018840872,inferential
astralane-quic-fra,"Servers.com, Inc. (United States)",2,77,0.025974025974025976,0.007152159807893167,0.08984582779753136,inferential
astralane-quic-fra,Galaxy Digital LP (United States),17,610,0.027868852459016394,0.017471535536835146,0.04417542277288011,inferential
astralane-quic-fra,HOSTKEY B.V. (Switzerland),4,108,0.037037037037037035,0.01449554133990276,0.09138164361061302,inferential
astralane-quic-fra,"The Constant Company, LLC (Canada)",1,44,0.022727272727272728,0.004023252060053238,0.1180770969821329,inferential
astralane-quic-fra,RETN Limited (Germany),67,351,0.1908831908831909,0.1532026272639055,0.235256656154685,inferential
astralane-quic-fra,TeraSwitch Networks Inc. (Germany),310,2399,0.12922050854522718,0.11638782206239684,0.14323873653996438,inferential
astralane-quic-fra,TeraSwitch Networks Inc. (Netherlands),293,2279,0.12856516015796401,0.11544538066287016,0.1429350060002508,inferential
astralane-quic-fra,Globecomm Network Services Corporation (United Kingdom),21,876,0.023972602739726026,0.015732215564530763,0.03636973798757653,inferential
astralane-quic-fra,OVH SAS (Canada),62,836,0.07416267942583732,0.05828188546956743,0.09393905751675426,inferential
astralane-quic-fra,"HIVELOCITY, Inc. (Singapore)",4,152,0.02631578947368421,0.010280235864764096,0.06570377320639396,inferential
astralane-quic-fra,TeraSwitch Networks Inc. (Singapore),32,360,0.08888888888888889,0.0636674122696357,0.12279143450551232,inferential
astralane-quic-fra,UAB Cherry Servers (United States),12,286,0.04195804195804196,0.024162091761647304,0.07189545271102873,inferential
astralane-quic-fra,UAB Cherry Servers (Netherlands),16,420,0.0380952380952381,0.023582839574973657,0.06098052267944147,inferential
astralane-quic-fra,Latitude.sh LTDA (Netherlands),67,286,0.23426573426573427,0.18890092686049564,0.28667444245189655,inferential
astralane-quic-fra,TeraSwitch Networks Inc. (United States),61,350,0.1742857142857143,0.13813734932837207,0.217506274909745,inferential
astralane-quic-fra,velia.net Internetdienste GmbH (France),1,19,0.05263157894736842,0.00935199406230039,0.24638731166898795,indicative
astralane-quic-fra,Latitude.sh (United Kingdom),64,315,0.20317460317460317,0.16244138179418727,0.25106023530522953,inferential
astralane-quic-fra,OVH SAS (France),3,76,0.039473684210526314,0.013514635094539595,0.10974787746545532,inferential
astralane-quic-fra,TeraSwitch Networks Inc. (Japan),16,859,0.018626309662398137,0.011497184810205377,0.030041684763448574,inferential
astralane-quic-fra,"Amazon.com, Inc. (United States)",30,1125,0.02666666666666667,0.01874214511269853,0.037812704394148605,inferential
astralane-quic-fra,velia.net Internetdienste GmbH (Germany),8,187,0.0427807486631016,0.02183453844814547,0.08213374466656416,inferential
astralane-quic-fra,"Alibaba (US) Technology Co., Ltd. (Singapore)",3,164,0.018292682926829267,0.006240347155917078,0.05239509899572658,inferential
astralane-quic-fra,Amarutu Technology Ltd (Hong Kong S.A.R.),7,91,0.07692307692307693,0.0377595013229532,0.15035927123225312,inferential
astralane-quic-fra,Delta HighTech Ltd. (Bulgaria),0,16,0.0,0.0,0.19360768053443655,indicative
astralane-quic-fra,"HIVELOCITY, Inc. (United States)",0,60,0.0,0.0,0.060171852142089886,inferential
astralane-quic-fra,Allnodes Inc (Germany),112,936,0.11965811965811966,0.10040458153009689,0.1420208368022544,inferential
astralane-quic-fra,Allnodes Inc (Japan),2,120,0.016666666666666666,0.004582564565921137,0.05873596297215891,inferential
astralane-quic-fra,"The Constant Company, LLC (United States)",15,267,0.056179775280898875,0.034337823158684055,0.09061150685913377,inferential
astralane-quic-fra,OVH SAS (United Kingdom),2,44,0.045454545454545456,0.012555109949594953,0.1513499843762966,inferential
astralane-quic-fra,"Servers.com, Inc. (Netherlands)",11,768,0.014322916666666666,0.008016192453223457,0.02546407545072874,inferential
astralane-quic-fra,Butterfly Research (Germany),33,94,0.35106382978723405,0.26215483168433173,0.4516679144450646,inferential
astralane-quic-fra,TeraSwitch Networks Inc. (United Kingdom),91,377,0.2413793103448276,0.2009316369682101,0.2870442766735636,inferential
astralane-quic-fra,"Amazon.com, Inc. (Germany)",50,412,0.12135922330097088,0.09327742181482243,0.1564366377577449,inferential
astralane-quic-fra,"The Constant Company, LLC (Japan)",4,108,0.037037037037037035,0.01449554133990276,0.09138164361061302,inferential
astralane-quic-fra,Latitude.sh (Brazil),17,148,0.11486486486486487,0.07296423932435535,0.17625266832785697,inferential
astralane-quic-fra,Datacamp Limited (Netherlands),9,311,0.028938906752411574,0.015298122356256036,0.05407475789435001,inferential
astralane-quic-fra,TeraSwitch Networks Inc. (Ireland),45,369,0.12195121951219512,0.09240340736123213,0.15928925342149508,inferential
astralane-quic-fra,"HIVELOCITY, Inc. (Netherlands)",2,112,0.017857142857142856,0.004910811536248817,0.06278048742116135,inferential
astralane-quic-fra,"The Constant Company, LLC (France)",11,136,0.08088235294117647,0.0457619634476793,0.1390291495642942,inferential
astralane-quic-fra,"Limestone Networks, Inc. (Netherlands)",1,24,0.041666666666666664,0.007393456165505796,0.20241806478655947,inferential
astralane-quic-fra,Latitude.sh (Japan),1,56,0.017857142857142856,0.0031592103419746734,0.09445637149397579,inferential
astralane-quic-fra,UAB Cherry Servers (Sweden),95,304,0.3125,0.2630088423319372,0.36667066725484454,inferential
astralane-quic-fra,Latitude.sh LTDA (United States),13,192,0.06770833333333333,0.03999268563113286,0.1123829094057483,inferential
astralane-quic-fra,Danny Nieuwenhuis trading as DedicatedNodes (United Kingdom),41,127,0.3228346456692913,0.24775266405699353,0.4083196512045761,inferential
astralane-quic-fra,Hurricane Electric LLC (United States),5,112,0.044642857142857144,0.019217257926634923,0.1002689688664747,inferential
astralane-quic-fra,"The Constant Company, LLC (Netherlands)",2,36,0.05555555555555555,0.015369986664161839,0.18144657208647258,inferential
astralane-quic-fra,Latitude.sh (United States),9,92,0.09782608695652174,0.052323757089611594,0.17556779516186674,inferential
astralane-quic-fra,"The Constant Company, LLC (Brazil)",1,32,0.03125,0.005537860164003122,0.1574426382001256,inferential
astralane-quic-fra,Allnodes Inc (United States),34,186,0.1827956989247312,0.13386143645086662,0.244567275944083,inferential
astralane-quic-fra,Latitude.sh (Singapore),11,208,0.052884615384615384,0.029783280856320107,0.09220161749432207,inferential
astralane-quic-fra,"Servers.com, Inc. (Singapore)",0,20,0.0,0.0,0.1611251580528194,inferential
astralane-quic-fra,"WebNX, Inc. (United States)",10,128,0.078125,0.04298737505098223,0.13784693180479052,inferential
astralane-quic-fra,TY15 Infra (Japan),0,63,0.0,0.0,0.05747119958885175,inferential
astralane-quic-fra,Latitude.sh LTDA (Brazil),1,16,0.0625,0.011119344764642547,0.28328737570298945,indicative
astralane-quic-fra,OVH SAS (Singapore),5,12,0.4166666666666667,0.1932603136587565,0.6804886874504502,indicative
astralane-quic-fra,23M GmbH (Germany),0,40,0.0,0.0,0.08762160119728668,inferential
astralane-quic-fra,Netorn LLC (Russia),1,12,0.08333333333333333,0.014865094404917095,0.35387991114111705,indicative
astralane-quic-fra,"Servers.com, Inc. (Hong Kong S.A.R.)",7,48,0.14583333333333334,0.0724824932660371,0.27167176524746284,inferential
astralane-quic-fra,"Amazon.com, Inc. (Japan)",3,116,0.02586206896551724,0.00883388787208833,0.07328676484308631,inferential
astralane-quic-fra,"Limestone Networks, Inc. (Singapore)",0,20,0.0,0.0,0.1611251580528194,inferential
astralane-quic-fra,Datacamp Limited (United States),3,120,0.025,0.008538174769902221,0.0709300333278661,inferential
astralane-quic-fra,Butterfly Research (United States),9,36,0.25,0.1375047766299483,0.41070453766728354,inferential
astralane-quic-fra,RockawayX Infra s.r.o. (Czechia),1,56,0.017857142857142856,0.0031592103419746734,0.09445637149397579,inferential
astralane-quic-fra,Inter.link GmbH (Germany),1,12,0.08333333333333333,0.014865094404917095,0.35387991114111705,indicative
astralane-quic-fra,VNET a.s. (Slovakia),1,36,0.027777777777777776,0.00492040713981047,0.1416971865327386,inferential
astralane-quic-fra,RockawayX Infra s.r.o. (United Arab Emirates),4,42,0.09523809523809523,0.037662248805573895,0.22065105808571028,inferential
astralane-quic-fra,AlbHost SH.P.K. (Albania),0,16,0.0,0.0,0.19360768053443655,indicative
astralane-quic-fra,Fusix Networks B.V. (Netherlands),0,16,0.0,0.0,0.19360768053443655,indicative
astralane-quic-fra,Vorboss Limited (United Kingdom),0,16,0.0,0.0,0.19360768053443655,indicative
astralane-quic-fra,OVH SAS (Germany),5,172,0.029069767441860465,0.01247945080177977,0.06623610873420138,inferential
astralane-quic-fra,Globenet Cabos Submarinos America Inc (Hong Kong S.A.R.),2,36,0.05555555555555555,0.015369986664161839,0.18144657208647258,inferential
astralane-quic-fra,Evolus IT Solutions GmbH (United States),0,32,0.0,0.0,0.10717919825507066,inferential
astralane-quic-fra,Amarutu Technology Ltd (United States),6,32,0.1875,0.08889544689565951,0.35309155201375964,inferential
astralane-quic-fra,"DataBank Holdings, Ltd. (United States)",0,16,0.0,0.0,0.19360768053443655,indicative
astralane-quic-fra,"Limestone Networks, Inc. (United States)",0,16,0.0,0.0,0.19360768053443655,indicative
astralane-quic-fra,Amarutu Technology Ltd (Japan),2,63,0.031746031746031744,0.008749527561580442,0.10856477046607436,inferential
astralane-quic-fra,UAB Cherry Servers (Germany),4,44,0.09090909090909091,0.035922193227316226,0.21159239166598615,inferential
astralane-quic-fra,uvensys GmbH (Germany),0,12,0.0,0.0,0.24249400665524096,indicative
astralane-quic-fra,"The Constant Company, LLC (United Kingdom)",1,8,0.125,0.022417491450056642,0.47088818221285356,indicative
astralane-quic-fra,"The Constant Company, LLC (Mexico)",0,24,0.0,0.0,0.13797620467498026,inferential
astralane-quic-fra,synlinq.de (Germany),1,52,0.019230769230769232,0.0034028080709451528,0.10120511127892251,inferential
astralane-quic-fra,GSL Networks Pty LTD (Germany),4,35,0.11428571428571428,0.04535179333097357,0.25951468646213816,inferential
astralane-quic-fra,Danny Nieuwenhuis trading as DedicatedNodes (Netherlands),0,28,0.0,1.3877787807814457e-17,0.12064330476584569,inferential
astralane-quic-fra,ELSOUL LABO B.V. (Netherlands),0,16,0.0,0.0,0.19360768053443655,indicative
astralane-quic-fra,ServeTheWorld AS (Norway),1,8,0.125,0.022417491450056642,0.47088818221285356,indicative
astralane-quic-fra,Sovereign-Sol LLC (United States),0,16,0.0,0.0,0.19360768053443655,indicative
astralane-quic-fra,"Lucky Friday Labs, LLC (United States)",0,24,0.0,0.0,0.13797620467498026,inferential
astralane-quic-fra,UAB Cherry Servers (Singapore),1,40,0.025,0.004426831502681396,0.12881368963474096,inferential
astralane-quic-fra,Amarutu Technology Ltd (Netherlands),0,52,0.0,0.0,0.06879223612386236,inferential
astralane-quic-fra,Pulsant (Scotland) Ltd (United Kingdom),0,12,0.0,0.0,0.24249400665524096,indicative
astralane-quic-fra,"The Constant Company, LLC (Chile)",3,12,0.25,0.08894166839405476,0.5323053349335658,indicative
astralane-quic-fra,ReliableSite.Net LLC (United States),2,20,0.1,0.027866481213768196,0.3010336452284873,inferential
astralane-quic-fra,A2B IP B.V. (Netherlands),0,12,0.0,0.0,0.24249400665524096,indicative
astralane-quic-fra,"The Constant Company, LLC (Poland)",3,36,0.08333333333333333,0.028748611335993407,0.2182669124927264,inferential
astralane-quic-fra,ARTERIA Networks Corporation (Japan),0,4,0.0,0.0,0.4898908364545974,suppressed
astralane-quic-fra,"FiberState, LLC (United States)",0,28,0.0,1.3877787807814457e-17,0.12064330476584569,inferential
astralane-quic-fra,Comvive Servidores S.L. (Spain),1,8,0.125,0.022417491450056642,0.47088818221285356,indicative
astralane-quic-fra,Euroweb Romania S.R.L. (Romania),0,8,0.0,0.0,0.32440756488388034,indicative
astralane-quic-fra,Scalaxy B.V. (Netherlands),3,32,0.09375,0.03240155129836618,0.2421815472838787,inferential
astralane-quic-fra,"The Constant Company, LLC (Germany)",1,24,0.041666666666666664,0.007393456165505796,0.20241806478655947,inferential
astralane-quic-fra,Coloblox Data Centers Inc (United States),0,8,0.0,0.0,0.32440756488388034,indicative
astralane-quic-fra,Datacamp Limited (Germany),0,4,0.0,0.0,0.4898908364545974,suppressed
astralane-quic-fra,"Momentum Telecom, Inc. (United States)",3,28,0.10714285714285714,0.03711836682929999,0.2719585154867216,inferential
astralane-quic-fra,"HIVELOCITY, Inc. (Hong Kong S.A.R.)",4,12,0.3333333333333333,0.1381200910912131,0.6093779111272004,indicative
astralane-quic-fra,FDCservers.net (Ireland),1,12,0.08333333333333333,0.014865094404917095,0.35387991114111705,indicative
astralane-quic-fra,"The Constant Company, LLC (South Africa)",0,4,0.0,0.0,0.4898908364545974,suppressed
astralane-quic-fra,Versija SIA (Latvia),0,4,0.0,0.0,0.4898908364545974,suppressed
astralane-quic-fra,"Alibaba (US) Technology Co., Ltd. (Germany)",0,12,0.0,0.0,0.24249400665524096,indicative
astralane-quic-fra,"HIVELOCITY, Inc. (United Kingdom)",0,11,0.0,0.0,0.2588329669680318,indicative
astralane-quic-fra,Flexential Colorado Corp. (United States),0,16,0.0,0.0,0.19360768053443655,indicative
astralane-quic-fra,Retsina Technologies LTD. (Canada),1,16,0.0625,0.011119344764642547,0.28328737570298945,indicative
astralane-quic-fra,M247 Europe SRL (Romania),0,4,0.0,0.0,0.4898908364545974,suppressed
astralane-quic-fra,Latitude.sh (Argentina),4,12,0.3333333333333333,0.1381200910912131,0.6093779111272004,indicative
astralane-quic-fra,Cloudize Pty Ltd (Australia),0,4,0.0,0.0,0.4898908364545974,suppressed
astralane-quic-fra,Blacknight Internet Solutions Limited (Ireland),0,4,0.0,0.0,0.4898908364545974,suppressed
astralane-quic-fra,"Columbus Networks USA, Inc. (United Kingdom)",0,8,0.0,0.0,0.32440756488388034,indicative
astralane-quic-fra,"Alibaba (US) Technology Co., Ltd. (Japan)",0,4,0.0,0.0,0.4898908364545974,suppressed
astralane-quic-fra,SK Broadband Co Ltd (South Korea),0,8,0.0,0.0,0.32440756488388034,indicative
astralane-quic-fra,velia.net Internetdienste GmbH (Singapore),0,8,0.0,0.0,0.32440756488388034,indicative
astralane-quic-fra,G.Network Communications Limited (United Kingdom),0,4,0.0,0.0,0.4898908364545974,suppressed
astralane-quic-fra,01NODE FUNDING SRL (Romania),0,4,0.0,0.0,0.4898908364545974,suppressed
astralane-quic-fra,Latitude.sh (Mexico),0,4,0.0,0.0,0.4898908364545974,suppressed
astralane-quic-fra,Baytems Holdings Oy (Finland),3,4,0.75,0.30064184258240184,0.9544127391902995,suppressed
astralane-quic-fra,Cube3 Technologies Ltd (United Kingdom),0,4,0.0,0.0,0.4898908364545974,suppressed
astralane-quic-fra,MEVSPACE sp. z o.o. (Poland),0,4,0.0,0.0,0.4898908364545974,suppressed
astralane-quic-fra,"Cogent Communications, LLC (Germany)",1,4,0.25,0.0455872608097006,0.6993581574175982,suppressed
astralane-quic-fra,Adman LLC (Russia),0,4,0.0,0.0,0.4898908364545974,suppressed
blockrazor,"The Constant Company, LLC (Singapore)",0,59,0.0,0.0,0.06112937052678842,inferential
blockrazor,"Payward, Inc. (United States)",2,327,0.0061162079510703364,0.0016788903769914786,0.02202267002793938,inferential
blockrazor,UAB Cherry Servers (Lithuania),1,634,0.0015772870662460567,0.0002784841790735371,0.008879683167863126,inferential
blockrazor,Latitude.sh (Germany),4,398,0.010050251256281407,0.003915092949455606,0.025552893891538597,inferential
blockrazor,"Servers.com, Inc. (United States)",1,48,0.020833333333333332,0.003687110977510656,0.10899217995251864,inferential
blockrazor,Galaxy Digital LP (United States),4,395,0.010126582278481013,0.0039448796571078595,0.02574475906727975,inferential
blockrazor,HOSTKEY B.V. (Switzerland),0,63,0.0,0.0,0.05747119958885175,inferential
blockrazor,"The Constant Company, LLC (Canada)",1,25,0.04,0.007096233501987265,0.1954406373619374,inferential
blockrazor,RETN Limited (Germany),2,213,0.009389671361502348,0.002578774689086301,0.0335834004933737,inferential
blockrazor,TeraSwitch Networks Inc. (Germany),23,1461,0.01574264202600958,0.010512812526172859,0.023512343247899914,inferential
blockrazor,TeraSwitch Networks Inc. (Netherlands),16,1351,0.011843079200592153,0.007302872236258762,0.019151484166365574,inferential
blockrazor,Globecomm Network Services Corporation (United Kingdom),0,510,0.0,0.0,0.007475961222573538,inferential
blockrazor,OVH SAS (Canada),3,511,0.005870841487279843,0.001998583117586275,0.017116930312969927,inferential
blockrazor,"HIVELOCITY, Inc. (Singapore)",2,92,0.021739130434782608,0.0059820412288536864,0.07583493982695841,inferential
blockrazor,TeraSwitch Networks Inc. (Singapore),1,211,0.004739336492890996,0.0008370997348778678,0.026352525827892985,inferential
blockrazor,UAB Cherry Servers (United States),3,179,0.01675977653631285,0.005715931246561997,0.048109163369125144,inferential
blockrazor,UAB Cherry Servers (Netherlands),8,249,0.0321285140562249,0.016368192811827283,0.06210572089377651,inferential
blockrazor,Latitude.sh LTDA (Netherlands),3,180,0.016666666666666666,0.005684086620487441,0.04784822803707185,inferential
blockrazor,TeraSwitch Networks Inc. (United States),3,218,0.013761467889908258,0.004690980457706748,0.03967159664132232,inferential
blockrazor,velia.net Internetdienste GmbH (France),0,13,0.0,0.0,0.22809537235419847,indicative
blockrazor,Latitude.sh (United Kingdom),0,196,0.0,0.0,0.019222531917868154,inferential
blockrazor,OVH SAS (France),1,43,0.023255813953488372,0.004117087274333769,0.12058993440607181,inferential
blockrazor,TeraSwitch Networks Inc. (Japan),130,518,0.25096525096525096,0.21555388368459685,0.29004308328875855,inferential
blockrazor,"Amazon.com, Inc. (United States)",11,666,0.016516516516516516,0.009247137632558933,0.02933133266127738,inferential
blockrazor,velia.net Internetdienste GmbH (Germany),1,104,0.009615384615384616,0.0016993728496512532,0.052467724707945834,inferential
blockrazor,"Alibaba (US) Technology Co., Ltd. (Singapore)",1,98,0.01020408163265306,0.0018035477567974675,0.05555480991342029,inferential
blockrazor,Amarutu Technology Ltd (Hong Kong S.A.R.),0,53,0.0,0.0,0.0675819885765419,inferential
blockrazor,Delta HighTech Ltd. (Bulgaria),0,11,0.0,0.0,0.2588329669680318,indicative
blockrazor,"HIVELOCITY, Inc. (United States)",0,41,0.0,0.0,0.0856675701844319,inferential
blockrazor,Allnodes Inc (Germany),14,550,0.025454545454545455,0.01522221081623944,0.042269799421662924,inferential
blockrazor,Allnodes Inc (Japan),13,72,0.18055555555555555,0.10866816510019897,0.28480341739198245,inferential
blockrazor,"The Constant Company, LLC (United States)",1,154,0.006493506493506494,0.001147184487494974,0.03586120902545367,inferential
blockrazor,OVH SAS (United Kingdom),2,24,0.08333333333333333,0.023158815297043348,0.2584880219321069,inferential
blockrazor,"Servers.com, Inc. (Netherlands)",1,490,0.0020408163265306124,0.0003603450783601341,0.011468266546600795,inferential
blockrazor,Butterfly Research (Germany),1,62,0.016129032258064516,0.002852867168621827,0.08586720260689995,inferential
blockrazor,TeraSwitch Networks Inc. (United Kingdom),1,243,0.00411522633744856,0.0007268082376862758,0.02293801228558477,inferential
blockrazor,"Amazon.com, Inc. (Germany)",4,231,0.017316017316017316,0.006753942965300814,0.04366926118339809,inferential
blockrazor,"The Constant Company, LLC (Japan)",3,67,0.04477611940298507,0.015343975122038639,0.12357833089093762,inferential
blockrazor,Latitude.sh (Brazil),0,93,0.0,0.0,0.03966750261173516,inferential
blockrazor,Datacamp Limited (Netherlands),1,191,0.005235602094240838,0.0009248109680105136,0.02905576326937405,inferential
blockrazor,TeraSwitch Networks Inc. (Ireland),0,232,0.0,0.0,0.01628831012114251,inferential
blockrazor,"HIVELOCITY, Inc. (Netherlands)",0,64,0.0,0.0,0.05662405979280536,inferential
blockrazor,"The Constant Company, LLC (France)",3,89,0.033707865168539325,0.011529221151789795,0.09447362440561424,inferential
blockrazor,"Limestone Networks, Inc. (Netherlands)",0,14,0.0,2.7755575615628914e-17,0.21531080273763586,indicative
blockrazor,Latitude.sh (Japan),6,29,0.20689655172413793,0.09846070197841034,0.38390090403867916,inferential
blockrazor,UAB Cherry Servers (Sweden),1,180,0.005555555555555556,0.0009813660672160097,0.030793070766379126,inferential
blockrazor,Latitude.sh LTDA (United States),1,119,0.008403361344537815,0.001484943040089632,0.046067885433077785,inferential
blockrazor,Danny Nieuwenhuis trading as DedicatedNodes (United Kingdom),1,77,0.012987012987012988,0.002296217297124044,0.06996198914680526,inferential
blockrazor,Hurricane Electric LLC (United States),0,73,0.0,0.0,0.04999200795573113,inferential
blockrazor,"The Constant Company, LLC (Netherlands)",0,21,0.0,0.0,0.154639018924847,inferential
blockrazor,Latitude.sh (United States),0,56,0.0,6.938893903907228e-18,0.06419393671876344,inferential
blockrazor,"The Constant Company, LLC (Brazil)",2,20,0.1,0.027866481213768196,0.3010336452284873,inferential
blockrazor,Allnodes Inc (United States),0,115,0.0,0.0,0.03232423144931308,inferential
blockrazor,Latitude.sh (Singapore),0,129,0.0,0.0,0.02891761995687827,inferential
blockrazor,"Servers.com, Inc. (Singapore)",0,12,0.0,0.0,0.24249400665524096,indicative
blockrazor,"WebNX, Inc. (United States)",1,78,0.01282051282051282,0.0022667317538337395,0.06910857001702225,inferential
blockrazor,TY15 Infra (Japan),4,40,0.1,0.03957952868260635,0.23051775227522303,inferential
blockrazor,Latitude.sh LTDA (Brazil),1,9,0.1111111111111111,0.019890887638544935,0.4349997055766561,indicative
blockrazor,OVH SAS (Singapore),0,7,0.0,2.7755575615628914e-17,0.3543304350666875,indicative
blockrazor,23M GmbH (Germany),0,21,0.0,0.0,0.154639018924847,inferential
blockrazor,Netorn LLC (Russia),0,9,0.0,2.7755575615628914e-17,0.29914504841954415,indicative
blockrazor,"Servers.com, Inc. (Hong Kong S.A.R.)",0,31,0.0,0.0,0.110255395460436,inferential
blockrazor,"Amazon.com, Inc. (Japan)",14,70,0.2,0.12304739248362953,0.30816644496253065,inferential
blockrazor,"Limestone Networks, Inc. (Singapore)",0,13,0.0,0.0,0.22809537235419847,indicative
blockrazor,Datacamp Limited (United States),1,69,0.014492753623188406,0.00256292464458846,0.0776312246114473,inferential
blockrazor,Butterfly Research (United States),1,25,0.04,0.007096233501987265,0.1954406373619374,inferential
blockrazor,RockawayX Infra s.r.o. (Czechia),2,31,0.06451612903225806,0.01787478352191456,0.2071863673629813,inferential
blockrazor,Inter.link GmbH (Germany),1,7,0.14285714285714285,0.02567962434474355,0.5131278292743189,indicative
blockrazor,VNET a.s. (Slovakia),1,20,0.05,0.008881448800795402,0.2361311934467421,inferential
blockrazor,RockawayX Infra s.r.o. (United Arab Emirates),0,22,0.0,0.0,0.14865487460862095,inferential
blockrazor,AlbHost SH.P.K. (Albania),0,10,0.0,0.0,0.27753279986288926,indicative
blockrazor,Fusix Networks B.V. (Netherlands),0,9,0.0,2.7755575615628914e-17,0.29914504841954415,indicative
blockrazor,Vorboss Limited (United Kingdom),0,9,0.0,2.7755575615628914e-17,0.29914504841954415,indicative
blockrazor,OVH SAS (Germany),0,102,0.0,0.0,0.0362944621464632,inferential
blockrazor,Globenet Cabos Submarinos America Inc (Hong Kong S.A.R.),0,22,0.0,0.0,0.14865487460862095,inferential
blockrazor,Evolus IT Solutions GmbH (United States),1,18,0.05555555555555555,0.009875190978303083,0.257573007818726,indicative
blockrazor,Amarutu Technology Ltd (United States),0,20,0.0,0.0,0.1611251580528194,inferential
blockrazor,"DataBank Holdings, Ltd. (United States)",0,9,0.0,2.7755575615628914e-17,0.29914504841954415,indicative
blockrazor,"Limestone Networks, Inc. (United States)",0,9,0.0,2.7755575615628914e-17,0.29914504841954415,indicative
blockrazor,Amarutu Technology Ltd (Japan),2,40,0.05,0.013820667386148358,0.16503877369140968,inferential
blockrazor,UAB Cherry Servers (Germany),1,26,0.038461538461538464,0.006821984993543487,0.18892778903034763,inferential
blockrazor,uvensys GmbH (Germany),0,7,0.0,2.7755575615628914e-17,0.3543304350666875,indicative
blockrazor,"The Constant Company, LLC (United Kingdom)",0,5,0.0,0.0,0.43448246478317487,indicative
blockrazor,"The Constant Company, LLC (Mexico)",0,14,0.0,2.7755575615628914e-17,0.21531080273763586,indicative
blockrazor,synlinq.de (Germany),0,29,0.0,0.0,0.1169697984997408,inferential
blockrazor,GSL Networks Pty LTD (Germany),0,31,0.0,0.0,0.110255395460436,inferential
blockrazor,Danny Nieuwenhuis trading as DedicatedNodes (Netherlands),0,16,0.0,0.0,0.19360768053443655,indicative
blockrazor,ELSOUL LABO B.V. (Netherlands),0,10,0.0,0.0,0.27753279986288926,indicative
blockrazor,ServeTheWorld AS (Norway),0,4,0.0,0.0,0.4898908364545974,suppressed
blockrazor,Sovereign-Sol LLC (United States),0,10,0.0,0.0,0.27753279986288926,indicative
blockrazor,"Lucky Friday Labs, LLC (United States)",0,14,0.0,2.7755575615628914e-17,0.21531080273763586,indicative
blockrazor,UAB Cherry Servers (Singapore),0,24,0.0,0.0,0.13797620467498026,inferential
blockrazor,Amarutu Technology Ltd (Netherlands),0,30,0.0,0.0,0.1135133931739688,inferential
blockrazor,Pulsant (Scotland) Ltd (United Kingdom),0,7,0.0,2.7755575615628914e-17,0.3543304350666875,indicative
blockrazor,"The Constant Company, LLC (Chile)",0,9,0.0,2.7755575615628914e-17,0.29914504841954415,indicative
blockrazor,ReliableSite.Net LLC (United States),0,13,0.0,0.0,0.22809537235419847,indicative
blockrazor,A2B IP B.V. (Netherlands),0,5,0.0,0.0,0.43448246478317487,indicative
blockrazor,"The Constant Company, LLC (Poland)",0,19,0.0,1.3877787807814457e-17,0.16817922405261632,indicative
blockrazor,ARTERIA Networks Corporation (Japan),1,3,0.3333333333333333,0.06149194472039626,0.7923403991979523,suppressed
blockrazor,"FiberState, LLC (United States)",0,15,0.0,0.0,0.20388330103584867,indicative
blockrazor,Comvive Servidores S.L. (Spain),0,4,0.0,0.0,0.4898908364545974,suppressed
blockrazor,Euroweb Romania S.R.L. (Romania),0,5,0.0,0.0,0.43448246478317487,indicative
blockrazor,Scalaxy B.V. (Netherlands),1,19,0.05263157894736842,0.00935199406230039,0.24638731166898795,indicative
blockrazor,"The Constant Company, LLC (Germany)",0,14,0.0,2.7755575615628914e-17,0.21531080273763586,indicative
blockrazor,Coloblox Data Centers Inc (United States),0,5,0.0,0.0,0.43448246478317487,indicative
blockrazor,Datacamp Limited (Germany),0,3,0.0,0.0,0.5614970317550455,suppressed
blockrazor,"Momentum Telecom, Inc. (United States)",1,17,0.058823529411764705,0.010460400984997592,0.26982030637575405,indicative
blockrazor,"HIVELOCITY, Inc. (Hong Kong S.A.R.)",0,8,0.0,0.0,0.32440756488388034,indicative
blockrazor,FDCservers.net (Ireland),0,6,0.0,0.0,0.39033428790216546,indicative
blockrazor,"The Constant Company, LLC (South Africa)",1,2,0.5,0.09453120573423068,0.9054687942657693,suppressed
blockrazor,Versija SIA (Latvia),0,3,0.0,0.0,0.5614970317550455,suppressed
blockrazor,"Alibaba (US) Technology Co., Ltd. (Germany)",0,7,0.0,2.7755575615628914e-17,0.3543304350666875,indicative
blockrazor,"HIVELOCITY, Inc. (United Kingdom)",0,7,0.0,2.7755575615628914e-17,0.3543304350666875,indicative
blockrazor,Flexential Colorado Corp. (United States),0,11,0.0,0.0,0.2588329669680318,indicative
blockrazor,Retsina Technologies LTD. (Canada),0,9,0.0,2.7755575615628914e-17,0.29914504841954415,indicative
blockrazor,M247 Europe SRL (Romania),0,3,0.0,0.0,0.5614970317550455,suppressed
blockrazor,Latitude.sh (Argentina),0,7,0.0,2.7755575615628914e-17,0.3543304350666875,indicative
blockrazor,Cloudize Pty Ltd (Australia),0,4,0.0,0.0,0.4898908364545974,suppressed
blockrazor,Blacknight Internet Solutions Limited (Ireland),0,2,0.0,0.0,0.657619772493347,suppressed
blockrazor,"Columbus Networks USA, Inc. (United Kingdom)",0,5,0.0,0.0,0.43448246478317487,indicative
blockrazor,"Alibaba (US) Technology Co., Ltd. (Japan)",0,2,0.0,0.0,0.657619772493347,suppressed
blockrazor,SK Broadband Co Ltd (South Korea),0,5,0.0,0.0,0.43448246478317487,indicative
blockrazor,velia.net Internetdienste GmbH (Singapore),0,5,0.0,0.0,0.43448246478317487,indicative
blockrazor,G.Network Communications Limited (United Kingdom),0,2,0.0,0.0,0.657619772493347,suppressed
blockrazor,01NODE FUNDING SRL (Romania),0,4,0.0,0.0,0.4898908364545974,suppressed
blockrazor,Latitude.sh (Mexico),0,3,0.0,0.0,0.5614970317550455,suppressed
blockrazor,Baytems Holdings Oy (Finland),0,1,0.0,0.0,0.7934506856227627,suppressed
blockrazor,Cube3 Technologies Ltd (United Kingdom),0,2,0.0,0.0,0.657619772493347,suppressed
blockrazor,MEVSPACE sp. z o.o. (Poland),0,3,0.0,0.0,0.5614970317550455,suppressed
blockrazor,"Cogent Communications, LLC (Germany)",0,3,0.0,0.0,0.5614970317550455,suppressed
blockrazor,Adman LLC (Russia),0,2,0.0,0.0,0.657619772493347,suppressed
bloxroute-fra,"The Constant Company, LLC (Singapore)",1,94,0.010638297872340425,0.0018803957480879388,0.057822912962785654,inferential
bloxroute-fra,"Payward, Inc. (United States)",0,543,0.0,4.336808689942018e-19,0.007024812692473117,inferential
bloxroute-fra,UAB Cherry Servers (Lithuania),3,1056,0.002840909090909091,0.0009666256068747189,0.008319158355233072,inferential
bloxroute-fra,Latitude.sh (Germany),3,665,0.004511278195488722,0.0015354027125001482,0.013178785068333077,inferential
bloxroute-fra,"Servers.com, Inc. (United States)",0,77,0.0,-3.469446951953614e-18,0.04751842528243411,inferential
bloxroute-fra,Galaxy Digital LP (United States),10,610,0.01639344262295082,0.008928518902592771,0.029911247421594737,inferential
bloxroute-fra,HOSTKEY B.V. (Switzerland),1,108,0.009259259259259259,0.0016363608538834916,0.050593455193663234,inferential
bloxroute-fra,"The Constant Company, LLC (Canada)",2,44,0.045454545454545456,0.012555109949594953,0.1513499843762966,inferential
bloxroute-fra,RETN Limited (Germany),10,351,0.02849002849002849,0.01554743511914751,0.05164161009538454,inferential
bloxroute-fra,TeraSwitch Networks Inc. (Germany),14,2399,0.005835764902042517,0.003479457842935458,0.009772127568081128,inferential
bloxroute-fra,TeraSwitch Networks Inc. (Netherlands),9,2276,0.003954305799648506,0.002081782845045037,0.007498470525727585,inferential
bloxroute-fra,Globecomm Network Services Corporation (United Kingdom),17,876,0.019406392694063926,0.012151175367956206,0.030858230976017816,inferential
bloxroute-fra,OVH SAS (Canada),2,828,0.0024154589371980675,0.0006626560764606462,0.008763970521125633,inferential
bloxroute-fra,"HIVELOCITY, Inc. (Singapore)",1,152,0.006578947368421052,0.0011622913203507626,0.03632105146210555,inferential
bloxroute-fra,TeraSwitch Networks Inc. (Singapore),6,360,0.016666666666666666,0.007660296215625657,0.03587915877677807,inferential
bloxroute-fra,UAB Cherry Servers (United States),0,286,0.0,0.0,0.013253655416737967,inferential
bloxroute-fra,UAB Cherry Servers (Netherlands),6,420,0.014285714285714285,0.006563282301211006,0.030812624399307986,inferential
bloxroute-fra,Latitude.sh LTDA (Netherlands),1,286,0.0034965034965034965,0.0006174855994545356,0.01953649390527827,inferential
bloxroute-fra,TeraSwitch Networks Inc. (United States),1,350,0.002857142857142857,0.0005045340416373594,0.016004155584962425,inferential
bloxroute-fra,velia.net Internetdienste GmbH (France),1,19,0.05263157894736842,0.00935199406230039,0.24638731166898795,indicative
bloxroute-fra,Latitude.sh (United Kingdom),2,311,0.006430868167202572,0.0017653511908200994,0.023140704225343915,inferential
bloxroute-fra,OVH SAS (France),3,76,0.039473684210526314,0.013514635094539595,0.10974787746545532,inferential
bloxroute-fra,TeraSwitch Networks Inc. (Japan),27,859,0.03143189755529686,0.02169044190880445,0.04534557986482485,inferential
bloxroute-fra,"Amazon.com, Inc. (United States)",10,1121,0.008920606601248885,0.0048526357658696005,0.01634275904620461,inferential
bloxroute-fra,velia.net Internetdienste GmbH (Germany),4,187,0.0213903743315508,0.008348990107597438,0.05369968052125065,inferential
bloxroute-fra,"Alibaba (US) Technology Co., Ltd. (Singapore)",0,164,0.0,0.0,0.022887425119427592,inferential
bloxroute-fra,Amarutu Technology Ltd (Hong Kong S.A.R.),0,91,0.0,0.0,0.04050400392888022,inferential
bloxroute-fra,Delta HighTech Ltd. (Bulgaria),0,16,0.0,0.0,0.19360768053443655,indicative
bloxroute-fra,"HIVELOCITY, Inc. (United States)",0,60,0.0,0.0,0.060171852142089886,inferential
bloxroute-fra,Allnodes Inc (Germany),8,936,0.008547008547008548,0.004337143230344867,0.0167743523676372,inferential
bloxroute-fra,Allnodes Inc (Japan),5,120,0.041666666666666664,0.0179267168801095,0.09384085233703537,inferential
bloxroute-fra,"The Constant Company, LLC (United States)",2,263,0.0076045627376425855,0.0020879286334588992,0.027298280148899942,inferential
bloxroute-fra,OVH SAS (United Kingdom),0,44,0.0,0.0,0.0802956037584807,inferential
bloxroute-fra,"Servers.com, Inc. (Netherlands)",0,768,0.0,0.0,0.004977005027125051,inferential
bloxroute-fra,Butterfly Research (Germany),0,94,0.0,0.0,0.039262076291544754,inferential
bloxroute-fra,TeraSwitch Networks Inc. (United Kingdom),1,377,0.002652519893899204,0.00046838844965722826,0.014869907015292068,inferential
bloxroute-fra,"Amazon.com, Inc. (Germany)",9,412,0.021844660194174758,0.011534265935781277,0.040989258011627505,inferential
bloxroute-fra,"The Constant Company, LLC (Japan)",2,108,0.018518518518518517,0.005093224344768717,0.06501904800376769,inferential
bloxroute-fra,Latitude.sh (Brazil),2,148,0.013513513513513514,0.0037137496244803864,0.04792866004147201,inferential
bloxroute-fra,Datacamp Limited (Netherlands),0,311,0.0,8.673617379884035e-19,0.012201248320609145,inferential
bloxroute-fra,TeraSwitch Networks Inc. (Ireland),2,369,0.005420054200542005,0.0014876349319274968,0.01954398222110274,inferential
bloxroute-fra,"HIVELOCITY, Inc. (Netherlands)",0,112,0.0,3.469446951953614e-18,0.03316134706694389,inferential
bloxroute-fra,"The Constant Company, LLC (France)",1,136,0.007352941176470588,0.001299156036095813,0.040472853995522154,inferential
bloxroute-fra,"Limestone Networks, Inc. (Netherlands)",0,24,0.0,0.0,0.13797620467498026,inferential
bloxroute-fra,Latitude.sh (Japan),3,56,0.05357142857142857,0.018385781382109112,0.1460730906882154,inferential
bloxroute-fra,UAB Cherry Servers (Sweden),0,304,0.0,8.673617379884035e-19,0.012478692231417829,inferential
bloxroute-fra,Latitude.sh LTDA (United States),1,192,0.005208333333333333,0.000919991138484854,0.02890749715674058,inferential
bloxroute-fra,Danny Nieuwenhuis trading as DedicatedNodes (United Kingdom),0,127,0.0,0.0,0.029359645293763375,inferential
bloxroute-fra,Hurricane Electric LLC (United States),1,112,0.008928571428571428,0.0015778547032921364,0.0488484683088849,inferential
bloxroute-fra,"The Constant Company, LLC (Netherlands)",0,36,0.0,6.938893903907228e-18,0.0964186285944637,inferential
bloxroute-fra,Latitude.sh (United States),1,92,0.010869565217391304,0.001921329040091721,0.0590278561306252,inferential
bloxroute-fra,"The Constant Company, LLC (Brazil)",8,32,0.25,0.1325240091850904,0.4210655899424449,inferential
bloxroute-fra,Allnodes Inc (United States),0,186,0.0,0.0,0.020235089029327347,inferential
bloxroute-fra,Latitude.sh (Singapore),0,208,0.0,0.0,0.018133649768460085,inferential
bloxroute-fra,"Servers.com, Inc. (Singapore)",0,20,0.0,0.0,0.1611251580528194,inferential
bloxroute-fra,"WebNX, Inc. (United States)",0,128,0.0,0.0,0.02913695627350843,inferential
bloxroute-fra,TY15 Infra (Japan),1,63,0.015873015873015872,0.002807494213869284,0.08458525459438399,inferential
bloxroute-fra,Latitude.sh LTDA (Brazil),2,16,0.125,0.03497748774324044,0.36022827265758695,indicative
bloxroute-fra,OVH SAS (Singapore),0,12,0.0,0.0,0.24249400665524096,indicative
bloxroute-fra,23M GmbH (Germany),0,40,0.0,0.0,0.08762160119728668,inferential
bloxroute-fra,Netorn LLC (Russia),0,12,0.0,0.0,0.24249400665524096,indicative
bloxroute-fra,"Servers.com, Inc. (Hong Kong S.A.R.)",0,48,0.0,0.0,0.07410012966611754,inferential
bloxroute-fra,"Amazon.com, Inc. (Japan)",3,116,0.02586206896551724,0.00883388787208833,0.07328676484308631,inferential
bloxroute-fra,"Limestone Networks, Inc. (Singapore)",0,20,0.0,0.0,0.1611251580528194,inferential
bloxroute-fra,Datacamp Limited (United States),1,120,0.008333333333333333,0.0014725557333420923,0.04569629124504969,inferential
bloxroute-fra,Butterfly Research (United States),0,36,0.0,6.938893903907228e-18,0.0964186285944637,inferential
bloxroute-fra,RockawayX Infra s.r.o. (Czechia),1,56,0.017857142857142856,0.0031592103419746734,0.09445637149397579,inferential
bloxroute-fra,Inter.link GmbH (Germany),1,12,0.08333333333333333,0.014865094404917095,0.35387991114111705,indicative
bloxroute-fra,VNET a.s. (Slovakia),2,36,0.05555555555555555,0.015369986664161839,0.18144657208647258,inferential
bloxroute-fra,RockawayX Infra s.r.o. (United Arab Emirates),0,40,0.0,0.0,0.08762160119728668,inferential
bloxroute-fra,AlbHost SH.P.K. (Albania),0,16,0.0,0.0,0.19360768053443655,indicative
bloxroute-fra,Fusix Networks B.V. (Netherlands),0,16,0.0,0.0,0.19360768053443655,indicative
bloxroute-fra,Vorboss Limited (United Kingdom),0,16,0.0,0.0,0.19360768053443655,indicative
bloxroute-fra,OVH SAS (Germany),2,172,0.011627906976744186,0.0031946050893252517,0.041399308503544084,inferential
bloxroute-fra,Globenet Cabos Submarinos America Inc (Hong Kong S.A.R.),4,36,0.1111111111111111,0.04406640300315648,0.2531480859036487,inferential
bloxroute-fra,Evolus IT Solutions GmbH (United States),0,32,0.0,0.0,0.10717919825507066,inferential
bloxroute-fra,Amarutu Technology Ltd (United States),0,32,0.0,0.0,0.10717919825507066,inferential
bloxroute-fra,"DataBank Holdings, Ltd. (United States)",0,16,0.0,0.0,0.19360768053443655,indicative
bloxroute-fra,"Limestone Networks, Inc. (United States)",0,16,0.0,0.0,0.19360768053443655,indicative
bloxroute-fra,Amarutu Technology Ltd (Japan),4,63,0.06349206349206349,0.024965618013394072,0.1521917784530638,inferential
bloxroute-fra,UAB Cherry Servers (Germany),0,44,0.0,0.0,0.0802956037584807,inferential
bloxroute-fra,uvensys GmbH (Germany),0,12,0.0,0.0,0.24249400665524096,indicative
bloxroute-fra,"The Constant Company, LLC (United Kingdom)",0,8,0.0,0.0,0.32440756488388034,indicative
bloxroute-fra,"The Constant Company, LLC (Mexico)",4,24,0.16666666666666666,0.06678676328632946,0.3585307064969907,inferential
bloxroute-fra,synlinq.de (Germany),0,52,0.0,0.0,0.06879223612386236,inferential
bloxroute-fra,GSL Networks Pty LTD (Germany),0,35,0.0,0.0,0.09890099232440408,inferential
bloxroute-fra,Danny Nieuwenhuis trading as DedicatedNodes (Netherlands),0,28,0.0,1.3877787807814457e-17,0.12064330476584569,inferential
bloxroute-fra,ELSOUL LABO B.V. (Netherlands),0,16,0.0,0.0,0.19360768053443655,indicative
bloxroute-fra,ServeTheWorld AS (Norway),0,8,0.0,0.0,0.32440756488388034,indicative
bloxroute-fra,Sovereign-Sol LLC (United States),0,16,0.0,0.0,0.19360768053443655,indicative
bloxroute-fra,"Lucky Friday Labs, LLC (United States)",0,24,0.0,0.0,0.13797620467498026,inferential
bloxroute-fra,UAB Cherry Servers (Singapore),0,40,0.0,0.0,0.08762160119728668,inferential
bloxroute-fra,Amarutu Technology Ltd (Netherlands),1,52,0.019230769230769232,0.0034028080709451528,0.10120511127892251,inferential
bloxroute-fra,Pulsant (Scotland) Ltd (United Kingdom),0,12,0.0,0.0,0.24249400665524096,indicative
bloxroute-fra,"The Constant Company, LLC (Chile)",0,12,0.0,0.0,0.24249400665524096,indicative
bloxroute-fra,ReliableSite.Net LLC (United States),0,20,0.0,0.0,0.1611251580528194,inferential
bloxroute-fra,A2B IP B.V. (Netherlands),0,12,0.0,0.0,0.24249400665524096,indicative
bloxroute-fra,"The Constant Company, LLC (Poland)",0,36,0.0,6.938893903907228e-18,0.0964186285944637,inferential
bloxroute-fra,ARTERIA Networks Corporation (Japan),1,4,0.25,0.0455872608097006,0.6993581574175982,suppressed
bloxroute-fra,"FiberState, LLC (United States)",0,28,0.0,1.3877787807814457e-17,0.12064330476584569,inferential
bloxroute-fra,Comvive Servidores S.L. (Spain),0,8,0.0,0.0,0.32440756488388034,indicative
bloxroute-fra,Euroweb Romania S.R.L. (Romania),0,8,0.0,0.0,0.32440756488388034,indicative
bloxroute-fra,Scalaxy B.V. (Netherlands),1,32,0.03125,0.005537860164003122,0.1574426382001256,inferential
bloxroute-fra,"The Constant Company, LLC (Germany)",0,24,0.0,0.0,0.13797620467498026,inferential
bloxroute-fra,Coloblox Data Centers Inc (United States),0,8,0.0,0.0,0.32440756488388034,indicative
bloxroute-fra,Datacamp Limited (Germany),0,4,0.0,0.0,0.4898908364545974,suppressed
bloxroute-fra,"Momentum Telecom, Inc. (United States)",0,28,0.0,1.3877787807814457e-17,0.12064330476584569,inferential
bloxroute-fra,"HIVELOCITY, Inc. (Hong Kong S.A.R.)",0,12,0.0,0.0,0.24249400665524096,indicative
bloxroute-fra,FDCservers.net (Ireland),0,12,0.0,0.0,0.24249400665524096,indicative
bloxroute-fra,"The Constant Company, LLC (South Africa)",2,4,0.5,0.15003898915214947,0.8499610108478506,suppressed
bloxroute-fra,Versija SIA (Latvia),0,4,0.0,0.0,0.4898908364545974,suppressed
bloxroute-fra,"Alibaba (US) Technology Co., Ltd. (Germany)",0,12,0.0,0.0,0.24249400665524096,indicative
bloxroute-fra,"HIVELOCITY, Inc. (United Kingdom)",0,11,0.0,0.0,0.2588329669680318,indicative
bloxroute-fra,Flexential Colorado Corp. (United States),0,16,0.0,0.0,0.19360768053443655,indicative
bloxroute-fra,Retsina Technologies LTD. (Canada),1,16,0.0625,0.011119344764642547,0.28328737570298945,indicative
bloxroute-fra,M247 Europe SRL (Romania),0,4,0.0,0.0,0.4898908364545974,suppressed
bloxroute-fra,Latitude.sh (Argentina),0,12,0.0,0.0,0.24249400665524096,indicative
bloxroute-fra,Cloudize Pty Ltd (Australia),0,4,0.0,0.0,0.4898908364545974,suppressed
bloxroute-fra,Blacknight Internet Solutions Limited (Ireland),0,4,0.0,0.0,0.4898908364545974,suppressed
bloxroute-fra,"Columbus Networks USA, Inc. (United Kingdom)",0,8,0.0,0.0,0.32440756488388034,indicative
bloxroute-fra,"Alibaba (US) Technology Co., Ltd. (Japan)",0,4,0.0,0.0,0.4898908364545974,suppressed
bloxroute-fra,SK Broadband Co Ltd (South Korea),0,8,0.0,0.0,0.32440756488388034,indicative
bloxroute-fra,velia.net Internetdienste GmbH (Singapore),0,8,0.0,0.0,0.32440756488388034,indicative
bloxroute-fra,G.Network Communications Limited (United Kingdom),0,4,0.0,0.0,0.4898908364545974,suppressed
bloxroute-fra,01NODE FUNDING SRL (Romania),0,4,0.0,0.0,0.4898908364545974,suppressed
bloxroute-fra,Latitude.sh (Mexico),0,4,0.0,0.0,0.4898908364545974,suppressed
bloxroute-fra,Baytems Holdings Oy (Finland),0,4,0.0,0.0,0.4898908364545974,suppressed
bloxroute-fra,Cube3 Technologies Ltd (United Kingdom),0,4,0.0,0.0,0.4898908364545974,suppressed
bloxroute-fra,MEVSPACE sp. z o.o. (Poland),0,4,0.0,0.0,0.4898908364545974,suppressed
bloxroute-fra,"Cogent Communications, LLC (Germany)",0,4,0.0,0.0,0.4898908364545974,suppressed
bloxroute-fra,Adman LLC (Russia),1,4,0.25,0.0455872608097006,0.6993581574175982,suppressed
bloxroute-quic-fra,"The Constant Company, LLC (Singapore)",1,94,0.010638297872340425,0.0018803957480879388,0.057822912962785654,inferential
bloxroute-quic-fra,"Payward, Inc. (United States)",1,543,0.001841620626151013,0.00032516526640304685,0.010357014598473487,inferential
bloxroute-quic-fra,UAB Cherry Servers (Lithuania),5,1056,0.004734848484848485,0.002024089084276692,0.011035844272261165,inferential
bloxroute-quic-fra,Latitude.sh (Germany),0,665,0.0,0.0,0.005743452009490282,inferential
bloxroute-quic-fra,"Servers.com, Inc. (United States)",1,77,0.012987012987012988,0.002296217297124044,0.06996198914680526,inferential
bloxroute-quic-fra,Galaxy Digital LP (United States),3,610,0.004918032786885246,0.0016739549830739877,0.014358619355585762,inferential
bloxroute-quic-fra,HOSTKEY B.V. (Switzerland),0,108,0.0,0.0,0.034347359746557046,inferential
bloxroute-quic-fra,"The Constant Company, LLC (Canada)",0,44,0.0,0.0,0.0802956037584807,inferential
bloxroute-quic-fra,RETN Limited (Germany),3,351,0.008547008547008548,0.002910927658750031,0.024823877776336236,inferential
bloxroute-quic-fra,TeraSwitch Networks Inc. (Germany),15,2399,0.006252605252188412,0.0037928554305988117,0.010291077862820967,inferential
bloxroute-quic-fra,TeraSwitch Networks Inc. (Netherlands),14,2279,0.00614304519526108,0.0036628380619021005,0.010285331092666907,inferential
bloxroute-quic-fra,Globecomm Network Services Corporation (United Kingdom),14,876,0.01598173515981735,0.009543491725536332,0.026646504212337746,inferential
bloxroute-quic-fra,OVH SAS (Canada),5,836,0.005980861244019139,0.002557292113626288,0.013923745676685126,inferential
bloxroute-quic-fra,"HIVELOCITY, Inc. (Singapore)",0,152,0.0,1.734723475976807e-18,0.024649787352889058,inferential
bloxroute-quic-fra,TeraSwitch Networks Inc. (Singapore),3,360,0.008333333333333333,0.0028380524355806954,0.02421070350496793,inferential
bloxroute-quic-fra,UAB Cherry Servers (United States),1,286,0.0034965034965034965,0.0006174855994545356,0.01953649390527827,inferential
bloxroute-quic-fra,UAB Cherry Servers (Netherlands),3,420,0.007142857142857143,0.002432129365294293,0.020787540669055863,inferential
bloxroute-quic-fra,Latitude.sh LTDA (Netherlands),0,286,0.0,0.0,0.013253655416737967,inferential
bloxroute-quic-fra,TeraSwitch Networks Inc. (United States),3,350,0.008571428571428572,0.00291925658987322,0.024893930857110474,inferential
bloxroute-quic-fra,velia.net Internetdienste GmbH (France),1,19,0.05263157894736842,0.00935199406230039,0.24638731166898795,indicative
bloxroute-quic-fra,Latitude.sh (United Kingdom),6,315,0.01904761904761905,0.008758212091990989,0.040926226309737815,inferential
bloxroute-quic-fra,OVH SAS (France),1,76,0.013157894736842105,0.00232648004557906,0.07083674751784415,inferential
bloxroute-quic-fra,TeraSwitch Networks Inc. (Japan),31,859,0.03608847497089639,0.02553890215212952,0.050768811330581726,inferential
bloxroute-quic-fra,"Amazon.com, Inc. (United States)",7,1125,0.006222222222222222,0.0030172643298254495,0.012787841587646061,inferential
bloxroute-quic-fra,velia.net Internetdienste GmbH (Germany),0,187,0.0,1.734723475976807e-18,0.02012905814298656,inferential
bloxroute-quic-fra,"Alibaba (US) Technology Co., Ltd. (Singapore)",1,164,0.006097560975609756,0.0010771813904626622,0.03372625073970362,inferential
bloxroute-quic-fra,Amarutu Technology Ltd (Hong Kong S.A.R.),0,91,0.0,0.0,0.04050400392888022,inferential
bloxroute-quic-fra,Delta HighTech Ltd. (Bulgaria),0,16,0.0,0.0,0.19360768053443655,indicative
bloxroute-quic-fra,"HIVELOCITY, Inc. (United States)",0,60,0.0,0.0,0.060171852142089886,inferential
bloxroute-quic-fra,Allnodes Inc (Germany),4,936,0.004273504273504274,0.00166309953340045,0.010936322113259721,inferential
bloxroute-quic-fra,Allnodes Inc (Japan),8,120,0.06666666666666667,0.03416530686090634,0.1260513040353034,inferential
bloxroute-quic-fra,"The Constant Company, LLC (United States)",2,267,0.00749063670411985,0.002056612069396212,0.026895598034764497,inferential
bloxroute-quic-fra,OVH SAS (United Kingdom),1,44,0.022727272727272728,0.004023252060053238,0.1180770969821329,inferential
bloxroute-quic-fra,"Servers.com, Inc. (Netherlands)",1,768,0.0013020833333333333,0.00022988667049250646,0.00733832407270774,inferential
bloxroute-quic-fra,Butterfly Research (Germany),0,94,0.0,0.0,0.039262076291544754,inferential
bloxroute-quic-fra,TeraSwitch Networks Inc. (United Kingdom),0,377,0.0,0.0,0.010086766374095694,inferential
bloxroute-quic-fra,"Amazon.com, Inc. (Germany)",3,412,0.007281553398058253,0.002479412996924401,0.02118695939558312,inferential
bloxroute-quic-fra,"The Constant Company, LLC (Japan)",2,108,0.018518518518518517,0.005093224344768717,0.06501904800376769,inferential
bloxroute-quic-fra,Latitude.sh (Brazil),2,148,0.013513513513513514,0.0037137496244803864,0.04792866004147201,inferential
bloxroute-quic-fra,Datacamp Limited (Netherlands),0,311,0.0,8.673617379884035e-19,0.012201248320609145,inferential
bloxroute-quic-fra,TeraSwitch Networks Inc. (Ireland),0,369,0.0,-8.673617379884035e-19,0.010303196519090844,inferential
bloxroute-quic-fra,"HIVELOCITY, Inc. (Netherlands)",0,112,0.0,3.469446951953614e-18,0.03316134706694389,inferential
bloxroute-quic-fra,"The Constant Company, LLC (France)",2,136,0.014705882352941176,0.004042191463735811,0.05203172886591771,inferential
bloxroute-quic-fra,"Limestone Networks, Inc. (Netherlands)",1,24,0.041666666666666664,0.007393456165505796,0.20241806478655947,inferential
bloxroute-quic-fra,Latitude.sh (Japan),2,56,0.03571428571428571,0.00984942514823637,0.1211878018049011,inferential
bloxroute-quic-fra,UAB Cherry Servers (Sweden),1,304,0.003289473684210526,0.000580909073598302,0.01839463386682336,inferential
bloxroute-quic-fra,Latitude.sh LTDA (United States),2,192,0.010416666666666666,0.00286128937829698,0.037178541145399764,inferential
bloxroute-quic-fra,Danny Nieuwenhuis trading as DedicatedNodes (United Kingdom),0,127,0.0,0.0,0.029359645293763375,inferential
bloxroute-quic-fra,Hurricane Electric LLC (United States),0,112,0.0,3.469446951953614e-18,0.03316134706694389,inferential
bloxroute-quic-fra,"The Constant Company, LLC (Netherlands)",0,36,0.0,6.938893903907228e-18,0.0964186285944637,inferential
bloxroute-quic-fra,Latitude.sh (United States),2,92,0.021739130434782608,0.0059820412288536864,0.07583493982695841,inferential
bloxroute-quic-fra,"The Constant Company, LLC (Brazil)",5,32,0.15625,0.0686442028250571,0.317541495975304,inferential
bloxroute-quic-fra,Allnodes Inc (United States),0,186,0.0,0.0,0.020235089029327347,inferential
bloxroute-quic-fra,Latitude.sh (Singapore),1,208,0.004807692307692308,0.0008491804735380158,0.02672549189330226,inferential
bloxroute-quic-fra,"Servers.com, Inc. (Singapore)",2,20,0.1,0.027866481213768196,0.3010336452284873,inferential
bloxroute-quic-fra,"WebNX, Inc. (United States)",0,128,0.0,0.0,0.02913695627350843,inferential
bloxroute-quic-fra,TY15 Infra (Japan),0,63,0.0,0.0,0.05747119958885175,inferential
bloxroute-quic-fra,Latitude.sh LTDA (Brazil),1,16,0.0625,0.011119344764642547,0.28328737570298945,indicative
bloxroute-quic-fra,OVH SAS (Singapore),0,12,0.0,0.0,0.24249400665524096,indicative
bloxroute-quic-fra,23M GmbH (Germany),0,40,0.0,0.0,0.08762160119728668,inferential
bloxroute-quic-fra,Netorn LLC (Russia),0,12,0.0,0.0,0.24249400665524096,indicative
bloxroute-quic-fra,"Servers.com, Inc. (Hong Kong S.A.R.)",0,48,0.0,0.0,0.07410012966611754,inferential
bloxroute-quic-fra,"Amazon.com, Inc. (Japan)",5,116,0.04310344827586207,0.018549566366104886,0.09694851715942707,inferential
bloxroute-quic-fra,"Limestone Networks, Inc. (Singapore)",0,20,0.0,0.0,0.1611251580528194,inferential
bloxroute-quic-fra,Datacamp Limited (United States),1,120,0.008333333333333333,0.0014725557333420923,0.04569629124504969,inferential
bloxroute-quic-fra,Butterfly Research (United States),0,36,0.0,6.938893903907228e-18,0.0964186285944637,inferential
bloxroute-quic-fra,RockawayX Infra s.r.o. (Czechia),0,56,0.0,6.938893903907228e-18,0.06419393671876344,inferential
bloxroute-quic-fra,Inter.link GmbH (Germany),2,12,0.16666666666666666,0.04696514218385381,0.4480308622529735,indicative
bloxroute-quic-fra,VNET a.s. (Slovakia),0,36,0.0,6.938893903907228e-18,0.0964186285944637,inferential
bloxroute-quic-fra,RockawayX Infra s.r.o. (United Arab Emirates),1,42,0.023809523809523808,0.004215404134432506,0.12321201573766649,inferential
bloxroute-quic-fra,AlbHost SH.P.K. (Albania),0,16,0.0,0.0,0.19360768053443655,indicative
bloxroute-quic-fra,Fusix Networks B.V. (Netherlands),0,16,0.0,0.0,0.19360768053443655,indicative
bloxroute-quic-fra,Vorboss Limited (United Kingdom),0,16,0.0,0.0,0.19360768053443655,indicative
bloxroute-quic-fra,OVH SAS (Germany),1,172,0.005813953488372093,0.0010270438601417513,0.03219298775169033,inferential
bloxroute-quic-fra,Globenet Cabos Submarinos America Inc (Hong Kong S.A.R.),3,36,0.08333333333333333,0.028748611335993407,0.2182669124927264,inferential
bloxroute-quic-fra,Evolus IT Solutions GmbH (United States),0,32,0.0,0.0,0.10717919825507066,inferential
bloxroute-quic-fra,Amarutu Technology Ltd (United States),0,32,0.0,0.0,0.10717919825507066,inferential
bloxroute-quic-fra,"DataBank Holdings, Ltd. (United States)",0,16,0.0,0.0,0.19360768053443655,indicative
bloxroute-quic-fra,"Limestone Networks, Inc. (United States)",0,16,0.0,0.0,0.19360768053443655,indicative
bloxroute-quic-fra,Amarutu Technology Ltd (Japan),5,63,0.07936507936507936,0.03437584717681855,0.17270309850904086,inferential
bloxroute-quic-fra,UAB Cherry Servers (Germany),0,44,0.0,0.0,0.0802956037584807,inferential
bloxroute-quic-fra,uvensys GmbH (Germany),0,12,0.0,0.0,0.24249400665524096,indicative
bloxroute-quic-fra,"The Constant Company, LLC (United Kingdom)",1,8,0.125,0.022417491450056642,0.47088818221285356,indicative
bloxroute-quic-fra,"The Constant Company, LLC (Mexico)",2,24,0.08333333333333333,0.023158815297043348,0.2584880219321069,inferential
bloxroute-quic-fra,synlinq.de (Germany),0,52,0.0,0.0,0.06879223612386236,inferential
bloxroute-quic-fra,GSL Networks Pty LTD (Germany),0,35,0.0,0.0,0.09890099232440408,inferential
bloxroute-quic-fra,Danny Nieuwenhuis trading as DedicatedNodes (Netherlands),0,28,0.0,1.3877787807814457e-17,0.12064330476584569,inferential
bloxroute-quic-fra,ELSOUL LABO B.V. (Netherlands),0,16,0.0,0.0,0.19360768053443655,indicative
bloxroute-quic-fra,ServeTheWorld AS (Norway),0,8,0.0,0.0,0.32440756488388034,indicative
bloxroute-quic-fra,Sovereign-Sol LLC (United States),0,16,0.0,0.0,0.19360768053443655,indicative
bloxroute-quic-fra,"Lucky Friday Labs, LLC (United States)",0,24,0.0,0.0,0.13797620467498026,inferential
bloxroute-quic-fra,UAB Cherry Servers (Singapore),0,40,0.0,0.0,0.08762160119728668,inferential
bloxroute-quic-fra,Amarutu Technology Ltd (Netherlands),0,52,0.0,0.0,0.06879223612386236,inferential
bloxroute-quic-fra,Pulsant (Scotland) Ltd (United Kingdom),1,12,0.08333333333333333,0.014865094404917095,0.35387991114111705,indicative
bloxroute-quic-fra,"The Constant Company, LLC (Chile)",0,12,0.0,0.0,0.24249400665524096,indicative
bloxroute-quic-fra,ReliableSite.Net LLC (United States),0,20,0.0,0.0,0.1611251580528194,inferential
bloxroute-quic-fra,A2B IP B.V. (Netherlands),0,12,0.0,0.0,0.24249400665524096,indicative
bloxroute-quic-fra,"The Constant Company, LLC (Poland)",0,36,0.0,6.938893903907228e-18,0.0964186285944637,inferential
bloxroute-quic-fra,ARTERIA Networks Corporation (Japan),0,4,0.0,0.0,0.4898908364545974,suppressed
bloxroute-quic-fra,"FiberState, LLC (United States)",0,28,0.0,1.3877787807814457e-17,0.12064330476584569,inferential
bloxroute-quic-fra,Comvive Servidores S.L. (Spain),0,8,0.0,0.0,0.32440756488388034,indicative
bloxroute-quic-fra,Euroweb Romania S.R.L. (Romania),0,8,0.0,0.0,0.32440756488388034,indicative
bloxroute-quic-fra,Scalaxy B.V. (Netherlands),1,32,0.03125,0.005537860164003122,0.1574426382001256,inferential
bloxroute-quic-fra,"The Constant Company, LLC (Germany)",0,24,0.0,0.0,0.13797620467498026,inferential
bloxroute-quic-fra,Coloblox Data Centers Inc (United States),0,8,0.0,0.0,0.32440756488388034,indicative
bloxroute-quic-fra,Datacamp Limited (Germany),0,4,0.0,0.0,0.4898908364545974,suppressed
bloxroute-quic-fra,"Momentum Telecom, Inc. (United States)",0,28,0.0,1.3877787807814457e-17,0.12064330476584569,inferential
bloxroute-quic-fra,"HIVELOCITY, Inc. (Hong Kong S.A.R.)",0,12,0.0,0.0,0.24249400665524096,indicative
bloxroute-quic-fra,FDCservers.net (Ireland),0,12,0.0,0.0,0.24249400665524096,indicative
bloxroute-quic-fra,"The Constant Company, LLC (South Africa)",0,4,0.0,0.0,0.4898908364545974,suppressed
bloxroute-quic-fra,Versija SIA (Latvia),0,4,0.0,0.0,0.4898908364545974,suppressed
bloxroute-quic-fra,"Alibaba (US) Technology Co., Ltd. (Germany)",1,12,0.08333333333333333,0.014865094404917095,0.35387991114111705,indicative
bloxroute-quic-fra,"HIVELOCITY, Inc. (United Kingdom)",0,11,0.0,0.0,0.2588329669680318,indicative
bloxroute-quic-fra,Flexential Colorado Corp. (United States),0,16,0.0,0.0,0.19360768053443655,indicative
bloxroute-quic-fra,Retsina Technologies LTD. (Canada),0,16,0.0,0.0,0.19360768053443655,indicative
bloxroute-quic-fra,M247 Europe SRL (Romania),0,4,0.0,0.0,0.4898908364545974,suppressed
bloxroute-quic-fra,Latitude.sh (Argentina),0,12,0.0,0.0,0.24249400665524096,indicative
bloxroute-quic-fra,Cloudize Pty Ltd (Australia),0,4,0.0,0.0,0.4898908364545974,suppressed
bloxroute-quic-fra,Blacknight Internet Solutions Limited (Ireland),0,4,0.0,0.0,0.4898908364545974,suppressed
bloxroute-quic-fra,"Columbus Networks USA, Inc. (United Kingdom)",0,8,0.0,0.0,0.32440756488388034,indicative
bloxroute-quic-fra,"Alibaba (US) Technology Co., Ltd. (Japan)",0,4,0.0,0.0,0.4898908364545974,suppressed
bloxroute-quic-fra,SK Broadband Co Ltd (South Korea),0,8,0.0,0.0,0.32440756488388034,indicative
bloxroute-quic-fra,velia.net Internetdienste GmbH (Singapore),0,8,0.0,0.0,0.32440756488388034,indicative
bloxroute-quic-fra,G.Network Communications Limited (United Kingdom),0,4,0.0,0.0,0.4898908364545974,suppressed
bloxroute-quic-fra,01NODE FUNDING SRL (Romania),0,4,0.0,0.0,0.4898908364545974,suppressed
bloxroute-quic-fra,Latitude.sh (Mexico),0,4,0.0,0.0,0.4898908364545974,suppressed
bloxroute-quic-fra,Baytems Holdings Oy (Finland),0,4,0.0,0.0,0.4898908364545974,suppressed
bloxroute-quic-fra,Cube3 Technologies Ltd (United Kingdom),0,4,0.0,0.0,0.4898908364545974,suppressed
bloxroute-quic-fra,MEVSPACE sp. z o.o. (Poland),0,4,0.0,0.0,0.4898908364545974,suppressed
bloxroute-quic-fra,"Cogent Communications, LLC (Germany)",0,4,0.0,0.0,0.4898908364545974,suppressed
bloxroute-quic-fra,Adman LLC (Russia),1,4,0.25,0.0455872608097006,0.6993581574175982,suppressed
helius-dual,"The Constant Company, LLC (Singapore)",2,94,0.02127659574468085,0.005854336239172753,0.07429020489102967,inferential
helius-dual,"Payward, Inc. (United States)",2,543,0.003683241252302026,0.001010659405037308,0.013328887632242638,inferential
helius-dual,UAB Cherry Servers (Lithuania),14,1056,0.013257575757575758,0.007913476041794421,0.022130129589678735,inferential
helius-dual,Latitude.sh (Germany),1,665,0.0015037593984962407,0.00026549979644668095,0.008468197470157916,inferential
helius-dual,"Servers.com, Inc. (United States)",0,77,0.0,-3.469446951953614e-18,0.04751842528243411,inferential
helius-dual,Galaxy Digital LP (United States),1,608,0.001644736842105263,0.0002903954635158114,0.00925694516938828,inferential
helius-dual,HOSTKEY B.V. (Switzerland),2,108,0.018518518518518517,0.005093224344768717,0.06501904800376769,inferential
helius-dual,"The Constant Company, LLC (Canada)",1,44,0.022727272727272728,0.004023252060053238,0.1180770969821329,inferential
helius-dual,RETN Limited (Germany),2,351,0.005698005698005698,0.0015639919889537373,0.020534493477640275,inferential
helius-dual,TeraSwitch Networks Inc. (Germany),649,2399,0.2705293872446853,0.2531302612765826,0.28866222946046044,inferential
helius-dual,TeraSwitch Networks Inc. (Netherlands),17,2273,0.007479102507699076,0.0046748620065677725,0.01194529337319871,inferential
helius-dual,Globecomm Network Services Corporation (United Kingdom),459,876,0.523972602739726,0.49086760296364884,0.5568682698790507,inferential
helius-dual,OVH SAS (Canada),60,828,0.07246376811594203,0.05670997071208373,0.0921663055392404,inferential
helius-dual,"HIVELOCITY, Inc. (Singapore)",4,152,0.02631578947368421,0.010280235864764096,0.06570377320639396,inferential
helius-dual,TeraSwitch Networks Inc. (Singapore),7,360,0.019444444444444445,0.009450116475484053,0.03958623820087137,inferential
helius-dual,UAB Cherry Servers (United States),1,286,0.0034965034965034965,0.0006174855994545356,0.01953649390527827,inferential
helius-dual,UAB Cherry Servers (Netherlands),16,420,0.0380952380952381,0.023582839574973657,0.06098052267944147,inferential
helius-dual,Latitude.sh LTDA (Netherlands),0,286,0.0,0.0,0.013253655416737967,inferential
helius-dual,TeraSwitch Networks Inc. (United States),0,350,0.0,8.673617379884035e-19,0.010856440716407827,inferential
helius-dual,velia.net Internetdienste GmbH (France),0,19,0.0,1.3877787807814457e-17,0.16817922405261632,indicative
helius-dual,Latitude.sh (United Kingdom),0,311,0.0,8.673617379884035e-19,0.012201248320609145,inferential
helius-dual,OVH SAS (France),1,76,0.013157894736842105,0.00232648004557906,0.07083674751784415,inferential
helius-dual,TeraSwitch Networks Inc. (Japan),100,859,0.11641443538998836,0.09665433444081992,0.13959006102355487,inferential
helius-dual,"Amazon.com, Inc. (United States)",29,1121,0.025869759143621766,0.01807172737266486,0.03690620603808436,inferential
helius-dual,velia.net Internetdienste GmbH (Germany),1,187,0.0053475935828877,0.000944606117406448,0.029664355147045497,inferential
helius-dual,"Alibaba (US) Technology Co., Ltd. (Singapore)",1,164,0.006097560975609756,0.0010771813904626622,0.03372625073970362,inferential
helius-dual,Amarutu Technology Ltd (Hong Kong S.A.R.),1,91,0.01098901098901099,0.001942471331849216,0.059649356686506165,inferential
helius-dual,Delta HighTech Ltd. (Bulgaria),0,16,0.0,0.0,0.19360768053443655,indicative
helius-dual,"HIVELOCITY, Inc. (United States)",0,60,0.0,0.0,0.060171852142089886,inferential
helius-dual,Allnodes Inc (Germany),20,936,0.021367521367521368,0.0138741190058966,0.03277359844605115,inferential
helius-dual,Allnodes Inc (Japan),7,120,0.058333333333333334,0.028541010000220288,0.11552592033630114,inferential
helius-dual,"The Constant Company, LLC (United States)",3,263,0.011406844106463879,0.003886797587482364,0.03299449838574629,inferential
helius-dual,OVH SAS (United Kingdom),0,44,0.0,0.0,0.0802956037584807,inferential
helius-dual,"Servers.com, Inc. (Netherlands)",333,768,0.43359375,0.39896123173571385,0.4688872767444513,inferential
helius-dual,Butterfly Research (Germany),0,94,0.0,0.0,0.039262076291544754,inferential
helius-dual,TeraSwitch Networks Inc. (United Kingdom),3,377,0.007957559681697613,0.0027099052887215886,0.023131448357934917,inferential
helius-dual,"Amazon.com, Inc. (Germany)",17,412,0.0412621359223301,0.02591921920693177,0.06508050681367868,inferential
helius-dual,"The Constant Company, LLC (Japan)",9,108,0.08333333333333333,0.04446040457498104,0.15082906188048315,inferential
helius-dual,Latitude.sh (Brazil),3,148,0.02027027027027027,0.0069172942692422405,0.057896748595794134,inferential
helius-dual,Datacamp Limited (Netherlands),3,311,0.00964630225080386,0.0032859314122207686,0.02797252755172068,inferential
helius-dual,TeraSwitch Networks Inc. (Ireland),1,369,0.0027100271002710027,0.00047854661641220236,0.01518886021964834,inferential
helius-dual,"HIVELOCITY, Inc. (Netherlands)",2,112,0.017857142857142856,0.004910811536248817,0.06278048742116135,inferential
helius-dual,"The Constant Company, LLC (France)",4,136,0.029411764705882353,0.011495862973155337,0.07318187795256928,inferential
helius-dual,"Limestone Networks, Inc. (Netherlands)",0,24,0.0,0.0,0.13797620467498026,inferential
helius-dual,Latitude.sh (Japan),3,56,0.05357142857142857,0.018385781382109112,0.1460730906882154,inferential
helius-dual,UAB Cherry Servers (Sweden),3,304,0.009868421052631578,0.003361720027037671,0.028607524331391652,inferential
helius-dual,Latitude.sh LTDA (United States),1,192,0.005208333333333333,0.000919991138484854,0.02890749715674058,inferential
helius-dual,Danny Nieuwenhuis trading as DedicatedNodes (United Kingdom),2,127,0.015748031496062992,0.004329355995751592,0.05560163905253891,inferential
helius-dual,Hurricane Electric LLC (United States),1,112,0.008928571428571428,0.0015778547032921364,0.0488484683088849,inferential
helius-dual,"The Constant Company, LLC (Netherlands)",0,36,0.0,6.938893903907228e-18,0.0964186285944637,inferential
helius-dual,Latitude.sh (United States),1,92,0.010869565217391304,0.001921329040091721,0.0590278561306252,inferential
helius-dual,"The Constant Company, LLC (Brazil)",0,32,0.0,0.0,0.10717919825507066,inferential
helius-dual,Allnodes Inc (United States),0,186,0.0,0.0,0.020235089029327347,inferential
helius-dual,Latitude.sh (Singapore),2,208,0.009615384615384616,0.0026408580078044197,0.03437483695741605,inferential
helius-dual,"Servers.com, Inc. (Singapore)",0,20,0.0,0.0,0.1611251580528194,inferential
helius-dual,"WebNX, Inc. (United States)",6,128,0.046875,0.021657844171923762,0.09849752245094325,inferential
helius-dual,TY15 Infra (Japan),12,63,0.19047619047619047,0.11246191872292464,0.3040678714987455,inferential
helius-dual,Latitude.sh LTDA (Brazil),4,16,0.25,0.10182067491213043,0.4949831653550878,indicative
helius-dual,OVH SAS (Singapore),0,12,0.0,0.0,0.24249400665524096,indicative
helius-dual,23M GmbH (Germany),0,40,0.0,0.0,0.08762160119728668,inferential
helius-dual,Netorn LLC (Russia),0,12,0.0,0.0,0.24249400665524096,indicative
helius-dual,"Servers.com, Inc. (Hong Kong S.A.R.)",1,48,0.020833333333333332,0.003687110977510656,0.10899217995251864,inferential
helius-dual,"Amazon.com, Inc. (Japan)",11,116,0.09482758620689655,0.053777363581140936,0.16185301237546285,inferential
helius-dual,"Limestone Networks, Inc. (Singapore)",0,20,0.0,0.0,0.1611251580528194,inferential
helius-dual,Datacamp Limited (United States),1,120,0.008333333333333333,0.0014725557333420923,0.04569629124504969,inferential
helius-dual,Butterfly Research (United States),0,36,0.0,6.938893903907228e-18,0.0964186285944637,inferential
helius-dual,RockawayX Infra s.r.o. (Czechia),1,56,0.017857142857142856,0.0031592103419746734,0.09445637149397579,inferential
helius-dual,Inter.link GmbH (Germany),2,12,0.16666666666666666,0.04696514218385381,0.4480308622529735,indicative
helius-dual,VNET a.s. (Slovakia),0,36,0.0,6.938893903907228e-18,0.0964186285944637,inferential
helius-dual,RockawayX Infra s.r.o. (United Arab Emirates),0,38,0.0,6.938893903907228e-18,0.09180986822558401,inferential
helius-dual,AlbHost SH.P.K. (Albania),0,16,0.0,0.0,0.19360768053443655,indicative
helius-dual,Fusix Networks B.V. (Netherlands),0,16,0.0,0.0,0.19360768053443655,indicative
helius-dual,Vorboss Limited (United Kingdom),0,16,0.0,0.0,0.19360768053443655,indicative
helius-dual,OVH SAS (Germany),0,172,0.0,0.0,0.021846149630794804,inferential
helius-dual,Globenet Cabos Submarinos America Inc (Hong Kong S.A.R.),0,36,0.0,6.938893903907228e-18,0.0964186285944637,inferential
helius-dual,Evolus IT Solutions GmbH (United States),0,32,0.0,0.0,0.10717919825507066,inferential
helius-dual,Amarutu Technology Ltd (United States),1,32,0.03125,0.005537860164003122,0.1574426382001256,inferential
helius-dual,"DataBank Holdings, Ltd. (United States)",0,16,0.0,0.0,0.19360768053443655,indicative
helius-dual,"Limestone Networks, Inc. (United States)",0,16,0.0,0.0,0.19360768053443655,indicative
helius-dual,Amarutu Technology Ltd (Japan),5,63,0.07936507936507936,0.03437584717681855,0.17270309850904086,inferential
helius-dual,UAB Cherry Servers (Germany),0,44,0.0,0.0,0.0802956037584807,inferential
helius-dual,uvensys GmbH (Germany),0,12,0.0,0.0,0.24249400665524096,indicative
helius-dual,"The Constant Company, LLC (United Kingdom)",0,8,0.0,0.0,0.32440756488388034,indicative
helius-dual,"The Constant Company, LLC (Mexico)",1,24,0.041666666666666664,0.007393456165505796,0.20241806478655947,inferential
helius-dual,synlinq.de (Germany),0,52,0.0,0.0,0.06879223612386236,inferential
helius-dual,GSL Networks Pty LTD (Germany),0,35,0.0,0.0,0.09890099232440408,inferential
helius-dual,Danny Nieuwenhuis trading as DedicatedNodes (Netherlands),0,28,0.0,1.3877787807814457e-17,0.12064330476584569,inferential
helius-dual,ELSOUL LABO B.V. (Netherlands),0,16,0.0,0.0,0.19360768053443655,indicative
helius-dual,ServeTheWorld AS (Norway),0,8,0.0,0.0,0.32440756488388034,indicative
helius-dual,Sovereign-Sol LLC (United States),0,16,0.0,0.0,0.19360768053443655,indicative
helius-dual,"Lucky Friday Labs, LLC (United States)",0,24,0.0,0.0,0.13797620467498026,inferential
helius-dual,UAB Cherry Servers (Singapore),0,40,0.0,0.0,0.08762160119728668,inferential
helius-dual,Amarutu Technology Ltd (Netherlands),0,52,0.0,0.0,0.06879223612386236,inferential
helius-dual,Pulsant (Scotland) Ltd (United Kingdom),0,12,0.0,0.0,0.24249400665524096,indicative
helius-dual,"The Constant Company, LLC (Chile)",0,12,0.0,0.0,0.24249400665524096,indicative
helius-dual,ReliableSite.Net LLC (United States),0,20,0.0,0.0,0.1611251580528194,inferential
helius-dual,A2B IP B.V. (Netherlands),0,12,0.0,0.0,0.24249400665524096,indicative
helius-dual,"The Constant Company, LLC (Poland)",0,36,0.0,6.938893903907228e-18,0.0964186285944637,inferential
helius-dual,ARTERIA Networks Corporation (Japan),1,4,0.25,0.0455872608097006,0.6993581574175982,suppressed
helius-dual,"FiberState, LLC (United States)",1,28,0.03571428571428571,0.0063325198490377654,0.17712197743353322,inferential
helius-dual,Comvive Servidores S.L. (Spain),0,8,0.0,0.0,0.32440756488388034,indicative
helius-dual,Euroweb Romania S.R.L. (Romania),0,8,0.0,0.0,0.32440756488388034,indicative
helius-dual,Scalaxy B.V. (Netherlands),2,32,0.0625,0.017310567031640967,0.20147123144154586,inferential
helius-dual,"The Constant Company, LLC (Germany)",0,24,0.0,0.0,0.13797620467498026,inferential
helius-dual,Coloblox Data Centers Inc (United States),0,8,0.0,0.0,0.32440756488388034,indicative
helius-dual,Datacamp Limited (Germany),0,4,0.0,0.0,0.4898908364545974,suppressed
helius-dual,"Momentum Telecom, Inc. (United States)",0,28,0.0,1.3877787807814457e-17,0.12064330476584569,inferential
helius-dual,"HIVELOCITY, Inc. (Hong Kong S.A.R.)",0,12,0.0,0.0,0.24249400665524096,indicative
helius-dual,FDCservers.net (Ireland),0,12,0.0,0.0,0.24249400665524096,indicative
helius-dual,"The Constant Company, LLC (South Africa)",0,4,0.0,0.0,0.4898908364545974,suppressed
helius-dual,Versija SIA (Latvia),2,4,0.5,0.15003898915214947,0.8499610108478506,suppressed
helius-dual,"Alibaba (US) Technology Co., Ltd. (Germany)",0,12,0.0,0.0,0.24249400665524096,indicative
helius-dual,"HIVELOCITY, Inc. (United Kingdom)",0,11,0.0,0.0,0.2588329669680318,indicative
helius-dual,Flexential Colorado Corp. (United States),0,16,0.0,0.0,0.19360768053443655,indicative
helius-dual,Retsina Technologies LTD. (Canada),0,16,0.0,0.0,0.19360768053443655,indicative
helius-dual,M247 Europe SRL (Romania),0,4,0.0,0.0,0.4898908364545974,suppressed
helius-dual,Latitude.sh (Argentina),0,12,0.0,0.0,0.24249400665524096,indicative
helius-dual,Cloudize Pty Ltd (Australia),1,4,0.25,0.0455872608097006,0.6993581574175982,suppressed
helius-dual,Blacknight Internet Solutions Limited (Ireland),0,4,0.0,0.0,0.4898908364545974,suppressed
helius-dual,"Columbus Networks USA, Inc. (United Kingdom)",0,8,0.0,0.0,0.32440756488388034,indicative
helius-dual,"Alibaba (US) Technology Co., Ltd. (Japan)",1,4,0.25,0.0455872608097006,0.6993581574175982,suppressed
helius-dual,SK Broadband Co Ltd (South Korea),0,8,0.0,0.0,0.32440756488388034,indicative
helius-dual,velia.net Internetdienste GmbH (Singapore),0,8,0.0,0.0,0.32440756488388034,indicative
helius-dual,G.Network Communications Limited (United Kingdom),0,4,0.0,0.0,0.4898908364545974,suppressed
helius-dual,01NODE FUNDING SRL (Romania),1,4,0.25,0.0455872608097006,0.6993581574175982,suppressed
helius-dual,Latitude.sh (Mexico),1,4,0.25,0.0455872608097006,0.6993581574175982,suppressed
helius-dual,Baytems Holdings Oy (Finland),0,4,0.0,0.0,0.4898908364545974,suppressed
helius-dual,Cube3 Technologies Ltd (United Kingdom),0,4,0.0,0.0,0.4898908364545974,suppressed
helius-dual,MEVSPACE sp. z o.o. (Poland),0,4,0.0,0.0,0.4898908364545974,suppressed
helius-dual,"Cogent Communications, LLC (Germany)",0,4,0.0,0.0,0.4898908364545974,suppressed
helius-dual,Adman LLC (Russia),0,4,0.0,0.0,0.4898908364545974,suppressed
helius-fra,"The Constant Company, LLC (Singapore)",3,94,0.031914893617021274,0.010912627468307706,0.08967314608122355,inferential
helius-fra,"Payward, Inc. (United States)",0,543,0.0,4.336808689942018e-19,0.007024812692473117,inferential
helius-fra,UAB Cherry Servers (Lithuania),5,1056,0.004734848484848485,0.002024089084276692,0.011035844272261165,inferential
helius-fra,Latitude.sh (Germany),2,665,0.0030075187969924814,0.0008251579581447736,0.01089878456557414,inferential
helius-fra,"Servers.com, Inc. (United States)",3,77,0.03896103896103896,0.013337950040590962,0.1083998187263288,inferential
helius-fra,Galaxy Digital LP (United States),3,608,0.004934210526315789,0.0016794659764482224,0.014405515972410295,inferential
helius-fra,HOSTKEY B.V. (Switzerland),0,108,0.0,0.0,0.034347359746557046,inferential
helius-fra,"The Constant Company, LLC (Canada)",2,44,0.045454545454545456,0.012555109949594953,0.1513499843762966,inferential
helius-fra,RETN Limited (Germany),1,351,0.002849002849002849,0.0005030961161910652,0.015959069381910693,inferential
helius-fra,TeraSwitch Networks Inc. (Germany),17,2399,0.0070862859524802,0.004429077106688734,0.01131955195153743,inferential
helius-fra,TeraSwitch Networks Inc. (Netherlands),9,2273,0.003959524857017158,0.0020845322503427323,0.007508344204044679,inferential
helius-fra,Globecomm Network Services Corporation (United Kingdom),7,876,0.007990867579908675,0.003876069661183105,0.016401968662457765,inferential
helius-fra,OVH SAS (Canada),3,828,0.0036231884057971015,0.0012329596813827936,0.010597971220578276,inferential
helius-fra,"HIVELOCITY, Inc. (Singapore)",0,152,0.0,1.734723475976807e-18,0.024649787352889058,inferential
helius-fra,TeraSwitch Networks Inc. (Singapore),2,360,0.005555555555555556,0.001524858165924136,0.020026998090672782,inferential
helius-fra,UAB Cherry Servers (United States),1,286,0.0034965034965034965,0.0006174855994545356,0.01953649390527827,inferential
helius-fra,UAB Cherry Servers (Netherlands),19,420,0.04523809523809524,0.029149586082169814,0.06957001283841414,inferential
helius-fra,Latitude.sh LTDA (Netherlands),0,286,0.0,0.0,0.013253655416737967,inferential
helius-fra,TeraSwitch Networks Inc. (United States),0,350,0.0,8.673617379884035e-19,0.010856440716407827,inferential
helius-fra,velia.net Internetdienste GmbH (France),0,19,0.0,1.3877787807814457e-17,0.16817922405261632,indicative
helius-fra,Latitude.sh (United Kingdom),2,311,0.006430868167202572,0.0017653511908200994,0.023140704225343915,inferential
helius-fra,OVH SAS (France),0,76,0.0,3.469446951953614e-18,0.04811358506513734,inferential
helius-fra,TeraSwitch Networks Inc. (Japan),89,859,0.10360884749708964,0.08496285832565274,0.1257843849387467,inferential
helius-fra,"Amazon.com, Inc. (United States)",18,1121,0.016057091882247992,0.010180686176356046,0.025238935414107645,inferential
helius-fra,velia.net Internetdienste GmbH (Germany),3,187,0.016042780748663103,0.005470736530942953,0.04609803097643976,inferential
helius-fra,"Alibaba (US) Technology Co., Ltd. (Singapore)",2,164,0.012195121951219513,0.0033507380935597665,0.04336870104734521,inferential
helius-fra,Amarutu Technology Ltd (Hong Kong S.A.R.),3,91,0.03296703296703297,0.011274406767682599,0.0924930694296231,inferential
helius-fra,Delta HighTech Ltd. (Bulgaria),0,16,0.0,0.0,0.19360768053443655,indicative
helius-fra,"HIVELOCITY, Inc. (United States)",1,60,0.016666666666666666,0.0029481597947862495,0.08855129727590064,inferential
helius-fra,Allnodes Inc (Germany),5,936,0.005341880341880342,0.0022838260810973243,0.012443614053393321,inferential
helius-fra,Allnodes Inc (Japan),7,120,0.058333333333333334,0.028541010000220288,0.11552592033630114,inferential
helius-fra,"The Constant Company, LLC (United States)",1,263,0.0038022813688212928,0.0006715116455033327,0.021219609945985693,inferential
helius-fra,OVH SAS (United Kingdom),0,44,0.0,0.0,0.0802956037584807,inferential
helius-fra,"Servers.com, Inc. (Netherlands)",1,768,0.0013020833333333333,0.00022988667049250646,0.00733832407270774,inferential
helius-fra,Butterfly Research (Germany),0,94,0.0,0.0,0.039262076291544754,inferential
helius-fra,TeraSwitch Networks Inc. (United Kingdom),2,377,0.005305039787798408,0.0014560408546977575,0.01913378370110514,inferential
helius-fra,"Amazon.com, Inc. (Germany)",18,412,0.043689320388349516,0.02781161322184752,0.06799763805791315,inferential
helius-fra,"The Constant Company, LLC (Japan)",7,108,0.06481481481481481,0.03174819052494759,0.12777636332853723,inferential
helius-fra,Latitude.sh (Brazil),4,148,0.02702702702702703,0.01055938511351685,0.06742629095060353,inferential
helius-fra,Datacamp Limited (Netherlands),2,311,0.006430868167202572,0.0017653511908200994,0.023140704225343915,inferential
helius-fra,TeraSwitch Networks Inc. (Ireland),0,369,0.0,-8.673617379884035e-19,0.010303196519090844,inferential
helius-fra,"HIVELOCITY, Inc. (Netherlands)",0,112,0.0,3.469446951953614e-18,0.03316134706694389,inferential
helius-fra,"The Constant Company, LLC (France)",2,136,0.014705882352941176,0.004042191463735811,0.05203172886591771,inferential
helius-fra,"Limestone Networks, Inc. (Netherlands)",0,24,0.0,0.0,0.13797620467498026,inferential
helius-fra,Latitude.sh (Japan),7,56,0.125,0.06189068695717119,0.2362547655819014,inferential
helius-fra,UAB Cherry Servers (Sweden),1,304,0.003289473684210526,0.000580909073598302,0.01839463386682336,inferential
helius-fra,Latitude.sh LTDA (United States),4,192,0.020833333333333332,0.008130783932175364,0.052333731048464005,inferential
helius-fra,Danny Nieuwenhuis trading as DedicatedNodes (United Kingdom),0,127,0.0,0.0,0.029359645293763375,inferential
helius-fra,Hurricane Electric LLC (United States),0,112,0.0,3.469446951953614e-18,0.03316134706694389,inferential
helius-fra,"The Constant Company, LLC (Netherlands)",0,36,0.0,6.938893903907228e-18,0.0964186285944637,inferential
helius-fra,Latitude.sh (United States),1,92,0.010869565217391304,0.001921329040091721,0.0590278561306252,inferential
helius-fra,"The Constant Company, LLC (Brazil)",3,32,0.09375,0.03240155129836618,0.2421815472838787,inferential
helius-fra,Allnodes Inc (United States),1,186,0.005376344086021506,0.0009496880252811597,0.029820507573623315,inferential
helius-fra,Latitude.sh (Singapore),0,208,0.0,0.0,0.018133649768460085,inferential
helius-fra,"Servers.com, Inc. (Singapore)",0,20,0.0,0.0,0.1611251580528194,inferential
helius-fra,"WebNX, Inc. (United States)",9,128,0.0703125,0.03742976830393997,0.12823480349360633,inferential
helius-fra,TY15 Infra (Japan),6,63,0.09523809523809523,0.04438348427689198,0.19261701062836895,inferential
helius-fra,Latitude.sh LTDA (Brazil),0,16,0.0,0.0,0.19360768053443655,indicative
helius-fra,OVH SAS (Singapore),0,12,0.0,0.0,0.24249400665524096,indicative
helius-fra,23M GmbH (Germany),0,40,0.0,0.0,0.08762160119728668,inferential
helius-fra,Netorn LLC (Russia),1,12,0.08333333333333333,0.014865094404917095,0.35387991114111705,indicative
helius-fra,"Servers.com, Inc. (Hong Kong S.A.R.)",0,48,0.0,0.0,0.07410012966611754,inferential
helius-fra,"Amazon.com, Inc. (Japan)",7,116,0.0603448275862069,0.029535553390945428,0.11933996094494378,inferential
helius-fra,"Limestone Networks, Inc. (Singapore)",0,20,0.0,0.0,0.1611251580528194,inferential
helius-fra,Datacamp Limited (United States),0,120,0.0,0.0,0.0310191664187035,inferential
helius-fra,Butterfly Research (United States),0,36,0.0,6.938893903907228e-18,0.0964186285944637,inferential
helius-fra,RockawayX Infra s.r.o. (Czechia),0,56,0.0,6.938893903907228e-18,0.06419393671876344,inferential
helius-fra,Inter.link GmbH (Germany),0,12,0.0,0.0,0.24249400665524096,indicative
helius-fra,VNET a.s. (Slovakia),0,36,0.0,6.938893903907228e-18,0.0964186285944637,inferential
helius-fra,RockawayX Infra s.r.o. (United Arab Emirates),0,38,0.0,6.938893903907228e-18,0.09180986822558401,inferential
helius-fra,AlbHost SH.P.K. (Albania),0,16,0.0,0.0,0.19360768053443655,indicative
helius-fra,Fusix Networks B.V. (Netherlands),0,16,0.0,0.0,0.19360768053443655,indicative
helius-fra,Vorboss Limited (United Kingdom),0,16,0.0,0.0,0.19360768053443655,indicative
helius-fra,OVH SAS (Germany),1,172,0.005813953488372093,0.0010270438601417513,0.03219298775169033,inferential
helius-fra,Globenet Cabos Submarinos America Inc (Hong Kong S.A.R.),0,36,0.0,6.938893903907228e-18,0.0964186285944637,inferential
helius-fra,Evolus IT Solutions GmbH (United States),0,32,0.0,0.0,0.10717919825507066,inferential
helius-fra,Amarutu Technology Ltd (United States),5,32,0.15625,0.0686442028250571,0.317541495975304,inferential
helius-fra,"DataBank Holdings, Ltd. (United States)",1,16,0.0625,0.011119344764642547,0.28328737570298945,indicative
helius-fra,"Limestone Networks, Inc. (United States)",0,16,0.0,0.0,0.19360768053443655,indicative
helius-fra,Amarutu Technology Ltd (Japan),2,63,0.031746031746031744,0.008749527561580442,0.10856477046607436,inferential
helius-fra,UAB Cherry Servers (Germany),0,44,0.0,0.0,0.0802956037584807,inferential
helius-fra,uvensys GmbH (Germany),0,12,0.0,0.0,0.24249400665524096,indicative
helius-fra,"The Constant Company, LLC (United Kingdom)",0,8,0.0,0.0,0.32440756488388034,indicative
helius-fra,"The Constant Company, LLC (Mexico)",0,24,0.0,0.0,0.13797620467498026,inferential
helius-fra,synlinq.de (Germany),0,52,0.0,0.0,0.06879223612386236,inferential
helius-fra,GSL Networks Pty LTD (Germany),0,35,0.0,0.0,0.09890099232440408,inferential
helius-fra,Danny Nieuwenhuis trading as DedicatedNodes (Netherlands),0,28,0.0,1.3877787807814457e-17,0.12064330476584569,inferential
helius-fra,ELSOUL LABO B.V. (Netherlands),0,16,0.0,0.0,0.19360768053443655,indicative
helius-fra,ServeTheWorld AS (Norway),0,8,0.0,0.0,0.32440756488388034,indicative
helius-fra,Sovereign-Sol LLC (United States),0,16,0.0,0.0,0.19360768053443655,indicative
helius-fra,"Lucky Friday Labs, LLC (United States)",0,24,0.0,0.0,0.13797620467498026,inferential
helius-fra,UAB Cherry Servers (Singapore),0,40,0.0,0.0,0.08762160119728668,inferential
helius-fra,Amarutu Technology Ltd (Netherlands),0,52,0.0,0.0,0.06879223612386236,inferential
helius-fra,Pulsant (Scotland) Ltd (United Kingdom),0,12,0.0,0.0,0.24249400665524096,indicative
helius-fra,"The Constant Company, LLC (Chile)",0,12,0.0,0.0,0.24249400665524096,indicative
helius-fra,ReliableSite.Net LLC (United States),0,20,0.0,0.0,0.1611251580528194,inferential
helius-fra,A2B IP B.V. (Netherlands),0,12,0.0,0.0,0.24249400665524096,indicative
helius-fra,"The Constant Company, LLC (Poland)",0,36,0.0,6.938893903907228e-18,0.0964186285944637,inferential
helius-fra,ARTERIA Networks Corporation (Japan),0,4,0.0,0.0,0.4898908364545974,suppressed
helius-fra,"FiberState, LLC (United States)",0,28,0.0,1.3877787807814457e-17,0.12064330476584569,inferential
helius-fra,Comvive Servidores S.L. (Spain),0,8,0.0,0.0,0.32440756488388034,indicative
helius-fra,Euroweb Romania S.R.L. (Romania),0,8,0.0,0.0,0.32440756488388034,indicative
helius-fra,Scalaxy B.V. (Netherlands),0,32,0.0,0.0,0.10717919825507066,inferential
helius-fra,"The Constant Company, LLC (Germany)",0,24,0.0,0.0,0.13797620467498026,inferential
helius-fra,Coloblox Data Centers Inc (United States),0,8,0.0,0.0,0.32440756488388034,indicative
helius-fra,Datacamp Limited (Germany),0,4,0.0,0.0,0.4898908364545974,suppressed
helius-fra,"Momentum Telecom, Inc. (United States)",0,28,0.0,1.3877787807814457e-17,0.12064330476584569,inferential
helius-fra,"HIVELOCITY, Inc. (Hong Kong S.A.R.)",0,12,0.0,0.0,0.24249400665524096,indicative
helius-fra,FDCservers.net (Ireland),0,12,0.0,0.0,0.24249400665524096,indicative
helius-fra,"The Constant Company, LLC (South Africa)",0,4,0.0,0.0,0.4898908364545974,suppressed
helius-fra,Versija SIA (Latvia),0,4,0.0,0.0,0.4898908364545974,suppressed
helius-fra,"Alibaba (US) Technology Co., Ltd. (Germany)",0,12,0.0,0.0,0.24249400665524096,indicative
helius-fra,"HIVELOCITY, Inc. (United Kingdom)",0,11,0.0,0.0,0.2588329669680318,indicative
helius-fra,Flexential Colorado Corp. (United States),0,16,0.0,0.0,0.19360768053443655,indicative
helius-fra,Retsina Technologies LTD. (Canada),1,16,0.0625,0.011119344764642547,0.28328737570298945,indicative
helius-fra,M247 Europe SRL (Romania),0,4,0.0,0.0,0.4898908364545974,suppressed
helius-fra,Latitude.sh (Argentina),0,12,0.0,0.0,0.24249400665524096,indicative
helius-fra,Cloudize Pty Ltd (Australia),0,4,0.0,0.0,0.4898908364545974,suppressed
helius-fra,Blacknight Internet Solutions Limited (Ireland),0,4,0.0,0.0,0.4898908364545974,suppressed
helius-fra,"Columbus Networks USA, Inc. (United Kingdom)",0,8,0.0,0.0,0.32440756488388034,indicative
helius-fra,"Alibaba (US) Technology Co., Ltd. (Japan)",0,4,0.0,0.0,0.4898908364545974,suppressed
helius-fra,SK Broadband Co Ltd (South Korea),0,8,0.0,0.0,0.32440756488388034,indicative
helius-fra,velia.net Internetdienste GmbH (Singapore),0,8,0.0,0.0,0.32440756488388034,indicative
helius-fra,G.Network Communications Limited (United Kingdom),0,4,0.0,0.0,0.4898908364545974,suppressed
helius-fra,01NODE FUNDING SRL (Romania),0,4,0.0,0.0,0.4898908364545974,suppressed
helius-fra,Latitude.sh (Mexico),0,4,0.0,0.0,0.4898908364545974,suppressed
helius-fra,Baytems Holdings Oy (Finland),0,4,0.0,0.0,0.4898908364545974,suppressed
helius-fra,Cube3 Technologies Ltd (United Kingdom),0,4,0.0,0.0,0.4898908364545974,suppressed
helius-fra,MEVSPACE sp. z o.o. (Poland),0,4,0.0,0.0,0.4898908364545974,suppressed
helius-fra,"Cogent Communications, LLC (Germany)",0,4,0.0,0.0,0.4898908364545974,suppressed
helius-fra,Adman LLC (Russia),0,4,0.0,0.0,0.4898908364545974,suppressed
jito-multi,"The Constant Company, LLC (Singapore)",0,27,0.0,0.0,0.12455502974186713,inferential
jito-multi,"Payward, Inc. (United States)",0,136,0.0,0.0,0.027470099733582422,inferential
jito-multi,UAB Cherry Servers (Lithuania),0,239,0.0,0.0,0.015818793213273067,inferential
jito-multi,Latitude.sh (Germany),0,147,0.0,1.734723475976807e-18,0.025466863359233913,inferential
jito-multi,"Servers.com, Inc. (United States)",0,19,0.0,1.3877787807814457e-17,0.16817922405261632,indicative
jito-multi,Galaxy Digital LP (United States),0,147,0.0,1.734723475976807e-18,0.025466863359233913,inferential
jito-multi,HOSTKEY B.V. (Switzerland),0,27,0.0,0.0,0.12455502974186713,inferential
jito-multi,"The Constant Company, LLC (Canada)",0,8,0.0,0.0,0.32440756488388034,indicative
jito-multi,RETN Limited (Germany),0,89,0.0,0.0,0.04137654523625253,inferential
jito-multi,TeraSwitch Networks Inc. (Germany),0,586,0.0,-4.336808689942018e-19,0.006512697205745065,inferential
jito-multi,TeraSwitch Networks Inc. (Netherlands),1,524,0.0019083969465648854,0.000336958392051793,0.010729733553187109,inferential
jito-multi,Globecomm Network Services Corporation (United Kingdom),0,198,0.0,0.0,0.01903206032664819,inferential
jito-multi,OVH SAS (Canada),0,192,0.0,0.0,0.01961514606675412,inferential
jito-multi,"HIVELOCITY, Inc. (Singapore)",0,47,0.0,0.0,0.07555760416399634,inferential
jito-multi,TeraSwitch Networks Inc. (Singapore),0,72,0.0,3.469446951953614e-18,0.05065117259645782,inferential
jito-multi,UAB Cherry Servers (United States),0,69,0.0,0.0,0.05273725818905175,inferential
jito-multi,UAB Cherry Servers (Netherlands),0,100,0.0,0.0,0.03699349820698569,inferential
jito-multi,Latitude.sh LTDA (Netherlands),0,63,0.0,0.0,0.05747119958885175,inferential
jito-multi,TeraSwitch Networks Inc. (United States),0,90,0.0,0.0,0.0409356255643268,inferential
jito-multi,velia.net Internetdienste GmbH (France),0,6,0.0,0.0,0.39033428790216546,indicative
jito-multi,Latitude.sh (United Kingdom),0,74,0.0,3.469446951953614e-18,0.04934977939638609,inferential
jito-multi,OVH SAS (France),0,20,0.0,0.0,0.1611251580528194,inferential
jito-multi,TeraSwitch Networks Inc. (Japan),0,199,0.0,1.734723475976807e-18,0.018938233056634952,inferential
jito-multi,"Amazon.com, Inc. (United States)",0,273,0.0,0.0,0.013876024339194729,inferential
jito-multi,velia.net Internetdienste GmbH (Germany),0,38,0.0,6.938893903907228e-18,0.09180986822558401,inferential
jito-multi,"Alibaba (US) Technology Co., Ltd. (Singapore)",0,31,0.0,0.0,0.110255395460436,inferential
jito-multi,Amarutu Technology Ltd (Hong Kong S.A.R.),0,21,0.0,0.0,0.154639018924847,inferential
jito-multi,Delta HighTech Ltd. (Bulgaria),0,4,0.0,0.0,0.4898908364545974,suppressed
jito-multi,"HIVELOCITY, Inc. (United States)",0,15,0.0,0.0,0.20388330103584867,indicative
jito-multi,Allnodes Inc (Germany),1,230,0.004347826086956522,0.0007679108069969312,0.024212513323752547,inferential
jito-multi,Allnodes Inc (Japan),0,25,0.0,0.0,0.13319225093904855,inferential
jito-multi,"The Constant Company, LLC (United States)",0,58,0.0,0.0,0.06211785578720294,inferential
jito-multi,OVH SAS (United Kingdom),0,14,0.0,2.7755575615628914e-17,0.21531080273763586,indicative
jito-multi,"Servers.com, Inc. (Netherlands)",0,200,0.0,0.0,0.01884532637726658,inferential
jito-multi,Butterfly Research (Germany),0,25,0.0,0.0,0.13319225093904855,inferential
jito-multi,TeraSwitch Networks Inc. (United Kingdom),0,92,0.0,0.0,0.040081389285621744,inferential
jito-multi,"Amazon.com, Inc. (Germany)",0,100,0.0,0.0,0.03699349820698569,inferential
jito-multi,"The Constant Company, LLC (Japan)",0,24,0.0,0.0,0.13797620467498026,inferential
jito-multi,Latitude.sh (Brazil),0,41,0.0,0.0,0.0856675701844319,inferential
jito-multi,Datacamp Limited (Netherlands),0,78,0.0,3.469446951953614e-18,0.046937809712194314,inferential
jito-multi,TeraSwitch Networks Inc. (Ireland),0,82,0.0,0.0,0.04475062369010034,inferential
jito-multi,"HIVELOCITY, Inc. (Netherlands)",0,25,0.0,0.0,0.13319225093904855,inferential
jito-multi,"The Constant Company, LLC (France)",0,31,0.0,0.0,0.110255395460436,inferential
jito-multi,"Limestone Networks, Inc. (Netherlands)",0,4,0.0,0.0,0.4898908364545974,suppressed
jito-multi,Latitude.sh (Japan),0,10,0.0,0.0,0.27753279986288926,indicative
jito-multi,UAB Cherry Servers (Sweden),0,71,0.0,0.0,0.05132795219689037,inferential
jito-multi,Latitude.sh LTDA (United States),0,56,0.0,6.938893903907228e-18,0.06419393671876344,inferential
jito-multi,Danny Nieuwenhuis trading as DedicatedNodes (United Kingdom),0,41,0.0,0.0,0.0856675701844319,inferential
jito-multi,Hurricane Electric LLC (United States),0,34,0.0,0.0,0.1015145541533238,inferential
jito-multi,"The Constant Company, LLC (Netherlands)",0,9,0.0,2.7755575615628914e-17,0.29914504841954415,indicative
jito-multi,Latitude.sh (United States),0,20,0.0,0.0,0.1611251580528194,inferential
jito-multi,"The Constant Company, LLC (Brazil)",0,7,0.0,2.7755575615628914e-17,0.3543304350666875,indicative
jito-multi,Allnodes Inc (United States),0,51,0.0,0.0,0.07004661989853146,inferential
jito-multi,Latitude.sh (Singapore),0,50,0.0,0.0,0.07134759913335874,inferential
jito-multi,"Servers.com, Inc. (Singapore)",0,4,0.0,0.0,0.4898908364545974,suppressed
jito-multi,"WebNX, Inc. (United States)",0,35,0.0,0.0,0.09890099232440408,inferential
jito-multi,TY15 Infra (Japan),0,11,0.0,0.0,0.2588329669680318,indicative
jito-multi,Latitude.sh LTDA (Brazil),0,3,0.0,0.0,0.5614970317550455,suppressed
jito-multi,OVH SAS (Singapore),0,1,0.0,0.0,0.7934506856227627,suppressed
jito-multi,23M GmbH (Germany),0,8,0.0,0.0,0.32440756488388034,indicative
jito-multi,Netorn LLC (Russia),0,4,0.0,0.0,0.4898908364545974,suppressed
jito-multi,"Servers.com, Inc. (Hong Kong S.A.R.)",0,13,0.0,0.0,0.22809537235419847,indicative
jito-multi,"Amazon.com, Inc. (Japan)",0,31,0.0,0.0,0.110255395460436,inferential
jito-multi,"Limestone Networks, Inc. (Singapore)",0,6,0.0,0.0,0.39033428790216546,indicative
jito-multi,Datacamp Limited (United States),0,32,0.0,0.0,0.10717919825507066,inferential
jito-multi,Butterfly Research (United States),0,10,0.0,0.0,0.27753279986288926,indicative
jito-multi,RockawayX Infra s.r.o. (Czechia),0,12,0.0,0.0,0.24249400665524096,indicative
jito-multi,Inter.link GmbH (Germany),0,3,0.0,0.0,0.5614970317550455,suppressed
jito-multi,VNET a.s. (Slovakia),0,7,0.0,2.7755575615628914e-17,0.3543304350666875,indicative
jito-multi,RockawayX Infra s.r.o. (United Arab Emirates),0,7,0.0,2.7755575615628914e-17,0.3543304350666875,indicative
jito-multi,AlbHost SH.P.K. (Albania),0,3,0.0,0.0,0.5614970317550455,suppressed
jito-multi,Fusix Networks B.V. (Netherlands),0,5,0.0,0.0,0.43448246478317487,indicative
jito-multi,Vorboss Limited (United Kingdom),0,4,0.0,0.0,0.4898908364545974,suppressed
jito-multi,OVH SAS (Germany),0,37,0.0,6.938893903907228e-18,0.09405782583720251,inferential
jito-multi,Globenet Cabos Submarinos America Inc (Hong Kong S.A.R.),0,9,0.0,2.7755575615628914e-17,0.29914504841954415,indicative
jito-multi,Evolus IT Solutions GmbH (United States),0,5,0.0,0.0,0.43448246478317487,indicative
jito-multi,Amarutu Technology Ltd (United States),0,7,0.0,2.7755575615628914e-17,0.3543304350666875,indicative
jito-multi,"DataBank Holdings, Ltd. (United States)",0,5,0.0,0.0,0.43448246478317487,indicative
jito-multi,"Limestone Networks, Inc. (United States)",0,2,0.0,0.0,0.657619772493347,suppressed
jito-multi,Amarutu Technology Ltd (Japan),0,17,0.0,0.0,0.18431813500885186,indicative
jito-multi,UAB Cherry Servers (Germany),0,10,0.0,0.0,0.27753279986288926,indicative
jito-multi,uvensys GmbH (Germany),0,4,0.0,0.0,0.4898908364545974,suppressed
jito-multi,"The Constant Company, LLC (United Kingdom)",0,2,0.0,0.0,0.657619772493347,suppressed
jito-multi,"The Constant Company, LLC (Mexico)",0,4,0.0,0.0,0.4898908364545974,suppressed
jito-multi,synlinq.de (Germany),0,13,0.0,0.0,0.22809537235419847,indicative
jito-multi,GSL Networks Pty LTD (Germany),0,11,0.0,0.0,0.2588329669680318,indicative
jito-multi,Danny Nieuwenhuis trading as DedicatedNodes (Netherlands),0,2,0.0,0.0,0.657619772493347,suppressed
jito-multi,ELSOUL LABO B.V. (Netherlands),0,4,0.0,0.0,0.4898908364545974,suppressed
jito-multi,ServeTheWorld AS (Norway),0,3,0.0,0.0,0.5614970317550455,suppressed
jito-multi,Sovereign-Sol LLC (United States),0,4,0.0,0.0,0.4898908364545974,suppressed
jito-multi,"Lucky Friday Labs, LLC (United States)",0,7,0.0,2.7755575615628914e-17,0.3543304350666875,indicative
jito-multi,UAB Cherry Servers (Singapore),0,10,0.0,0.0,0.27753279986288926,indicative
jito-multi,Amarutu Technology Ltd (Netherlands),0,10,0.0,0.0,0.27753279986288926,indicative
jito-multi,Pulsant (Scotland) Ltd (United Kingdom),0,3,0.0,0.0,0.5614970317550455,suppressed
jito-multi,"The Constant Company, LLC (Chile)",0,1,0.0,0.0,0.7934506856227627,suppressed
jito-multi,ReliableSite.Net LLC (United States),0,5,0.0,0.0,0.43448246478317487,indicative
jito-multi,A2B IP B.V. (Netherlands),0,0,,0.0,0.0,suppressed
jito-multi,"The Constant Company, LLC (Poland)",0,4,0.0,0.0,0.4898908364545974,suppressed
jito-multi,ARTERIA Networks Corporation (Japan),0,1,0.0,0.0,0.7934506856227627,suppressed
jito-multi,"FiberState, LLC (United States)",0,5,0.0,0.0,0.43448246478317487,indicative
jito-multi,Comvive Servidores S.L. (Spain),0,1,0.0,0.0,0.7934506856227627,suppressed
jito-multi,Euroweb Romania S.R.L. (Romania),0,2,0.0,0.0,0.657619772493347,suppressed
jito-multi,Scalaxy B.V. (Netherlands),0,7,0.0,2.7755575615628914e-17,0.3543304350666875,indicative
jito-multi,"The Constant Company, LLC (Germany)",0,9,0.0,2.7755575615628914e-17,0.29914504841954415,indicative
jito-multi,Coloblox Data Centers Inc (United States),0,0,,0.0,0.0,suppressed
jito-multi,Datacamp Limited (Germany),0,2,0.0,0.0,0.657619772493347,suppressed
jito-multi,"Momentum Telecom, Inc. (United States)",0,2,0.0,0.0,0.657619772493347,suppressed
jito-multi,"HIVELOCITY, Inc. (Hong Kong S.A.R.)",0,4,0.0,0.0,0.4898908364545974,suppressed
jito-multi,FDCservers.net (Ireland),0,0,,0.0,0.0,suppressed
jito-multi,"The Constant Company, LLC (South Africa)",0,2,0.0,0.0,0.657619772493347,suppressed
jito-multi,Versija SIA (Latvia),0,2,0.0,0.0,0.657619772493347,suppressed
jito-multi,"Alibaba (US) Technology Co., Ltd. (Germany)",0,3,0.0,0.0,0.5614970317550455,suppressed
jito-multi,"HIVELOCITY, Inc. (United Kingdom)",0,4,0.0,0.0,0.4898908364545974,suppressed
jito-multi,Flexential Colorado Corp. (United States),0,6,0.0,0.0,0.39033428790216546,indicative
jito-multi,Retsina Technologies LTD. (Canada),0,2,0.0,0.0,0.657619772493347,suppressed
jito-multi,M247 Europe SRL (Romania),0,1,0.0,0.0,0.7934506856227627,suppressed
jito-multi,Latitude.sh (Argentina),0,2,0.0,0.0,0.657619772493347,suppressed
jito-multi,Cloudize Pty Ltd (Australia),0,0,,0.0,0.0,suppressed
jito-multi,Blacknight Internet Solutions Limited (Ireland),0,1,0.0,0.0,0.7934506856227627,suppressed
jito-multi,"Columbus Networks USA, Inc. (United Kingdom)",0,2,0.0,0.0,0.657619772493347,suppressed
jito-multi,"Alibaba (US) Technology Co., Ltd. (Japan)",0,1,0.0,0.0,0.7934506856227627,suppressed
jito-multi,SK Broadband Co Ltd (South Korea),0,2,0.0,0.0,0.657619772493347,suppressed
jito-multi,velia.net Internetdienste GmbH (Singapore),0,3,0.0,0.0,0.5614970317550455,suppressed
jito-multi,G.Network Communications Limited (United Kingdom),0,1,0.0,0.0,0.7934506856227627,suppressed
jito-multi,01NODE FUNDING SRL (Romania),0,1,0.0,0.0,0.7934506856227627,suppressed
jito-multi,Latitude.sh (Mexico),0,1,0.0,0.0,0.7934506856227627,suppressed
jito-multi,Baytems Holdings Oy (Finland),0,0,,0.0,0.0,suppressed
jito-multi,Cube3 Technologies Ltd (United Kingdom),0,0,,0.0,0.0,suppressed
jito-multi,MEVSPACE sp. z o.o. (Poland),0,3,0.0,0.0,0.5614970317550455,suppressed
jito-multi,"Cogent Communications, LLC (Germany)",0,3,0.0,0.0,0.5614970317550455,suppressed
jito-multi,Adman LLC (Russia),0,1,0.0,0.0,0.7934506856227627,suppressed
nextblock-quic-fra,"The Constant Company, LLC (Singapore)",0,94,0.0,0.0,0.039262076291544754,inferential
nextblock-quic-fra,"Payward, Inc. (United States)",12,543,0.022099447513812154,0.012686167024663918,0.03822705173665017,inferential
nextblock-quic-fra,UAB Cherry Servers (Lithuania),12,1056,0.011363636363636364,0.0065122739777625826,0.01975718225928051,inferential
nextblock-quic-fra,Latitude.sh (Germany),26,665,0.039097744360902256,0.026818967357175785,0.056670861337286674,inferential
nextblock-quic-fra,"Servers.com, Inc. (United States)",23,77,0.2987012987012987,0.20803894987616744,0.40849444212065666,inferential
nextblock-quic-fra,Galaxy Digital LP (United States),2,610,0.003278688524590164,0.0008995956075789962,0.011874808447433934,inferential
nextblock-quic-fra,HOSTKEY B.V. (Switzerland),1,108,0.009259259259259259,0.0016363608538834916,0.050593455193663234,inferential
nextblock-quic-fra,"The Constant Company, LLC (Canada)",0,44,0.0,0.0,0.0802956037584807,inferential
nextblock-quic-fra,RETN Limited (Germany),21,351,0.05982905982905983,0.03946151070564774,0.08972705416229909,inferential
nextblock-quic-fra,TeraSwitch Networks Inc. (Germany),175,2399,0.07294706127553147,0.06320960083095603,0.08404999364697432,inferential
nextblock-quic-fra,TeraSwitch Networks Inc. (Netherlands),225,2279,0.09872751206669592,0.08714763361774666,0.11165787565977739,inferential
nextblock-quic-fra,Globecomm Network Services Corporation (United Kingdom),0,876,0.0,4.336808689942018e-19,0.004366080709407661,inferential
nextblock-quic-fra,OVH SAS (Canada),11,836,0.013157894736842105,0.007362788606302543,0.02340666025727311,inferential
nextblock-quic-fra,"HIVELOCITY, Inc. (Singapore)",2,152,0.013157894736842105,0.0036158171874622128,0.046701081024561344,inferential
nextblock-quic-fra,TeraSwitch Networks Inc. (Singapore),37,360,0.10277777777777777,0.07548842695958867,0.13845491823531786,inferential
nextblock-quic-fra,UAB Cherry Servers (United States),1,286,0.0034965034965034965,0.0006174855994545356,0.01953649390527827,inferential
nextblock-quic-fra,UAB Cherry Servers (Netherlands),34,420,0.08095238095238096,0.05850660894653513,0.11099417330489304,inferential
nextblock-quic-fra,Latitude.sh LTDA (Netherlands),6,286,0.02097902097902098,0.009649493494732368,0.04500610644997464,inferential
nextblock-quic-fra,TeraSwitch Networks Inc. (United States),12,350,0.03428571428571429,0.01971973382230665,0.05896369381640464,inferential
nextblock-quic-fra,velia.net Internetdienste GmbH (France),0,19,0.0,1.3877787807814457e-17,0.16817922405261632,indicative
nextblock-quic-fra,Latitude.sh (United Kingdom),11,315,0.03492063492063492,0.019609034941971276,0.061438953347489236,inferential
nextblock-quic-fra,OVH SAS (France),24,76,0.3157894736842105,0.2223085415706341,0.42699646345336384,inferential
nextblock-quic-fra,TeraSwitch Networks Inc. (Japan),5,859,0.005820721769499418,0.00248875122518577,0.01355296614849284,inferential
nextblock-quic-fra,"Amazon.com, Inc. (United States)",61,1125,0.05422222222222222,0.042442028457330944,0.06903638849606591,inferential
nextblock-quic-fra,velia.net Internetdienste GmbH (Germany),8,187,0.0427807486631016,0.02183453844814547,0.08213374466656416,inferential
nextblock-quic-fra,"Alibaba (US) Technology Co., Ltd. (Singapore)",2,164,0.012195121951219513,0.0033507380935597665,0.04336870104734521,inferential
nextblock-quic-fra,Amarutu Technology Ltd (Hong Kong S.A.R.),2,91,0.02197802197802198,0.006048006082981124,0.0766316460248494,inferential
nextblock-quic-fra,Delta HighTech Ltd. (Bulgaria),0,16,0.0,0.0,0.19360768053443655,indicative
nextblock-quic-fra,"HIVELOCITY, Inc. (United States)",1,60,0.016666666666666666,0.0029481597947862495,0.08855129727590064,inferential
nextblock-quic-fra,Allnodes Inc (Germany),30,936,0.03205128205128205,0.022541859969109554,0.04538604236114292,inferential
nextblock-quic-fra,Allnodes Inc (Japan),1,120,0.008333333333333333,0.0014725557333420923,0.04569629124504969,inferential
nextblock-quic-fra,"The Constant Company, LLC (United States)",1,267,0.003745318352059925,0.0006614468840196782,0.020906369380628946,inferential
nextblock-quic-fra,OVH SAS (United Kingdom),15,44,0.3409090909090909,0.21875819519344442,0.48860858782061756,inferential
nextblock-quic-fra,"Servers.com, Inc. (Netherlands)",6,768,0.0078125,0.003585315337686218,0.016938923985890007,inferential
nextblock-quic-fra,Butterfly Research (Germany),0,94,0.0,0.0,0.039262076291544754,inferential
nextblock-quic-fra,TeraSwitch Networks Inc. (United Kingdom),20,377,0.05305039787798409,0.03460123769110436,0.08051611050006342,inferential
nextblock-quic-fra,"Amazon.com, Inc. (Germany)",132,412,0.32038834951456313,0.27716786348054107,0.36692726734234354,inferential
nextblock-quic-fra,"The Constant Company, LLC (Japan)",0,108,0.0,0.0,0.034347359746557046,inferential
nextblock-quic-fra,Latitude.sh (Brazil),0,148,0.0,0.0,0.025299143267784405,inferential
nextblock-quic-fra,Datacamp Limited (Netherlands),2,311,0.006430868167202572,0.0017653511908200994,0.023140704225343915,inferential
nextblock-quic-fra,TeraSwitch Networks Inc. (Ireland),8,369,0.02168021680216802,0.011025754152070156,0.04219112490277827,inferential
nextblock-quic-fra,"HIVELOCITY, Inc. (Netherlands)",2,112,0.017857142857142856,0.004910811536248817,0.06278048742116135,inferential
nextblock-quic-fra,"The Constant Company, LLC (France)",1,136,0.007352941176470588,0.001299156036095813,0.040472853995522154,inferential
nextblock-quic-fra,"Limestone Networks, Inc. (Netherlands)",0,24,0.0,0.0,0.13797620467498026,inferential
nextblock-quic-fra,Latitude.sh (Japan),2,56,0.03571428571428571,0.00984942514823637,0.1211878018049011,inferential
nextblock-quic-fra,UAB Cherry Servers (Sweden),2,304,0.006578947368421052,0.0018060426317108094,0.023666351017714683,inferential
nextblock-quic-fra,Latitude.sh LTDA (United States),0,192,0.0,0.0,0.01961514606675412,inferential
nextblock-quic-fra,Danny Nieuwenhuis trading as DedicatedNodes (United Kingdom),0,127,0.0,0.0,0.029359645293763375,inferential
nextblock-quic-fra,Hurricane Electric LLC (United States),0,112,0.0,3.469446951953614e-18,0.03316134706694389,inferential
nextblock-quic-fra,"The Constant Company, LLC (Netherlands)",5,36,0.1388888888888889,0.06081815009132838,0.28659530389356214,inferential
nextblock-quic-fra,Latitude.sh (United States),2,92,0.021739130434782608,0.0059820412288536864,0.07583493982695841,inferential
nextblock-quic-fra,"The Constant Company, LLC (Brazil)",0,32,0.0,0.0,0.10717919825507066,inferential
nextblock-quic-fra,Allnodes Inc (United States),0,186,0.0,0.0,0.020235089029327347,inferential
nextblock-quic-fra,Latitude.sh (Singapore),3,208,0.014423076923076924,0.0049170573823196576,0.041539660181281,inferential
nextblock-quic-fra,"Servers.com, Inc. (Singapore)",0,20,0.0,0.0,0.1611251580528194,inferential
nextblock-quic-fra,"WebNX, Inc. (United States)",20,128,0.15625,0.10348354800906656,0.22904810942897047,inferential
nextblock-quic-fra,TY15 Infra (Japan),0,63,0.0,0.0,0.05747119958885175,inferential
nextblock-quic-fra,Latitude.sh LTDA (Brazil),0,16,0.0,0.0,0.19360768053443655,indicative
nextblock-quic-fra,OVH SAS (Singapore),0,12,0.0,0.0,0.24249400665524096,indicative
nextblock-quic-fra,23M GmbH (Germany),0,40,0.0,0.0,0.08762160119728668,inferential
nextblock-quic-fra,Netorn LLC (Russia),0,12,0.0,0.0,0.24249400665524096,indicative
nextblock-quic-fra,"Servers.com, Inc. (Hong Kong S.A.R.)",3,48,0.0625,0.021483232908389285,0.16835438054946356,inferential
nextblock-quic-fra,"Amazon.com, Inc. (Japan)",0,116,0.0,0.0,0.03205450649963873,inferential
nextblock-quic-fra,"Limestone Networks, Inc. (Singapore)",0,20,0.0,0.0,0.1611251580528194,inferential
nextblock-quic-fra,Datacamp Limited (United States),2,120,0.016666666666666666,0.004582564565921137,0.05873596297215891,inferential
nextblock-quic-fra,Butterfly Research (United States),0,36,0.0,6.938893903907228e-18,0.0964186285944637,inferential
nextblock-quic-fra,RockawayX Infra s.r.o. (Czechia),12,56,0.21428571428571427,0.1270590424909565,0.3381946356340512,inferential
nextblock-quic-fra,Inter.link GmbH (Germany),1,12,0.08333333333333333,0.014865094404917095,0.35387991114111705,indicative
nextblock-quic-fra,VNET a.s. (Slovakia),0,36,0.0,6.938893903907228e-18,0.0964186285944637,inferential
nextblock-quic-fra,RockawayX Infra s.r.o. (United Arab Emirates),0,42,0.0,0.0,0.08379879086570395,inferential
nextblock-quic-fra,AlbHost SH.P.K. (Albania),1,16,0.0625,0.011119344764642547,0.28328737570298945,indicative
nextblock-quic-fra,Fusix Networks B.V. (Netherlands),0,16,0.0,0.0,0.19360768053443655,indicative
nextblock-quic-fra,Vorboss Limited (United Kingdom),0,16,0.0,0.0,0.19360768053443655,indicative
nextblock-quic-fra,OVH SAS (Germany),20,172,0.11627906976744186,0.0765459533205251,0.1727778359310151,inferential
nextblock-quic-fra,Globenet Cabos Submarinos America Inc (Hong Kong S.A.R.),0,36,0.0,6.938893903907228e-18,0.0964186285944637,inferential
nextblock-quic-fra,Evolus IT Solutions GmbH (United States),0,32,0.0,0.0,0.10717919825507066,inferential
nextblock-quic-fra,Amarutu Technology Ltd (United States),0,32,0.0,0.0,0.10717919825507066,inferential
nextblock-quic-fra,"DataBank Holdings, Ltd. (United States)",0,16,0.0,0.0,0.19360768053443655,indicative
nextblock-quic-fra,"Limestone Networks, Inc. (United States)",0,16,0.0,0.0,0.19360768053443655,indicative
nextblock-quic-fra,Amarutu Technology Ltd (Japan),0,63,0.0,0.0,0.05747119958885175,inferential
nextblock-quic-fra,UAB Cherry Servers (Germany),5,44,0.11363636363636363,0.04952780601092492,0.2397915241660829,inferential
nextblock-quic-fra,uvensys GmbH (Germany),0,12,0.0,0.0,0.24249400665524096,indicative
nextblock-quic-fra,"The Constant Company, LLC (United Kingdom)",4,8,0.5,0.2152160622138775,0.7847839377861225,indicative
nextblock-quic-fra,"The Constant Company, LLC (Mexico)",1,24,0.041666666666666664,0.007393456165505796,0.20241806478655947,inferential
nextblock-quic-fra,synlinq.de (Germany),0,52,0.0,0.0,0.06879223612386236,inferential
nextblock-quic-fra,GSL Networks Pty LTD (Germany),1,35,0.02857142857142857,0.005061491855444189,0.14533087233613678,inferential
nextblock-quic-fra,Danny Nieuwenhuis trading as DedicatedNodes (Netherlands),0,28,0.0,1.3877787807814457e-17,0.12064330476584569,inferential
nextblock-quic-fra,ELSOUL LABO B.V. (Netherlands),0,16,0.0,0.0,0.19360768053443655,indicative
nextblock-quic-fra,ServeTheWorld AS (Norway),0,8,0.0,0.0,0.32440756488388034,indicative
nextblock-quic-fra,Sovereign-Sol LLC (United States),1,16,0.0625,0.011119344764642547,0.28328737570298945,indicative
nextblock-quic-fra,"Lucky Friday Labs, LLC (United States)",1,24,0.041666666666666664,0.007393456165505796,0.20241806478655947,inferential
nextblock-quic-fra,UAB Cherry Servers (Singapore),0,40,0.0,0.0,0.08762160119728668,inferential
nextblock-quic-fra,Amarutu Technology Ltd (Netherlands),0,52,0.0,0.0,0.06879223612386236,inferential
nextblock-quic-fra,Pulsant (Scotland) Ltd (United Kingdom),0,12,0.0,0.0,0.24249400665524096,indicative
nextblock-quic-fra,"The Constant Company, LLC (Chile)",0,12,0.0,0.0,0.24249400665524096,indicative
nextblock-quic-fra,ReliableSite.Net LLC (United States),0,20,0.0,0.0,0.1611251580528194,inferential
nextblock-quic-fra,A2B IP B.V. (Netherlands),0,12,0.0,0.0,0.24249400665524096,indicative
nextblock-quic-fra,"The Constant Company, LLC (Poland)",4,36,0.1111111111111111,0.04406640300315648,0.2531480859036487,inferential
nextblock-quic-fra,ARTERIA Networks Corporation (Japan),0,4,0.0,0.0,0.4898908364545974,suppressed
nextblock-quic-fra,"FiberState, LLC (United States)",0,28,0.0,1.3877787807814457e-17,0.12064330476584569,inferential
nextblock-quic-fra,Comvive Servidores S.L. (Spain),0,8,0.0,0.0,0.32440756488388034,indicative
nextblock-quic-fra,Euroweb Romania S.R.L. (Romania),1,8,0.125,0.022417491450056642,0.47088818221285356,indicative
nextblock-quic-fra,Scalaxy B.V. (Netherlands),2,32,0.0625,0.017310567031640967,0.20147123144154586,inferential
nextblock-quic-fra,"The Constant Company, LLC (Germany)",2,24,0.08333333333333333,0.023158815297043348,0.2584880219321069,inferential
nextblock-quic-fra,Coloblox Data Centers Inc (United States),0,8,0.0,0.0,0.32440756488388034,indicative
nextblock-quic-fra,Datacamp Limited (Germany),0,4,0.0,0.0,0.4898908364545974,suppressed
nextblock-quic-fra,"Momentum Telecom, Inc. (United States)",8,28,0.2857142857142857,0.1525399605666909,0.47059288433295726,inferential
nextblock-quic-fra,"HIVELOCITY, Inc. (Hong Kong S.A.R.)",0,12,0.0,0.0,0.24249400665524096,indicative
nextblock-quic-fra,FDCservers.net (Ireland),0,12,0.0,0.0,0.24249400665524096,indicative
nextblock-quic-fra,"The Constant Company, LLC (South Africa)",0,4,0.0,0.0,0.4898908364545974,suppressed
nextblock-quic-fra,Versija SIA (Latvia),0,4,0.0,0.0,0.4898908364545974,suppressed
nextblock-quic-fra,"Alibaba (US) Technology Co., Ltd. (Germany)",1,12,0.08333333333333333,0.014865094404917095,0.35387991114111705,indicative
nextblock-quic-fra,"HIVELOCITY, Inc. (United Kingdom)",0,11,0.0,0.0,0.2588329669680318,indicative
nextblock-quic-fra,Flexential Colorado Corp. (United States),0,16,0.0,0.0,0.19360768053443655,indicative
nextblock-quic-fra,Retsina Technologies LTD. (Canada),0,16,0.0,0.0,0.19360768053443655,indicative
nextblock-quic-fra,M247 Europe SRL (Romania),0,4,0.0,0.0,0.4898908364545974,suppressed
nextblock-quic-fra,Latitude.sh (Argentina),0,12,0.0,0.0,0.24249400665524096,indicative
nextblock-quic-fra,Cloudize Pty Ltd (Australia),0,4,0.0,0.0,0.4898908364545974,suppressed
nextblock-quic-fra,Blacknight Internet Solutions Limited (Ireland),1,4,0.25,0.0455872608097006,0.6993581574175982,suppressed
nextblock-quic-fra,"Columbus Networks USA, Inc. (United Kingdom)",0,8,0.0,0.0,0.32440756488388034,indicative
nextblock-quic-fra,"Alibaba (US) Technology Co., Ltd. (Japan)",0,4,0.0,0.0,0.4898908364545974,suppressed
nextblock-quic-fra,SK Broadband Co Ltd (South Korea),0,8,0.0,0.0,0.32440756488388034,indicative
nextblock-quic-fra,velia.net Internetdienste GmbH (Singapore),0,8,0.0,0.0,0.32440756488388034,indicative
nextblock-quic-fra,G.Network Communications Limited (United Kingdom),0,4,0.0,0.0,0.4898908364545974,suppressed
nextblock-quic-fra,01NODE FUNDING SRL (Romania),0,4,0.0,0.0,0.4898908364545974,suppressed
nextblock-quic-fra,Latitude.sh (Mexico),0,4,0.0,0.0,0.4898908364545974,suppressed
nextblock-quic-fra,Baytems Holdings Oy (Finland),0,4,0.0,0.0,0.4898908364545974,suppressed
nextblock-quic-fra,Cube3 Technologies Ltd (United Kingdom),0,4,0.0,0.0,0.4898908364545974,suppressed
nextblock-quic-fra,MEVSPACE sp. z o.o. (Poland),0,4,0.0,0.0,0.4898908364545974,suppressed
nextblock-quic-fra,"Cogent Communications, LLC (Germany)",0,4,0.0,0.0,0.4898908364545974,suppressed
nextblock-quic-fra,Adman LLC (Russia),0,4,0.0,0.0,0.4898908364545974,suppressed
nozomi-fra,"The Constant Company, LLC (Singapore)",1,32,0.03125,0.005537860164003122,0.1574426382001256,inferential
nozomi-fra,"Payward, Inc. (United States)",62,216,0.28703703703703703,0.23084337733492072,0.35067322788813454,inferential
nozomi-fra,UAB Cherry Servers (Lithuania),5,391,0.01278772378516624,0.00547418592176554,0.029581552302978043,inferential
nozomi-fra,Latitude.sh (Germany),7,248,0.028225806451612902,0.013738493353193399,0.05710551662133932,inferential
nozomi-fra,"Servers.com, Inc. (United States)",11,30,0.36666666666666664,0.2187392080610071,0.5448643634520512,inferential
nozomi-fra,Galaxy Digital LP (United States),22,267,0.08239700374531835,0.055041538685831656,0.12159854820857076,inferential
nozomi-fra,HOSTKEY B.V. (Switzerland),0,40,0.0,0.0,0.08762160119728668,inferential
nozomi-fra,"The Constant Company, LLC (Canada)",4,15,0.26666666666666666,0.10897453325692366,0.5195043405598057,indicative
nozomi-fra,RETN Limited (Germany),2,130,0.015384615384615385,0.004229205844055266,0.05435846115977827,inferential
nozomi-fra,TeraSwitch Networks Inc. (Germany),71,916,0.07751091703056769,0.06190508567350751,0.0966455617474881,inferential
nozomi-fra,TeraSwitch Networks Inc. (Netherlands),203,845,0.24023668639053256,0.21264776752562595,0.27017673940891046,inferential
nozomi-fra,Globecomm Network Services Corporation (United Kingdom),0,332,0.0,0.0,0.011438310309225649,inferential
nozomi-fra,OVH SAS (Canada),13,318,0.040880503144654086,0.024043967804714725,0.06867702261721703,inferential
nozomi-fra,"HIVELOCITY, Inc. (Singapore)",1,58,0.017241379310344827,0.0030500384460675004,0.09140858093468016,inferential
nozomi-fra,TeraSwitch Networks Inc. (Singapore),15,132,0.11363636363636363,0.0700855037759865,0.17903916784112006,inferential
nozomi-fra,UAB Cherry Servers (United States),7,110,0.06363636363636363,0.031164518014477616,0.12555746188210204,inferential
nozomi-fra,UAB Cherry Servers (Netherlands),20,153,0.13071895424836602,0.08623848449757415,0.19328874733476303,inferential
nozomi-fra,Latitude.sh LTDA (Netherlands),38,107,0.35514018691588783,0.27092916384095944,0.4493920920336314,inferential
nozomi-fra,TeraSwitch Networks Inc. (United States),59,140,0.42142857142857143,0.3428046559212977,0.5042491755653243,inferential
nozomi-fra,velia.net Internetdienste GmbH (France),1,9,0.1111111111111111,0.019890887638544935,0.4349997055766561,indicative
nozomi-fra,Latitude.sh (United Kingdom),38,120,0.31666666666666665,0.24022834604198923,0.4044786816448687,inferential
nozomi-fra,OVH SAS (France),5,32,0.15625,0.0686442028250571,0.317541495975304,inferential
nozomi-fra,TeraSwitch Networks Inc. (Japan),72,317,0.22712933753943218,0.1844350775458043,0.276357799297824,inferential
nozomi-fra,"Amazon.com, Inc. (United States)",34,418,0.08133971291866028,0.058789386967602844,0.11151501843990526,inferential
nozomi-fra,velia.net Internetdienste GmbH (Germany),0,66,0.0,0.0,0.055002557013541314,inferential
nozomi-fra,"Alibaba (US) Technology Co., Ltd. (Singapore)",1,60,0.016666666666666666,0.0029481597947862495,0.08855129727590064,inferential
nozomi-fra,Amarutu Technology Ltd (Hong Kong S.A.R.),10,34,0.29411764705882354,0.16834630670422424,0.4616890979471444,inferential
nozomi-fra,Delta HighTech Ltd. (Bulgaria),0,7,0.0,2.7755575615628914e-17,0.3543304350666875,indicative
nozomi-fra,"HIVELOCITY, Inc. (United States)",0,25,0.0,0.0,0.13319225093904855,inferential
nozomi-fra,Allnodes Inc (Germany),17,363,0.046831955922865015,0.02944228954038169,0.07371251456040123,inferential
nozomi-fra,Allnodes Inc (Japan),13,51,0.2549019607843137,0.15545768156582296,0.3886828183844375,inferential
nozomi-fra,"The Constant Company, LLC (United States)",5,95,0.05263157894736842,0.022688113049149534,0.1173488611703789,inferential
nozomi-fra,OVH SAS (United Kingdom),7,20,0.35,0.18119182410108203,0.5671457233147638,inferential
nozomi-fra,"Servers.com, Inc. (Netherlands)",16,332,0.04819277108433735,0.029879089413457287,0.07684227532379481,inferential
nozomi-fra,Butterfly Research (Germany),2,45,0.044444444444444446,0.012274126706719846,0.14827510769435623,inferential
nozomi-fra,TeraSwitch Networks Inc. (United Kingdom),71,163,0.43558282208588955,0.361814364388415,0.5123176400399995,inferential
nozomi-fra,"Amazon.com, Inc. (Germany)",11,155,0.07096774193548387,0.040086364784580546,0.12260075111420304,inferential
nozomi-fra,"The Constant Company, LLC (Japan)",3,44,0.06818181818181818,0.02345939590738161,0.18225044370221535,inferential
nozomi-fra,Latitude.sh (Brazil),1,63,0.015873015873015872,0.002807494213869284,0.08458525459438399,inferential
nozomi-fra,Datacamp Limited (Netherlands),2,117,0.017094017094017096,0.004700382604581551,0.060190085428656684,inferential
nozomi-fra,TeraSwitch Networks Inc. (Ireland),48,151,0.31788079470198677,0.2489155884638197,0.39588238477350435,inferential
nozomi-fra,"HIVELOCITY, Inc. (Netherlands)",1,38,0.02631578947368421,0.004660587685768797,0.13494876115952134,inferential
nozomi-fra,"The Constant Company, LLC (France)",1,52,0.019230769230769232,0.0034028080709451528,0.10120511127892251,inferential
nozomi-fra,"Limestone Networks, Inc. (Netherlands)",0,9,0.0,2.7755575615628914e-17,0.29914504841954415,indicative
nozomi-fra,Latitude.sh (Japan),3,17,0.17647058823529413,0.061911266376209945,0.4102945856883413,indicative
nozomi-fra,UAB Cherry Servers (Sweden),3,117,0.02564102564102564,0.008758055703820156,0.0726830235146705,inferential
nozomi-fra,Latitude.sh LTDA (United States),5,79,0.06329113924050633,0.027334864880068373,0.13974885162778816,inferential
nozomi-fra,Danny Nieuwenhuis trading as DedicatedNodes (United Kingdom),7,55,0.12727272727272726,0.06304210427364633,0.2401702765590908,inferential
nozomi-fra,Hurricane Electric LLC (United States),5,45,0.1111111111111111,0.04840471794567183,0.23499096995768579,inferential
nozomi-fra,"The Constant Company, LLC (Netherlands)",2,13,0.15384615384615385,0.04325817835808121,0.42234631019482544,indicative
nozomi-fra,Latitude.sh (United States),7,34,0.20588235294117646,0.10349526899031913,0.36798388051163605,inferential
nozomi-fra,"The Constant Company, LLC (Brazil)",3,13,0.23076923076923078,0.08179528718498563,0.502563759467275,indicative
nozomi-fra,Allnodes Inc (United States),30,79,0.379746835443038,0.28066495321542745,0.4899812875620983,inferential
nozomi-fra,Latitude.sh (Singapore),8,78,0.10256410256410256,0.052893347657463854,0.18954439852402394,inferential
nozomi-fra,"Servers.com, Inc. (Singapore)",0,6,0.0,0.0,0.39033428790216546,indicative
nozomi-fra,"WebNX, Inc. (United States)",9,51,0.17647058823529413,0.09572403469126319,0.30254142524308075,inferential
nozomi-fra,TY15 Infra (Japan),4,21,0.19047619047619047,0.07667565052761788,0.4000056469020493,inferential
nozomi-fra,Latitude.sh LTDA (Brazil),2,4,0.5,0.15003898915214947,0.8499610108478506,suppressed
nozomi-fra,OVH SAS (Singapore),1,3,0.3333333333333333,0.06149194472039626,0.7923403991979523,suppressed
nozomi-fra,23M GmbH (Germany),1,17,0.058823529411764705,0.010460400984997592,0.26982030637575405,indicative
nozomi-fra,Netorn LLC (Russia),0,4,0.0,0.0,0.4898908364545974,suppressed
nozomi-fra,"Servers.com, Inc. (Hong Kong S.A.R.)",1,18,0.05555555555555555,0.009875190978303083,0.257573007818726,indicative
nozomi-fra,"Amazon.com, Inc. (Japan)",5,45,0.1111111111111111,0.04840471794567183,0.23499096995768579,inferential
nozomi-fra,"Limestone Networks, Inc. (Singapore)",0,8,0.0,0.0,0.32440756488388034,indicative
nozomi-fra,Datacamp Limited (United States),1,49,0.02040816326530612,0.0036116725898252405,0.10693521523391619,inferential
nozomi-fra,Butterfly Research (United States),6,16,0.375,0.1848123255886363,0.6135895945449727,indicative
nozomi-fra,RockawayX Infra s.r.o. (Czechia),1,18,0.05555555555555555,0.009875190978303083,0.257573007818726,indicative
nozomi-fra,Inter.link GmbH (Germany),0,6,0.0,0.0,0.39033428790216546,indicative
nozomi-fra,VNET a.s. (Slovakia),0,14,0.0,2.7755575615628914e-17,0.21531080273763586,indicative
nozomi-fra,RockawayX Infra s.r.o. (United Arab Emirates),0,15,0.0,0.0,0.20388330103584867,indicative
nozomi-fra,AlbHost SH.P.K. (Albania),0,4,0.0,0.0,0.4898908364545974,suppressed
nozomi-fra,Fusix Networks B.V. (Netherlands),0,5,0.0,0.0,0.43448246478317487,indicative
nozomi-fra,Vorboss Limited (United Kingdom),0,5,0.0,0.0,0.43448246478317487,indicative
nozomi-fra,OVH SAS (Germany),0,65,0.0,3.469446951953614e-18,0.05580153132285691,inferential
nozomi-fra,Globenet Cabos Submarinos America Inc (Hong Kong S.A.R.),0,14,0.0,2.7755575615628914e-17,0.21531080273763586,indicative
nozomi-fra,Evolus IT Solutions GmbH (United States),1,11,0.09090909090909091,0.016232172885884855,0.3773584364515957,indicative
nozomi-fra,Amarutu Technology Ltd (United States),1,16,0.0625,0.011119344764642547,0.28328737570298945,indicative
nozomi-fra,"DataBank Holdings, Ltd. (United States)",0,4,0.0,0.0,0.4898908364545974,suppressed
nozomi-fra,"Limestone Networks, Inc. (United States)",0,6,0.0,0.0,0.39033428790216546,indicative
nozomi-fra,Amarutu Technology Ltd (Japan),2,22,0.09090909090909091,0.025295428990995267,0.27814946841605825,inferential
nozomi-fra,UAB Cherry Servers (Germany),1,15,0.06666666666666667,0.011866895493268553,0.2981652987378003,indicative
nozomi-fra,uvensys GmbH (Germany),0,4,0.0,0.0,0.4898908364545974,suppressed
nozomi-fra,"The Constant Company, LLC (United Kingdom)",1,3,0.3333333333333333,0.06149194472039626,0.7923403991979523,suppressed
nozomi-fra,"The Constant Company, LLC (Mexico)",2,8,0.25,0.071479212752109,0.5907245696898311,indicative
nozomi-fra,synlinq.de (Germany),0,20,0.0,0.0,0.1611251580528194,inferential
nozomi-fra,GSL Networks Pty LTD (Germany),10,18,0.5555555555555556,0.33716415642042774,0.7544048187299437,indicative
nozomi-fra,Danny Nieuwenhuis trading as DedicatedNodes (Netherlands),1,9,0.1111111111111111,0.019890887638544935,0.4349997055766561,indicative
nozomi-fra,ELSOUL LABO B.V. (Netherlands),0,5,0.0,0.0,0.43448246478317487,indicative
nozomi-fra,ServeTheWorld AS (Norway),0,3,0.0,0.0,0.5614970317550455,suppressed
nozomi-fra,Sovereign-Sol LLC (United States),0,5,0.0,0.0,0.43448246478317487,indicative
nozomi-fra,"Lucky Friday Labs, LLC (United States)",0,8,0.0,0.0,0.32440756488388034,indicative
nozomi-fra,UAB Cherry Servers (Singapore),0,16,0.0,0.0,0.19360768053443655,indicative
nozomi-fra,Amarutu Technology Ltd (Netherlands),1,16,0.0625,0.011119344764642547,0.28328737570298945,indicative
nozomi-fra,Pulsant (Scotland) Ltd (United Kingdom),0,5,0.0,0.0,0.43448246478317487,indicative
nozomi-fra,"The Constant Company, LLC (Chile)",0,4,0.0,0.0,0.4898908364545974,suppressed
nozomi-fra,ReliableSite.Net LLC (United States),1,9,0.1111111111111111,0.019890887638544935,0.4349997055766561,indicative
nozomi-fra,A2B IP B.V. (Netherlands),0,4,0.0,0.0,0.4898908364545974,suppressed
nozomi-fra,"The Constant Company, LLC (Poland)",1,10,0.1,0.017876213095072924,0.40415002679523854,indicative
nozomi-fra,ARTERIA Networks Corporation (Japan),0,1,0.0,0.0,0.7934506856227627,suppressed
nozomi-fra,"FiberState, LLC (United States)",2,8,0.25,0.071479212752109,0.5907245696898311,indicative
nozomi-fra,Comvive Servidores S.L. (Spain),0,4,0.0,0.0,0.4898908364545974,suppressed
nozomi-fra,Euroweb Romania S.R.L. (Romania),0,3,0.0,0.0,0.5614970317550455,suppressed
nozomi-fra,Scalaxy B.V. (Netherlands),0,12,0.0,0.0,0.24249400665524096,indicative
nozomi-fra,"The Constant Company, LLC (Germany)",1,10,0.1,0.017876213095072924,0.40415002679523854,indicative
nozomi-fra,Coloblox Data Centers Inc (United States),0,2,0.0,0.0,0.657619772493347,suppressed
nozomi-fra,Datacamp Limited (Germany),0,2,0.0,0.0,0.657619772493347,suppressed
nozomi-fra,"Momentum Telecom, Inc. (United States)",6,8,0.75,0.40927543031016883,0.9285207872478909,indicative
nozomi-fra,"HIVELOCITY, Inc. (Hong Kong S.A.R.)",0,6,0.0,0.0,0.39033428790216546,indicative
nozomi-fra,FDCservers.net (Ireland),0,4,0.0,0.0,0.4898908364545974,suppressed
nozomi-fra,"The Constant Company, LLC (South Africa)",0,1,0.0,0.0,0.7934506856227627,suppressed
nozomi-fra,Versija SIA (Latvia),0,2,0.0,0.0,0.657619772493347,suppressed
nozomi-fra,"Alibaba (US) Technology Co., Ltd. (Germany)",0,3,0.0,0.0,0.5614970317550455,suppressed
nozomi-fra,"HIVELOCITY, Inc. (United Kingdom)",0,5,0.0,0.0,0.43448246478317487,indicative
nozomi-fra,Flexential Colorado Corp. (United States),0,7,0.0,2.7755575615628914e-17,0.3543304350666875,indicative
nozomi-fra,Retsina Technologies LTD. (Canada),2,5,0.4,0.11762077423264788,0.7692757187239871,indicative
nozomi-fra,M247 Europe SRL (Romania),0,2,0.0,0.0,0.657619772493347,suppressed
nozomi-fra,Latitude.sh (Argentina),0,3,0.0,0.0,0.5614970317550455,suppressed
nozomi-fra,Cloudize Pty Ltd (Australia),1,1,1.0,0.2065493143772374,1.0,suppressed
nozomi-fra,Blacknight Internet Solutions Limited (Ireland),0,2,0.0,0.0,0.657619772493347,suppressed
nozomi-fra,"Columbus Networks USA, Inc. (United Kingdom)",0,2,0.0,0.0,0.657619772493347,suppressed
nozomi-fra,"Alibaba (US) Technology Co., Ltd. (Japan)",0,1,0.0,0.0,0.7934506856227627,suppressed
nozomi-fra,SK Broadband Co Ltd (South Korea),0,3,0.0,0.0,0.5614970317550455,suppressed
nozomi-fra,velia.net Internetdienste GmbH (Singapore),0,5,0.0,0.0,0.43448246478317487,indicative
nozomi-fra,G.Network Communications Limited (United Kingdom),0,1,0.0,0.0,0.7934506856227627,suppressed
nozomi-fra,01NODE FUNDING SRL (Romania),0,3,0.0,0.0,0.5614970317550455,suppressed
nozomi-fra,Latitude.sh (Mexico),0,2,0.0,0.0,0.657619772493347,suppressed
nozomi-fra,Baytems Holdings Oy (Finland),0,1,0.0,0.0,0.7934506856227627,suppressed
nozomi-fra,Cube3 Technologies Ltd (United Kingdom),0,1,0.0,0.0,0.7934506856227627,suppressed
nozomi-fra,MEVSPACE sp. z o.o. (Poland),0,2,0.0,0.0,0.657619772493347,suppressed
nozomi-fra,"Cogent Communications, LLC (Germany)",1,2,0.5,0.09453120573423068,0.9054687942657693,suppressed
nozomi-fra,Adman LLC (Russia),0,2,0.0,0.0,0.657619772493347,suppressed
syncro-fra,"The Constant Company, LLC (Singapore)",0,94,0.0,0.0,0.039262076291544754,inferential
syncro-fra,"Payward, Inc. (United States)",2,543,0.003683241252302026,0.001010659405037308,0.013328887632242638,inferential
syncro-fra,UAB Cherry Servers (Lithuania),2,1056,0.001893939393939394,0.0005195402371961345,0.0068791690276966255,inferential
syncro-fra,Latitude.sh (Germany),1,665,0.0015037593984962407,0.00026549979644668095,0.008468197470157916,inferential
syncro-fra,"Servers.com, Inc. (United States)",0,77,0.0,-3.469446951953614e-18,0.04751842528243411,inferential
syncro-fra,Galaxy Digital LP (United States),0,610,0.0,0.0,0.0062580634877192854,inferential
syncro-fra,HOSTKEY B.V. (Switzerland),0,108,0.0,0.0,0.034347359746557046,inferential
syncro-fra,"The Constant Company, LLC (Canada)",0,44,0.0,0.0,0.0802956037584807,inferential
syncro-fra,RETN Limited (Germany),0,351,0.0,-8.673617379884035e-19,0.010825845529609506,inferential
syncro-fra,TeraSwitch Networks Inc. (Germany),3,2399,0.0012505210504376823,0.0004253791152522019,0.003670379589329281,inferential
syncro-fra,TeraSwitch Networks Inc. (Netherlands),6,2279,0.0026327336551118913,0.0012071467938019852,0.005732213256579155,inferential
syncro-fra,Globecomm Network Services Corporation (United Kingdom),1,876,0.001141552511415525,0.00020154047896963527,0.006437677032471341,inferential
syncro-fra,OVH SAS (Canada),0,836,0.0,0.0,0.004574028562591213,inferential
syncro-fra,"HIVELOCITY, Inc. (Singapore)",1,152,0.006578947368421052,0.0011622913203507626,0.03632105146210555,inferential
syncro-fra,TeraSwitch Networks Inc. (Singapore),2,360,0.005555555555555556,0.001524858165924136,0.020026998090672782,inferential
syncro-fra,UAB Cherry Servers (United States),1,286,0.0034965034965034965,0.0006174855994545356,0.01953649390527827,inferential
syncro-fra,UAB Cherry Servers (Netherlands),4,420,0.009523809523809525,0.0037096805789331496,0.02422873501080662,inferential
syncro-fra,Latitude.sh LTDA (Netherlands),0,286,0.0,0.0,0.013253655416737967,inferential
syncro-fra,TeraSwitch Networks Inc. (United States),2,350,0.005714285714285714,0.0015684645371749906,0.020592473999616747,inferential
syncro-fra,velia.net Internetdienste GmbH (France),0,19,0.0,1.3877787807814457e-17,0.16817922405261632,indicative
syncro-fra,Latitude.sh (United Kingdom),1,315,0.0031746031746031746,0.0005606153934957468,0.017760273120501328,inferential
syncro-fra,OVH SAS (France),0,76,0.0,3.469446951953614e-18,0.04811358506513734,inferential
syncro-fra,TeraSwitch Networks Inc. (Japan),4,859,0.004656577415599534,0.0018122973981328306,0.011911497048275294,inferential
syncro-fra,"Amazon.com, Inc. (United States)",7,1125,0.006222222222222222,0.0030172643298254495,0.012787841587646061,inferential
syncro-fra,velia.net Internetdienste GmbH (Germany),0,187,0.0,1.734723475976807e-18,0.02012905814298656,inferential
syncro-fra,"Alibaba (US) Technology Co., Ltd. (Singapore)",1,164,0.006097560975609756,0.0010771813904626622,0.03372625073970362,inferential
syncro-fra,Amarutu Technology Ltd (Hong Kong S.A.R.),0,91,0.0,0.0,0.04050400392888022,inferential
syncro-fra,Delta HighTech Ltd. (Bulgaria),0,16,0.0,0.0,0.19360768053443655,indicative
syncro-fra,"HIVELOCITY, Inc. (United States)",0,60,0.0,0.0,0.060171852142089886,inferential
syncro-fra,Allnodes Inc (Germany),5,936,0.005341880341880342,0.0022838260810973243,0.012443614053393321,inferential
syncro-fra,Allnodes Inc (Japan),0,120,0.0,0.0,0.0310191664187035,inferential
syncro-fra,"The Constant Company, LLC (United States)",4,267,0.0149812734082397,0.005840943165492812,0.037880054617692074,inferential
syncro-fra,OVH SAS (United Kingdom),0,44,0.0,0.0,0.0802956037584807,inferential
syncro-fra,"Servers.com, Inc. (Netherlands)",198,768,0.2578125,0.22813455561014218,0.2899011811998716,inferential
syncro-fra,Butterfly Research (Germany),1,94,0.010638297872340425,0.0018803957480879388,0.057822912962785654,inferential
syncro-fra,TeraSwitch Networks Inc. (United Kingdom),1,377,0.002652519893899204,0.00046838844965722826,0.014869907015292068,inferential
syncro-fra,"Amazon.com, Inc. (Germany)",1,412,0.0024271844660194173,0.00042858622483336797,0.013618735649373732,inferential
syncro-fra,"The Constant Company, LLC (Japan)",1,108,0.009259259259259259,0.0016363608538834916,0.050593455193663234,inferential
syncro-fra,Latitude.sh (Brazil),14,148,0.0945945945945946,0.05718575539434821,0.15251625266061208,inferential
syncro-fra,Datacamp Limited (Netherlands),0,311,0.0,8.673617379884035e-19,0.012201248320609145,inferential
syncro-fra,TeraSwitch Networks Inc. (Ireland),0,369,0.0,-8.673617379884035e-19,0.010303196519090844,inferential
syncro-fra,"HIVELOCITY, Inc. (Netherlands)",0,112,0.0,3.469446951953614e-18,0.03316134706694389,inferential
syncro-fra,"The Constant Company, LLC (France)",0,136,0.0,0.0,0.027470099733582422,inferential
syncro-fra,"Limestone Networks, Inc. (Netherlands)",0,24,0.0,0.0,0.13797620467498026,inferential
syncro-fra,Latitude.sh (Japan),0,56,0.0,6.938893903907228e-18,0.06419393671876344,inferential
syncro-fra,UAB Cherry Servers (Sweden),0,304,0.0,8.673617379884035e-19,0.012478692231417829,inferential
syncro-fra,Latitude.sh LTDA (United States),1,192,0.005208333333333333,0.000919991138484854,0.02890749715674058,inferential
syncro-fra,Danny Nieuwenhuis trading as DedicatedNodes (United Kingdom),0,127,0.0,0.0,0.029359645293763375,inferential
syncro-fra,Hurricane Electric LLC (United States),0,112,0.0,3.469446951953614e-18,0.03316134706694389,inferential
syncro-fra,"The Constant Company, LLC (Netherlands)",0,36,0.0,6.938893903907228e-18,0.0964186285944637,inferential
syncro-fra,Latitude.sh (United States),1,92,0.010869565217391304,0.001921329040091721,0.0590278561306252,inferential
syncro-fra,"The Constant Company, LLC (Brazil)",0,32,0.0,0.0,0.10717919825507066,inferential
syncro-fra,Allnodes Inc (United States),0,186,0.0,0.0,0.020235089029327347,inferential
syncro-fra,Latitude.sh (Singapore),0,208,0.0,0.0,0.018133649768460085,inferential
syncro-fra,"Servers.com, Inc. (Singapore)",0,20,0.0,0.0,0.1611251580528194,inferential
syncro-fra,"WebNX, Inc. (United States)",0,128,0.0,0.0,0.02913695627350843,inferential
syncro-fra,TY15 Infra (Japan),0,63,0.0,0.0,0.05747119958885175,inferential
syncro-fra,Latitude.sh LTDA (Brazil),0,16,0.0,0.0,0.19360768053443655,indicative
syncro-fra,OVH SAS (Singapore),0,12,0.0,0.0,0.24249400665524096,indicative
syncro-fra,23M GmbH (Germany),1,40,0.025,0.004426831502681396,0.12881368963474096,inferential
syncro-fra,Netorn LLC (Russia),0,12,0.0,0.0,0.24249400665524096,indicative
syncro-fra,"Servers.com, Inc. (Hong Kong S.A.R.)",0,48,0.0,0.0,0.07410012966611754,inferential
syncro-fra,"Amazon.com, Inc. (Japan)",1,116,0.008620689655172414,0.0015233877766386017,0.04721983412817877,inferential
syncro-fra,"Limestone Networks, Inc. (Singapore)",0,20,0.0,0.0,0.1611251580528194,inferential
syncro-fra,Datacamp Limited (United States),1,120,0.008333333333333333,0.0014725557333420923,0.04569629124504969,inferential
syncro-fra,Butterfly Research (United States),0,36,0.0,6.938893903907228e-18,0.0964186285944637,inferential
syncro-fra,RockawayX Infra s.r.o. (Czechia),1,56,0.017857142857142856,0.0031592103419746734,0.09445637149397579,inferential
syncro-fra,Inter.link GmbH (Germany),0,12,0.0,0.0,0.24249400665524096,indicative
syncro-fra,VNET a.s. (Slovakia),0,36,0.0,6.938893903907228e-18,0.0964186285944637,inferential
syncro-fra,RockawayX Infra s.r.o. (United Arab Emirates),0,42,0.0,0.0,0.08379879086570395,inferential
syncro-fra,AlbHost SH.P.K. (Albania),0,16,0.0,0.0,0.19360768053443655,indicative
syncro-fra,Fusix Networks B.V. (Netherlands),0,16,0.0,0.0,0.19360768053443655,indicative
syncro-fra,Vorboss Limited (United Kingdom),0,16,0.0,0.0,0.19360768053443655,indicative
syncro-fra,OVH SAS (Germany),0,172,0.0,0.0,0.021846149630794804,inferential
syncro-fra,Globenet Cabos Submarinos America Inc (Hong Kong S.A.R.),0,36,0.0,6.938893903907228e-18,0.0964186285944637,inferential
syncro-fra,Evolus IT Solutions GmbH (United States),0,32,0.0,0.0,0.10717919825507066,inferential
syncro-fra,Amarutu Technology Ltd (United States),0,32,0.0,0.0,0.10717919825507066,inferential
syncro-fra,"DataBank Holdings, Ltd. (United States)",0,16,0.0,0.0,0.19360768053443655,indicative
syncro-fra,"Limestone Networks, Inc. (United States)",0,16,0.0,0.0,0.19360768053443655,indicative
syncro-fra,Amarutu Technology Ltd (Japan),0,63,0.0,0.0,0.05747119958885175,inferential
syncro-fra,UAB Cherry Servers (Germany),0,44,0.0,0.0,0.0802956037584807,inferential
syncro-fra,uvensys GmbH (Germany),0,12,0.0,0.0,0.24249400665524096,indicative
syncro-fra,"The Constant Company, LLC (United Kingdom)",0,8,0.0,0.0,0.32440756488388034,indicative
syncro-fra,"The Constant Company, LLC (Mexico)",0,24,0.0,0.0,0.13797620467498026,inferential
syncro-fra,synlinq.de (Germany),0,52,0.0,0.0,0.06879223612386236,inferential
syncro-fra,GSL Networks Pty LTD (Germany),1,35,0.02857142857142857,0.005061491855444189,0.14533087233613678,inferential
syncro-fra,Danny Nieuwenhuis trading as DedicatedNodes (Netherlands),0,28,0.0,1.3877787807814457e-17,0.12064330476584569,inferential
syncro-fra,ELSOUL LABO B.V. (Netherlands),0,16,0.0,0.0,0.19360768053443655,indicative
syncro-fra,ServeTheWorld AS (Norway),1,8,0.125,0.022417491450056642,0.47088818221285356,indicative
syncro-fra,Sovereign-Sol LLC (United States),0,16,0.0,0.0,0.19360768053443655,indicative
syncro-fra,"Lucky Friday Labs, LLC (United States)",0,24,0.0,0.0,0.13797620467498026,inferential
syncro-fra,UAB Cherry Servers (Singapore),0,40,0.0,0.0,0.08762160119728668,inferential
syncro-fra,Amarutu Technology Ltd (Netherlands),0,52,0.0,0.0,0.06879223612386236,inferential
syncro-fra,Pulsant (Scotland) Ltd (United Kingdom),0,12,0.0,0.0,0.24249400665524096,indicative
syncro-fra,"The Constant Company, LLC (Chile)",0,12,0.0,0.0,0.24249400665524096,indicative
syncro-fra,ReliableSite.Net LLC (United States),1,20,0.05,0.008881448800795402,0.2361311934467421,inferential
syncro-fra,A2B IP B.V. (Netherlands),0,12,0.0,0.0,0.24249400665524096,indicative
syncro-fra,"The Constant Company, LLC (Poland)",0,36,0.0,6.938893903907228e-18,0.0964186285944637,inferential
syncro-fra,ARTERIA Networks Corporation (Japan),0,4,0.0,0.0,0.4898908364545974,suppressed
syncro-fra,"FiberState, LLC (United States)",0,28,0.0,1.3877787807814457e-17,0.12064330476584569,inferential
syncro-fra,Comvive Servidores S.L. (Spain),0,8,0.0,0.0,0.32440756488388034,indicative
syncro-fra,Euroweb Romania S.R.L. (Romania),0,8,0.0,0.0,0.32440756488388034,indicative
syncro-fra,Scalaxy B.V. (Netherlands),0,32,0.0,0.0,0.10717919825507066,inferential
syncro-fra,"The Constant Company, LLC (Germany)",0,24,0.0,0.0,0.13797620467498026,inferential
syncro-fra,Coloblox Data Centers Inc (United States),0,8,0.0,0.0,0.32440756488388034,indicative
syncro-fra,Datacamp Limited (Germany),0,4,0.0,0.0,0.4898908364545974,suppressed
syncro-fra,"Momentum Telecom, Inc. (United States)",0,28,0.0,1.3877787807814457e-17,0.12064330476584569,inferential
syncro-fra,"HIVELOCITY, Inc. (Hong Kong S.A.R.)",0,12,0.0,0.0,0.24249400665524096,indicative
syncro-fra,FDCservers.net (Ireland),0,12,0.0,0.0,0.24249400665524096,indicative
syncro-fra,"The Constant Company, LLC (South Africa)",0,4,0.0,0.0,0.4898908364545974,suppressed
syncro-fra,Versija SIA (Latvia),0,4,0.0,0.0,0.4898908364545974,suppressed
syncro-fra,"Alibaba (US) Technology Co., Ltd. (Germany)",0,12,0.0,0.0,0.24249400665524096,indicative
syncro-fra,"HIVELOCITY, Inc. (United Kingdom)",0,11,0.0,0.0,0.2588329669680318,indicative
syncro-fra,Flexential Colorado Corp. (United States),0,16,0.0,0.0,0.19360768053443655,indicative
syncro-fra,Retsina Technologies LTD. (Canada),0,16,0.0,0.0,0.19360768053443655,indicative
syncro-fra,M247 Europe SRL (Romania),0,4,0.0,0.0,0.4898908364545974,suppressed
syncro-fra,Latitude.sh (Argentina),0,12,0.0,0.0,0.24249400665524096,indicative
syncro-fra,Cloudize Pty Ltd (Australia),0,4,0.0,0.0,0.4898908364545974,suppressed
syncro-fra,Blacknight Internet Solutions Limited (Ireland),0,4,0.0,0.0,0.4898908364545974,suppressed
syncro-fra,"Columbus Networks USA, Inc. (United Kingdom)",0,8,0.0,0.0,0.32440756488388034,indicative
syncro-fra,"Alibaba (US) Technology Co., Ltd. (Japan)",0,4,0.0,0.0,0.4898908364545974,suppressed
syncro-fra,SK Broadband Co Ltd (South Korea),0,8,0.0,0.0,0.32440756488388034,indicative
syncro-fra,velia.net Internetdienste GmbH (Singapore),0,8,0.0,0.0,0.32440756488388034,indicative
syncro-fra,G.Network Communications Limited (United Kingdom),0,4,0.0,0.0,0.4898908364545974,suppressed
syncro-fra,01NODE FUNDING SRL (Romania),0,4,0.0,0.0,0.4898908364545974,suppressed
syncro-fra,Latitude.sh (Mexico),0,4,0.0,0.0,0.4898908364545974,suppressed
syncro-fra,Baytems Holdings Oy (Finland),0,4,0.0,0.0,0.4898908364545974,suppressed
syncro-fra,Cube3 Technologies Ltd (United Kingdom),0,4,0.0,0.0,0.4898908364545974,suppressed
syncro-fra,MEVSPACE sp. z o.o. (Poland),0,4,0.0,0.0,0.4898908364545974,suppressed
syncro-fra,"Cogent Communications, LLC (Germany)",0,4,0.0,0.0,0.4898908364545974,suppressed
syncro-fra,Adman LLC (Russia),0,4,0.0,0.0,0.4898908364545974,suppressed
triton-fra,"The Constant Company, LLC (Singapore)",37,94,0.39361702127659576,0.3008989325900031,0.4946887432167085,inferential
triton-fra,"Payward, Inc. (United States)",94,543,0.1731123388581952,0.1436150146342131,0.20720231226418095,inferential
triton-fra,UAB Cherry Servers (Lithuania),375,1056,0.35511363636363635,0.3268233596373234,0.38445421168877664,inferential
triton-fra,Latitude.sh (Germany),30,665,0.045112781954887216,0.03178049861988068,0.06367031110303904,inferential
triton-fra,"Servers.com, Inc. (United States)",12,77,0.15584415584415584,0.09145872222481811,0.25293707699555856,inferential
triton-fra,Galaxy Digital LP (United States),46,610,0.07540983606557378,0.057010063130655014,0.09912383340481809,inferential
triton-fra,HOSTKEY B.V. (Switzerland),46,108,0.42592592592592593,0.3367922043795637,0.5201481452125188,inferential
triton-fra,"The Constant Company, LLC (Canada)",10,44,0.22727272727272727,0.12841947594917152,0.36992358064636344,inferential
triton-fra,RETN Limited (Germany),22,351,0.06267806267806268,0.04175259803164437,0.09307228680479475,inferential
triton-fra,TeraSwitch Networks Inc. (Germany),150,2399,0.06252605252188412,0.053519764365543204,0.07293113305230739,inferential
triton-fra,TeraSwitch Networks Inc. (Netherlands),285,2279,0.12505484861781482,0.11210203242770442,0.13926954513122866,inferential
triton-fra,Globecomm Network Services Corporation (United Kingdom),110,876,0.12557077625570776,0.10524923897524856,0.14916188995782376,inferential
triton-fra,OVH SAS (Canada),19,836,0.022727272727272728,0.01459731462590785,0.035223349002020135,inferential
triton-fra,"HIVELOCITY, Inc. (Singapore)",40,152,0.2631578947368421,0.19961429964106747,0.3383777048945116,inferential
triton-fra,TeraSwitch Networks Inc. (Singapore),92,360,0.25555555555555554,0.21324433702941653,0.3030284907828336,inferential
triton-fra,UAB Cherry Servers (United States),68,286,0.23776223776223776,0.192104784497935,0.29037090890245204,inferential
triton-fra,UAB Cherry Servers (Netherlands),89,420,0.2119047619047619,0.17552330923493376,0.2535084785629231,inferential
triton-fra,Latitude.sh LTDA (Netherlands),11,286,0.038461538461538464,0.0216097498595022,0.067547470525179,inferential
triton-fra,TeraSwitch Networks Inc. (United States),22,350,0.06285714285714286,0.041872944940744956,0.0933329717998859,inferential
triton-fra,velia.net Internetdienste GmbH (France),4,19,0.21052631578947367,0.0850767663291625,0.4333427844381418,indicative
triton-fra,Latitude.sh (United Kingdom),21,315,0.06666666666666667,0.04401422340615842,0.09976086465876553,inferential
triton-fra,OVH SAS (France),8,76,0.10526315789473684,0.05431126182821909,0.19419946322320508,inferential
triton-fra,TeraSwitch Networks Inc. (Japan),71,859,0.08265424912689173,0.06604553220140785,0.10297909837212285,inferential
triton-fra,"Amazon.com, Inc. (United States)",313,1125,0.2782222222222222,0.2528246159839203,0.3051292524704616,inferential
triton-fra,velia.net Internetdienste GmbH (Germany),64,187,0.3422459893048128,0.2780314474205599,0.41281141049621123,inferential
triton-fra,"Alibaba (US) Technology Co., Ltd. (Singapore)",44,164,0.2682926829268293,0.20635604576152422,0.34083568783040563,inferential
triton-fra,Amarutu Technology Ltd (Hong Kong S.A.R.),6,91,0.06593406593406594,0.03056628647161548,0.13646466199411572,inferential
triton-fra,Delta HighTech Ltd. (Bulgaria),10,16,0.625,0.38641040545502714,0.8151876744113636,indicative
triton-fra,"HIVELOCITY, Inc. (United States)",29,60,0.48333333333333334,0.36175049539732784,0.6069218996740751,inferential
triton-fra,Allnodes Inc (Germany),114,936,0.12179487179487179,0.10237466028834992,0.14430679501966234,inferential
triton-fra,Allnodes Inc (Japan),19,120,0.15833333333333333,0.1037697735941005,0.23409332345868022,inferential
triton-fra,"The Constant Company, LLC (United States)",84,267,0.3146067415730337,0.2618713146484888,0.3726011902956631,inferential
triton-fra,OVH SAS (United Kingdom),6,44,0.13636363636363635,0.06402954497555871,0.2670945304851545,inferential
triton-fra,"Servers.com, Inc. (Netherlands)",8,767,0.010430247718383311,0.00529444844276807,0.02044555112997087,inferential
triton-fra,Butterfly Research (Germany),0,94,0.0,0.0,0.039262076291544754,inferential
triton-fra,TeraSwitch Networks Inc. (United Kingdom),7,377,0.01856763925729443,0.009022637143845373,0.037824832866225545,inferential
triton-fra,"Amazon.com, Inc. (Germany)",50,412,0.12135922330097088,0.09327742181482243,0.1564366377577449,inferential
triton-fra,"The Constant Company, LLC (Japan)",24,108,0.2222222222222222,0.15412547066351984,0.3094008403067896,inferential
triton-fra,Latitude.sh (Brazil),8,148,0.05405405405405406,0.027641464885276364,0.10303074397518,inferential
triton-fra,Datacamp Limited (Netherlands),75,311,0.24115755627009647,0.19695744360988543,0.2916740707940313,inferential
triton-fra,TeraSwitch Networks Inc. (Ireland),70,369,0.1897018970189702,0.15297430581921495,0.23282361288775472,inferential
triton-fra,"HIVELOCITY, Inc. (Netherlands)",45,112,0.4017857142857143,0.3157058067186338,0.49437945788380167,inferential
triton-fra,"The Constant Company, LLC (France)",18,136,0.1323529411764706,0.08538611971088712,0.19951836538733525,inferential
triton-fra,"Limestone Networks, Inc. (Netherlands)",12,24,0.5,0.3142742581957335,0.6857257418042665,inferential
triton-fra,Latitude.sh (Japan),6,56,0.10714285714285714,0.05003935571117071,0.21468445171071485,inferential
triton-fra,UAB Cherry Servers (Sweden),42,304,0.13815789473684212,0.1038630371513907,0.18148338485818807,inferential
triton-fra,Latitude.sh LTDA (United States),54,192,0.28125,0.22242518750874546,0.34865643889545955,inferential
triton-fra,Danny Nieuwenhuis trading as DedicatedNodes (United Kingdom),2,127,0.015748031496062992,0.004329355995751592,0.05560163905253891,inferential
triton-fra,Hurricane Electric LLC (United States),2,112,0.017857142857142856,0.004910811536248817,0.06278048742116135,inferential
triton-fra,"The Constant Company, LLC (Netherlands)",13,36,0.3611111111111111,0.2247559294651537,0.5242492451444196,inferential
triton-fra,Latitude.sh (United States),23,92,0.25,0.17275255342528542,0.3472881412175254,inferential
triton-fra,"The Constant Company, LLC (Brazil)",2,32,0.0625,0.017310567031640967,0.20147123144154586,inferential
triton-fra,Allnodes Inc (United States),9,186,0.04838709677419355,0.025662513776904622,0.08938853437861684,inferential
triton-fra,Latitude.sh (Singapore),54,208,0.25961538461538464,0.20477506762122863,0.3231738024597618,inferential
triton-fra,"Servers.com, Inc. (Singapore)",2,20,0.1,0.027866481213768196,0.3010336452284873,inferential
triton-fra,"WebNX, Inc. (United States)",23,128,0.1796875,0.1228245997451605,0.25521626286755583,inferential
triton-fra,TY15 Infra (Japan),13,63,0.20634920634920634,0.12475319615493828,0.3216981432861334,inferential
triton-fra,Latitude.sh LTDA (Brazil),2,16,0.125,0.03497748774324044,0.36022827265758695,indicative
triton-fra,OVH SAS (Singapore),2,12,0.16666666666666666,0.04696514218385381,0.4480308622529735,indicative
triton-fra,23M GmbH (Germany),17,40,0.425,0.28509392559950375,0.5780493145800893,inferential
triton-fra,Netorn LLC (Russia),0,12,0.0,0.0,0.24249400665524096,indicative
triton-fra,"Servers.com, Inc. (Hong Kong S.A.R.)",4,48,0.08333333333333333,0.032883756818091775,0.19553301790367283,inferential
triton-fra,"Amazon.com, Inc. (Japan)",18,116,0.15517241379310345,0.10046608139198118,0.23198530240087314,inferential
triton-fra,"Limestone Networks, Inc. (Singapore)",6,20,0.3,0.14547724486760422,0.5189728183535234,inferential
triton-fra,Datacamp Limited (United States),41,120,0.3416666666666667,0.26290438368564517,0.4302516856802777,inferential
triton-fra,Butterfly Research (United States),1,36,0.027777777777777776,0.00492040713981047,0.1416971865327386,inferential
triton-fra,RockawayX Infra s.r.o. (Czechia),7,56,0.125,0.06189068695717119,0.2362547655819014,inferential
triton-fra,Inter.link GmbH (Germany),1,12,0.08333333333333333,0.014865094404917095,0.35387991114111705,indicative
triton-fra,VNET a.s. (Slovakia),20,36,0.5555555555555556,0.3958106175569729,0.7045873125991979,inferential
triton-fra,RockawayX Infra s.r.o. (United Arab Emirates),3,42,0.07142857142857142,0.02459040987330592,0.1900942680115832,inferential
triton-fra,AlbHost SH.P.K. (Albania),5,16,0.3125,0.14164643854782027,0.5559564416525933,indicative
triton-fra,Fusix Networks B.V. (Netherlands),6,16,0.375,0.1848123255886363,0.6135895945449727,indicative
triton-fra,Vorboss Limited (United Kingdom),7,16,0.4375,0.23098652405492354,0.6682144360118811,indicative
triton-fra,OVH SAS (Germany),12,172,0.06976744186046512,0.04035717039846791,0.11797556300477412,inferential
triton-fra,Globenet Cabos Submarinos America Inc (Hong Kong S.A.R.),9,36,0.25,0.1375047766299483,0.41070453766728354,inferential
triton-fra,Evolus IT Solutions GmbH (United States),13,32,0.40625,0.2551963484266544,0.5773997512461714,inferential
triton-fra,Amarutu Technology Ltd (United States),4,32,0.125,0.0497013438748007,0.2806830548165023,inferential
triton-fra,"DataBank Holdings, Ltd. (United States)",4,16,0.25,0.10182067491213043,0.4949831653550878,indicative
triton-fra,"Limestone Networks, Inc. (United States)",4,16,0.25,0.10182067491213043,0.4949831653550878,indicative
triton-fra,Amarutu Technology Ltd (Japan),12,63,0.19047619047619047,0.11246191872292464,0.3040678714987455,inferential
triton-fra,UAB Cherry Servers (Germany),8,44,0.18181818181818182,0.09512805715627728,0.3196055088718468,inferential
triton-fra,uvensys GmbH (Germany),4,12,0.3333333333333333,0.1381200910912131,0.6093779111272004,indicative
triton-fra,"The Constant Company, LLC (United Kingdom)",1,8,0.125,0.022417491450056642,0.47088818221285356,indicative
triton-fra,"The Constant Company, LLC (Mexico)",2,24,0.08333333333333333,0.023158815297043348,0.2584880219321069,inferential
triton-fra,synlinq.de (Germany),22,52,0.4230769230769231,0.29868052083500907,0.5580567462609698,inferential
triton-fra,GSL Networks Pty LTD (Germany),4,35,0.11428571428571428,0.04535179333097357,0.25951468646213816,inferential
triton-fra,Danny Nieuwenhuis trading as DedicatedNodes (Netherlands),5,28,0.17857142857142858,0.07878501945604272,0.3559142478934295,inferential
triton-fra,ELSOUL LABO B.V. (Netherlands),7,16,0.4375,0.23098652405492354,0.6682144360118811,indicative
triton-fra,ServeTheWorld AS (Norway),5,8,0.625,0.3057423946026273,0.8631557141764027,indicative
triton-fra,Sovereign-Sol LLC (United States),5,16,0.3125,0.14164643854782027,0.5559564416525933,indicative
triton-fra,"Lucky Friday Labs, LLC (United States)",0,24,0.0,0.0,0.13797620467498026,inferential
triton-fra,UAB Cherry Servers (Singapore),18,40,0.45,0.30705307810904925,0.6017090820106795,inferential
triton-fra,Amarutu Technology Ltd (Netherlands),21,52,0.40384615384615385,0.28159733871858866,0.5393242451513849,inferential
triton-fra,Pulsant (Scotland) Ltd (United Kingdom),7,12,0.5833333333333334,0.31951131254954973,0.8067396863412435,indicative
triton-fra,"The Constant Company, LLC (Chile)",0,12,0.0,0.0,0.24249400665524096,indicative
triton-fra,ReliableSite.Net LLC (United States),8,20,0.4,0.21880653237281705,0.6134184992377469,inferential
triton-fra,A2B IP B.V. (Netherlands),3,12,0.25,0.08894166839405476,0.5323053349335658,indicative
triton-fra,"The Constant Company, LLC (Poland)",16,36,0.4444444444444444,0.2954126874008022,0.6041893824430271,inferential
triton-fra,ARTERIA Networks Corporation (Japan),0,4,0.0,0.0,0.4898908364545974,suppressed
triton-fra,"FiberState, LLC (United States)",15,28,0.5357142857142857,0.358126892344679,0.7046843001720462,inferential
triton-fra,Comvive Servidores S.L. (Spain),2,8,0.25,0.071479212752109,0.5907245696898311,indicative
triton-fra,Euroweb Romania S.R.L. (Romania),2,8,0.25,0.071479212752109,0.5907245696898311,indicative
triton-fra,Scalaxy B.V. (Netherlands),7,32,0.21875,0.11023836252604188,0.3875499364924354,inferential
triton-fra,"The Constant Company, LLC (Germany)",6,24,0.25,0.11999366228595007,0.4489944400515401,inferential
triton-fra,Coloblox Data Centers Inc (United States),1,8,0.125,0.022417491450056642,0.47088818221285356,indicative
triton-fra,Datacamp Limited (Germany),3,4,0.75,0.30064184258240184,0.9544127391902995,suppressed
triton-fra,"Momentum Telecom, Inc. (United States)",3,28,0.10714285714285714,0.03711836682929999,0.2719585154867216,inferential
triton-fra,"HIVELOCITY, Inc. (Hong Kong S.A.R.)",0,12,0.0,0.0,0.24249400665524096,indicative
triton-fra,FDCservers.net (Ireland),5,12,0.4166666666666667,0.1932603136587565,0.6804886874504502,indicative
triton-fra,"The Constant Company, LLC (South Africa)",0,4,0.0,0.0,0.4898908364545974,suppressed
triton-fra,Versija SIA (Latvia),0,4,0.0,0.0,0.4898908364545974,suppressed
triton-fra,"Alibaba (US) Technology Co., Ltd. (Germany)",4,12,0.3333333333333333,0.1381200910912131,0.6093779111272004,indicative
triton-fra,"HIVELOCITY, Inc. (United Kingdom)",4,11,0.36363636363636365,0.1516647109536757,0.6461988254921511,indicative
triton-fra,Flexential Colorado Corp. (United States),6,16,0.375,0.1848123255886363,0.6135895945449727,indicative
triton-fra,Retsina Technologies LTD. (Canada),2,16,0.125,0.03497748774324044,0.36022827265758695,indicative
triton-fra,M247 Europe SRL (Romania),1,4,0.25,0.0455872608097006,0.6993581574175982,suppressed
triton-fra,Latitude.sh (Argentina),1,12,0.08333333333333333,0.014865094404917095,0.35387991114111705,indicative
triton-fra,Cloudize Pty Ltd (Australia),1,4,0.25,0.0455872608097006,0.6993581574175982,suppressed
triton-fra,Blacknight Internet Solutions Limited (Ireland),2,4,0.5,0.15003898915214947,0.8499610108478506,suppressed
triton-fra,"Columbus Networks USA, Inc. (United Kingdom)",6,8,0.75,0.40927543031016883,0.9285207872478909,indicative
triton-fra,"Alibaba (US) Technology Co., Ltd. (Japan)",0,4,0.0,0.0,0.4898908364545974,suppressed
triton-fra,SK Broadband Co Ltd (South Korea),0,8,0.0,0.0,0.32440756488388034,indicative
triton-fra,velia.net Internetdienste GmbH (Singapore),2,8,0.25,0.071479212752109,0.5907245696898311,indicative
triton-fra,G.Network Communications Limited (United Kingdom),0,4,0.0,0.0,0.4898908364545974,suppressed
triton-fra,01NODE FUNDING SRL (Romania),0,4,0.0,0.0,0.4898908364545974,suppressed
triton-fra,Latitude.sh (Mexico),0,4,0.0,0.0,0.4898908364545974,suppressed
triton-fra,Baytems Holdings Oy (Finland),0,4,0.0,0.0,0.4898908364545974,suppressed
triton-fra,Cube3 Technologies Ltd (United Kingdom),2,4,0.5,0.15003898915214947,0.8499610108478506,suppressed
triton-fra,MEVSPACE sp. z o.o. (Poland),0,4,0.0,0.0,0.4898908364545974,suppressed
triton-fra,"Cogent Communications, LLC (Germany)",0,4,0.0,0.0,0.4898908364545974,suppressed
triton-fra,Adman LLC (Russia),2,4,0.5,0.15003898915214947,0.8499610108478506,suppressed
