identity,name,country,continent,dc,stake_sol,scheduled,landed_here,slipped_away,pending_unknown,missed_prune,inclusion_rate,slip_rate,missed_rate,pending_rate,observed_here,received_slipped,p50_ms,p90_ms,p99_ms,min_ms,max_ms,p50_tick_delta,p99_tick_delta
Fd7btgySsrjuo25CJCj7oE7VPMyezDhnx7pZkj2v69Nk,Figment,CA,North America,16276-CA-Beauharnois,15075626,3648,3180,263,2,203,0.8717,0.0721,0.0556,0.0005,3660,480,116.09,239.95,2843.32,98.92,6743.96,18.0,401.27999999999884
HEL1USMZKAL2odpNBj2oCjffnFGaYwmbGmyewGv1e2TU,Helius,DE,Europe,20326-DE-Frankfurt am Main,14354089,3300,2850,62,2,386,0.8636,0.0188,0.117,0.0006,3225,375,21.77,75.86,1522.06,5.2,3890.13,3.0,243.51999999999953
DRpbCBMxVnDK7maPM5tGv6MvB3v1sRMC86PZ8okm21hy,binance staking,US,North America,14618-US-Ashburn,13398682,3240,2840,297,27,76,0.8765,0.0917,0.0235,0.0083,3225,385,138.03,330.26,1556.01,91.25,2540.92,25.0,241.75999999999976
JupmVLmA8RoyTUbTMMuTtoPWHEiNQobxgTeGTrPNkzT,Jupiter,DE,Europe,20326-DE-Frankfurt am Main,12275283,2856,1920,678,14,244,0.6723,0.2374,0.0854,0.0049,2167,247,256.9,376.31,1247.29,222.16,2501.34,41.0,186.6800000000003
q9XWcZ7T1wP4bW9SB4XgNNwjnFEJ982nE8aVbbNuwot,Ledger by Figment,DE,Europe,396356-DE-Frankfurt am Main,8940798,2148,1838,30,0,280,0.8557,0.014,0.1304,0.0,2129,291,25.54,164.76,1434.25,5.86,3235.27,4.0,234.7199999999998
E1r4Psq84tHfQ6aPTvvDka4U3u8zPVD7gEUrH25RdxHL,Bitwise Onchain Solutions,DE,Europe,20326-DE-Frankfurt am Main,7703920,2088,1978,44,0,66,0.9473,0.0211,0.0316,0.0,2311,333,26.58,173.49,2286.29,12.14,3938.31,4.0,326.1000000000008
EvnRmnMrd69kFdbLMxWkTn1icZ7DCceRhvmb2SJXqDo4,Everstake,DE,Europe,213896-DE-Frankfurt am Main,7375104,1896,1646,215,7,28,0.8681,0.1134,0.0148,0.0037,1846,200,140.96,430.01,2392.02,20.6,3609.85,25.0,348.0
JD549HsbJHeEKKUrKgg4Fj2iyv2RGjsV7NTZjZUrHybB,Forward Industries,US,North America,400963-US-Secaucus,7067786,1560,1339,159,30,32,0.8583,0.1019,0.0205,0.0192,1477,138,934.8,1744.21,2818.85,92.34,4514.32,141.0,419.1600000000001
Awes4Tr6TX8JDzEhCZY2QVNimT6iD1zWHzf1vNyGvpLM,Staking Facilities | MEV 🔥,DE,Europe,9002-DE-Frankfurt am Main,6606944,1440,1224,187,2,27,0.85,0.1299,0.0188,0.0014,1381,157,40.61,228.63,1859.57,18.72,3137.34,7.0,248.20000000000005
CAo1dCGYrB6NhHh5xb1cGjUiu86iyCfMTENxgHumSve4,Kraken 2,US,North America,1072-US-America/Chicago,6601969,1494,858,531,9,96,0.5743,0.3554,0.0643,0.006,991,133,341.37,474.93,1100.21,244.92,1972.11,54.0,168.3000000000003
5pPRHniefFjkiaArbGX3Y8NUysJmQ9tMZg3FrFGwHzSm,Kiln1,LU,Europe,7979-LU-Europe/Luxembourg,6457974,1524,1180,320,2,22,0.7743,0.21,0.0144,0.0013,1336,156,215.57,401.67,1268.32,195.14,1697.87,32.0,211.0
9eGrDohdNTAo61DRHyfMuqKWXqYnA3i254Wiszxe8FoY,Galaxy,GB,Europe,400963-GB-Europe/London,6449388,1524,1304,142,32,46,0.8556,0.0932,0.0302,0.021,1445,141,901.85,1670.42,3159.91,30.92,5246.01,139.0,488.63999999999896
9jxgosAfHgHzwnxsHw4RAZYaLVokMbnYtmiZBreynGFP,,NL,Europe,20326-NL-Amsterdam,5522616,1560,1213,54,10,283,0.7776,0.0346,0.1814,0.0064,1365,152,47.05,195.66,1703.32,23.41,3676.36,20.0,269.8799999999992
5Cchr1XGEg7dbBXByV5NY2ad8jfxAM7HA3x8D56rq9Ux,Upbit Staking,US,North America,16509-US-Boardman,5380481,1116,776,110,0,230,0.6953,0.0986,0.2061,0.0,871,95,172.24,235.44,983.68,154.97,5469.77,29.0,124.79999999999927
9rkJMARqK6VBkcxGfKBAwnA44gPAfGxPbPsfsggFNDSQ,,DE,Europe,16509-DE-Frankfurt am Main,4641993,1128,995,82,0,51,0.8821,0.0727,0.0452,0.0,1163,168,96.07,201.85,1477.22,81.0,3397.78,17.0,242.51999999999953
EkvdKhULbMFqjKBKotAzGi3kwMvMpYNDKJXXQQmi6C1f,,NL,Europe,262287-NL-Amsterdam,4025448,960,403,136,1,420,0.4198,0.1417,0.4375,0.001,522,119,269.26,472.96,1537.71,233.25,3315.12,41.0,237.15999999999985
BtsmiEEvnSuUnKxqXj2PZRYpPJAc7C34mGz8gtJ1DAaH,,DE,Europe,20326-DE-Frankfurt am Main,3966804,816,305,137,6,368,0.3738,0.1679,0.451,0.0074,382,77,261.74,361.93,1414.32,30.79,1845.29,40.0,203.60999999999996
FBKFWadXZJahGtFitAsBvbqh5968gLY7dMBBJUoUjeNi,,IE,Europe,20326-IE-Dublin,3944611,936,365,169,5,397,0.39,0.1806,0.4241,0.0053,447,82,282.78,431.65,1660.11,245.55,2075.19,43.0,248.62000000000006
J6etcxDdYjPHrtyvDXrbCkx3q9W1UjMj1vy1jBFPJEbK,,US,North America,20326-US-Newark,3886361,732,285,392,0,55,0.3893,0.5355,0.0751,0.0,347,62,486.77,786.35,3254.85,312.28,3475.69,79.0,482.7000000000001
5ZqveVffQPiUbkjBg4KD9kib1MKHLqiFno4ke9jSq9qk,,DE,Europe,20326-DE-Frankfurt am Main,3884611,888,374,148,0,366,0.4212,0.1667,0.4122,0.0,454,80,265.1,420.64,5918.8,226.62,6253.16,40.0,921.1599999999992
A1vqhA2fS6K7CvHsJKX1ACcHJFEmyRg4KuR5pctHANy4,,NL,Europe,20326-NL-Amsterdam,3792772,816,365,124,0,327,0.4473,0.152,0.4007,0.0,452,87,265.2,385.01,1592.82,232.64,3808.31,41.0,250.9000000000001
FNKgX9dYUhYQFRTM9bkeKoRpsyEtZGNMxbdQLDzfqB8a,Coinbase 04,NL,Europe,20326-NL-Amsterdam,3789571,888,370,106,0,412,0.4167,0.1194,0.464,0.0,423,53,266.56,389.31,1296.3,232.35,1920.93,41.0,200.13999999999965
Hz5aLvpKScNWoe9YZWxBLrQA3qzHJivBGtfciMekk8m5,,GB,Europe,20326-GB-City of London,3758984,768,328,110,0,330,0.4271,0.1432,0.4297,0.0,391,63,270.5,355.26,1153.26,235.86,1472.77,41.0,170.3000000000003
DWvDTSh3qfn88UoQTEKRV2JnLt5jtJAVoiCo3ivtMwXP,P2P.org,NL,Europe,7979-NL-Europe/Amsterdam,3648535,852,727,116,0,9,0.8533,0.1362,0.0106,0.0,811,84,233.34,261.65,1018.73,216.83,2316.41,33.0,155.49999999999943
shftkxnsXmqAkmLgz9Mn7bNB5Fr6mKgFc58kFHfVikj,blueshift,DE,Europe,395201-DE-Rüsselsheim am Main,3603886,720,480,177,0,63,0.6667,0.2458,0.0875,0.0,562,82,257.68,359.28,1295.21,73.6,1729.12,41.0,196.0
5EhGYUyQNrxgUbuYF4vbL2SZDT6RMfhq3yjeyevvULeC,,JP,Asia,20326-JP-Tokyo,3598006,864,623,90,0,151,0.7211,0.1042,0.1748,0.0,712,89,201.59,295.09,1191.47,156.3,2067.44,36.0,187.89999999999986
9UM8wQ8F5oMiRcP5YdqD6Lr4krpBWCD8LtgQYoisJd9i,,DE,Europe,396356-DE-Frankfurt am Main,3539561,828,386,175,2,265,0.4662,0.2114,0.32,0.0024,491,105,267.28,414.18,1667.37,232.35,4233.94,41.0,262.8000000000002
GoeW4aFK4dGoekJySgUynWDxBZiQJqm8GDAF4H53tDK9,Twinstake,NL,Europe,214434-NL-Europe/Amsterdam,3173448,672,422,182,8,60,0.628,0.2708,0.0893,0.0119,491,69,326.2,476.95,1499.86,235.11,2579.82,49.0,233.6000000000006
BkoS26vBuaXnSowACdChi4WKid8UwmuPNhEJWa8KsLHd,,DE,Europe,16509-DE-Frankfurt am Main,3033588,756,664,62,0,30,0.8783,0.082,0.0397,0.0,749,85,95.67,183.2,1302.16,81.6,2119.6,17.0,216.39999999999964
krakeNd6ednDPEXxHAmoBs1qKVM8kLg79PvWF2mhXV1,Kraken,IE,Europe,1072-IE-Dublin,2945049,696,605,29,11,51,0.8693,0.0417,0.0733,0.0158,695,90,74.31,271.85,1597.24,29.85,1951.71,14.0,252.1199999999999
6y7V8dL673XFzm9QyC5vvh3itWkp7wztahBd2yDqsyrK,,LT,Europe,16125-LT-Vilnius,2916667,780,659,25,0,96,0.8449,0.0321,0.1231,0.0,729,70,52.6,90.16,903.62,37.22,1550.42,9.0,138.16000000000008
DrifTrN923QaouP89UxkQzFGbumKPCnfkNYQRwmZxatz,Drift,NL,Europe,20326-NL-Amsterdam,2909141,816,773,42,0,1,0.9473,0.0515,0.0012,0.0,852,79,65.97,175.17,1063.93,14.66,1899.84,13.0,181.15000000000032
7cVfgArCheMR6Cs4t6vz5rfnqd56vZq4ndaBrY5xkxXy,Blockdaemon 🧱👿 Validator,NL,Europe,20326-NL-Amsterdam,2745020,588,508,15,0,65,0.8639,0.0255,0.1105,0.0,609,101,30.84,421.18,2545.93,13.64,3490.59,5.0,362.5999999999998
3psxMyr7rQzywVp1MXKd1XFmFz33NjydzCoJx9t2sMQW,OtterSec,US,North America,395201-US-Sterling,2705770,636,285,282,6,63,0.4481,0.4434,0.0991,0.0094,318,33,366.17,517.53,1120.05,311.06,1741.59,58.0,174.91999999999962
GBQ2GvTzmjXMu97dr7WUnLKYTNim1aoZsYS53KYXAAAA,Bitwise Onchain Solutions | Jito BAM,NL,Europe,60068-NL-Amsterdam,2669328,744,657,57,0,30,0.8831,0.0766,0.0403,0.0,737,80,73.18,353.89,1771.29,20.35,2191.18,14.0,249.1199999999999
CoG8d9Fp2TFJRkAmrPMiPsGhQWHzdTTVoegEp9svRgmJ,Nansen | Stake to Stack Points,SG,Asia,29802-SG-Singapore,2665097,624,485,82,0,57,0.7772,0.1314,0.0913,0.0,570,85,205.43,476.04,2014.07,161.36,2436.86,37.0,284.6199999999999
5ejbTALcBsKQ7Cj1iSuu2mY5jqbYHqh9gF5ERXLiYj1z,,LT,Europe,16125-LT-Vilnius,2502415,564,477,22,0,65,0.8457,0.039,0.1152,0.0,555,78,53.57,191.86,2624.08,38.12,3825.98,9.0,339.50000000000273
GSTampk6BJRKSDkzhaMM49R7qRx98MTPYYWvKbp83XKc,,NL,Europe,59642-NL-Amsterdam,2502415,756,632,12,0,112,0.836,0.0159,0.1481,0.0,723,91,26.3,144.75,1513.75,11.62,1897.34,4.0,248.1199999999999
GQzMeEMwAR44ugoNCifTb5NdRKos1GduDUPeNh6AgV46,,JP,Asia,20326-JP-Tokyo,2502395,696,500,55,0,141,0.7184,0.079,0.2026,0.0,597,97,175.88,298.02,1532.47,156.95,2360.28,30.0,233.15999999999985
BSVckjdW2f8kcXPGcrPPtV9kUDBZ8w8PjrrGVnxgEdwq,,LT,Europe,16125-LT-Vilnius,2502391,636,533,25,0,78,0.8381,0.0393,0.1226,0.0,612,79,54.29,180.42,1573.41,37.95,2819.97,9.0,233.35999999999967
76rcGHdPvgs8G1XrzCXUTWtwgT59AFDvpB4VbTS2TBBJ,,NL,Europe,20326-NL-Amsterdam,2502383,660,617,21,0,22,0.9348,0.0318,0.0333,0.0,688,71,25.76,86.97,803.13,12.68,1982.93,4.0,120.38999999999999
3SkE34PVeGck2ArEffFKjihrQgURsvnoTAhitsNXNzXd,,SE,Europe,214159-SE-Stockholm,2500000,480,399,19,0,62,0.8312,0.0396,0.1292,0.0,442,43,47.5,126.26,994.58,30.87,1608.33,8.0,150.62999999999857
HpcB5Qg8Y9E73dUkot5e8HkgAJbExsYeUzniY4bCuKac,,LT,Europe,16125-LT-Vilnius,2500000,744,646,26,0,72,0.8683,0.0349,0.0968,0.0,737,91,55.62,159.34,1172.31,37.94,1783.05,9.0,185.64
DUND26mEDfFeaPsVof3YvbXDRvpuQX7HMUJrLgEWzYw4,,JP,Asia,20326-JP-Tokyo,2499999,672,457,58,0,157,0.6801,0.0863,0.2336,0.0,560,103,173.4,394.44,2061.64,156.19,2469.55,30.0,280.4799999999991
Aw5wEMXhbygFLR7jHtHpih8QvxVBGAMTqsQ2SjWPk1ex,,NL,Europe,20326-NL-Amsterdam,2499999,492,471,15,0,6,0.9573,0.0305,0.0122,0.0,546,75,25.85,134.16,1393.83,12.23,2412.63,4.0,222.64999999999804
2GUnfxZavKoPfS9s3VSEjaWDzB3vNf5RojUhprCS1rSx,,JP,Asia,20326-JP-Tokyo,2499999,468,342,38,0,88,0.7308,0.0812,0.188,0.0,391,49,173.03,218.51,856.95,157.51,1781.93,30.0,112.70000000000016
6WgdYhhGE53WrZ7ywJA15hBVkw7CRbQ8yDBBTwmBtAHN,Luganodes,DE,Europe,29066-DE-Frankfurt am Main,2497362,576,485,38,9,44,0.842,0.066,0.0764,0.0156,549,64,58.0,272.59,1377.5,9.86,1863.48,12.0,221.03999999999996
9W3QTgBhkU4Bwg6cwnDJo6eGZ9BtZafSdu1Lo9JmWws7,Coinbase 03,JP,Asia,20326-JP-Tokyo,2428580,672,367,230,0,75,0.5461,0.3423,0.1116,0.0,445,78,423.36,820.01,2613.59,397.3,3033.31,67.0,371.64000000000004
FbYX2uN573G5WsgiPdHU6fS5PNUyjdXfGfpZNkYUuT4k,,SE,Europe,214159-SE-Stockholm,2409417,528,442,23,0,63,0.8371,0.0436,0.1193,0.0,504,62,46.84,161.45,2642.04,31.69,3477.76,8.0,370.0699999999991
22rU5yUmdVThrkoPieVNphqEyAtMQKmZxjwcD8v4bJDU,,NL,Europe,20326-NL-Amsterdam,2322629,516,493,6,0,17,0.9554,0.0116,0.0329,0.0,580,87,24.78,210.62,1551.62,12.15,2021.33,4.0,246.26000000000022
Fc6NNdS2j3EmrWbU6Uqt6wsKB5ef72NjaWfNxKYbULGD,OKX Earn,SG,Asia,45102-SG-Asia/Singapore,2299754,636,534,86,0,16,0.8396,0.1352,0.0252,0.0,596,62,207.59,301.49,1040.08,163.87,3414.97,38.0,143.8499999999974
7qGNnXKW1e3DsqEaSxwxMdBTFsrK73XtWTmkGitRyMQc,Alchemy,FR,Europe,16276-FR-Roubaix,2189791,408,336,9,5,58,0.8235,0.0221,0.1422,0.0123,396,60,60.7,751.59,4169.04,11.76,4919.46,12.0,544.05
HnfPZDrbJFooiP9vvgWrjx3baXVNAZCgisT58gyMCgML,,SG,Asia,20326-SG-Singapore,2182665,624,509,73,0,42,0.8157,0.117,0.0673,0.0,575,66,171.05,254.56,1158.18,156.8,2619.74,30.0,327.47999999999956
AEHqTB2RtJjegsR2ePjvoJSm6AA5pnYKWVbcsn6kqTBD,,NL,Europe,59642-NL-Amsterdam,2083334,420,371,9,0,40,0.8833,0.0214,0.0952,0.0,419,48,27.57,119.35,1353.25,11.42,2417.7,4.0,207.27999999999997
FBbqKvwLfKGZrKrfSbPJz4ymQ7zMarhRyZtu1RBkSe89,,NL,Europe,7979-NL-Europe/Amsterdam,2051096,492,419,42,10,21,0.8516,0.0854,0.0427,0.0203,483,64,116.3,330.13,3285.16,97.99,3757.08,35.0,519.0600000000002
ana2y2YvQ3ZPMwm6qhnN3nJoUSiT3qx5Pvetkq9xcfY,Anagram Staking,FR,Europe,20473-FR-Aubervilliers,2038800,528,433,9,0,86,0.8201,0.017,0.1629,0.0,497,64,36.44,187.81,1464.96,19.6,1833.88,6.0,227.08000000000004
AWcCdYG7Dy6GX45c6QMPbgGwgRZPKcBDT4bXGb3QrVRV,,CH,Europe,57043-CH-Zurich,2013800,420,371,30,0,19,0.8833,0.0714,0.0452,0.0,410,39,66.49,188.6,488.05,21.94,1414.82,13.0,76.36999999999978
5TGfVQV1S3wHE9hkgGaQkRoPC7xZxiqwMcjQZxVYsf1j,Sanctum,DE,Europe,396356-DE-Frankfurt (Oder),2010265,444,390,7,0,47,0.8784,0.0158,0.1059,0.0,450,60,21.65,194.99,4146.55,6.1,5582.98,3.0,409.37999999999965
2m1A2WM1vte7RWz5xTTw4i1SiXmngVtXhqFERaUjoAAb,,US,North America,204770-US-Chicago,2005488,480,400,41,24,15,0.8333,0.0854,0.0312,0.05,459,59,153.39,284.16,2815.01,103.18,3758.21,28.0,431.20000000000016
BUv44cVtsdvU9z2BfFGk6s5JZZWrmVnq5qCaii5ARyyB,,NL,Europe,20326-NL-Amsterdam,1937411,432,399,25,0,8,0.9236,0.0579,0.0185,0.0,441,42,65.36,170.7,1481.3,15.77,7274.02,13.0,240.2000000000013
FzQqaDStQQHs52YKeCnDovwSqvyZBCgs2kJcmvoFZwaS,,SG,Asia,20326-SG-Singapore,1881605,444,347,67,0,30,0.7815,0.1509,0.0676,0.0,386,39,205.55,287.95,1572.29,164.62,2239.41,38.0,218.39999999999964
DNVZMSqeRH18Xa4MCTrb1MndNf3Npg4MEwqswo23eWkf,Firedancer Development,DE,Europe,20326-DE-Frankfurt am Main,1875709,396,285,11,4,96,0.7197,0.0278,0.2424,0.0101,315,30,43.88,159.24,874.43,20.58,1296.67,18.0,167.86
7QQGNm3ptwinipDCyaCF7jY5katgmFUu1ieP2f7nwLpE,,LT,Europe,16125-LT-Vilnius,1875000,492,308,16,0,168,0.626,0.0325,0.3415,0.0,369,61,69.52,226.64,2139.85,50.95,3470.17,11.0,329.5599999999991
3JotfSFPaod4KVK7nj7ULvcq5PjUBdZNVGracNkJNhrt,,DE,Europe,20326-DE-Frankfurt am Main,1837000,492,427,16,0,49,0.8679,0.0325,0.0996,0.0,478,51,55.35,231.82,2255.29,9.43,2988.36,10.0,267.6800000000003
HbidP4hpQdwhkzrxder3x3VNPt6DQnE25gFG46napD2p,,NL,Europe,20326-NL-Amsterdam,1835664,396,370,26,0,0,0.9343,0.0657,0.0,0.0,420,50,71.03,194.23,1388.1,15.76,1986.26,14.0,222.35000000000008
CW9C7HBwAMgqNdXkNgFg9Ujr3edR2Ab9ymEuQnVacd1A,Coinbase 02,GB,Europe,20326-GB-City of London,1718861,360,191,45,0,124,0.5306,0.125,0.3444,0.0,222,31,269.16,419.77,1271.84,34.37,1568.81,43.0,204.0199999999997
EUcJwf7jXskRE6NZBtFPVH2EedNvNYko8LL2WT62XctB,StakeBowl,DE,Europe,395201-DE-Offenbach,1530007,420,344,26,1,49,0.819,0.0619,0.1167,0.0024,386,42,86.65,116.21,1567.18,69.83,1868.7,15.0,238.7499999999999
7y5VhV4fkz6r4zUmH2UiwPjLwXzPL1PcV28or5NWkWRL,Haus – Best APY & No Fees,DE,Europe,395201-DE-Fechenheim,1525187,336,287,17,0,32,0.8542,0.0506,0.0952,0.0,332,45,63.06,396.01,1899.94,8.88,3260.32,12.0,300.6399999999999
6aDs9tUm2gErcPn2c1TZnp5cu2bQV9BzyuwW4baWQYd4,Coinbase 05,IE,Europe,20326-IE-Dublin,1516901,384,353,14,0,17,0.9193,0.0365,0.0443,0.0,400,47,68.91,162.07,3916.5,28.68,4363.32,14.0,454.0899999999999
pSoLoZx55zZz61gjxSTwHtwTg4yTwdm7ruBmyjbYgT2,,NL,Europe,55285-NL-Amsterdam,1491918,432,282,115,4,31,0.6528,0.2662,0.0718,0.0093,334,52,354.04,1087.7,2736.03,41.79,3583.57,57.0,364.0400000000002
FZ4MT1HYJHd9GK8D5mJ9f3r7irLaDL5NxBNLjGqrLqs9,,NL,Europe,20326-NL-Amsterdam,1468142,384,347,25,0,12,0.9036,0.0651,0.0312,0.0,407,60,71.58,577.89,2306.0,20.23,3360.2,14.0,409.64
GYx8kpp7SsRwtQEEsGQjAxb4hFMMmT91kFJuDeky3YGQ,,JP,Asia,20326-JP-Tokyo,1467136,348,243,34,0,71,0.6983,0.0977,0.204,0.0,262,19,201.0,273.11,1048.17,158.01,1795.78,36.0,167.86999999999955
6TkKqq15wXjqEjNg9zqTKADwuVATR9dW3rkNnsYme1ea,melea 🚀 SOL 🤑2K,NL,Europe,29802-NL-Amsterdam,1460528,312,294,12,0,6,0.9423,0.0385,0.0192,0.0,331,37,70.25,190.6,779.83,19.02,1733.05,13.0,127.0
CG4tRANBKrzUmpv93V5sgftjQznBdiJsc2yPCzZWWuS9,Bybit Staking,NL,Europe,7979-NL-Europe/Amsterdam,1454992,300,253,47,0,0,0.8433,0.1567,0.0,0.0,279,26,232.93,254.32,343.17,216.28,456.25,36.0,52.31999999999982
722RdWmHC5TGXBjTejzNjbc8xEiduVDLqZvoUGz6Xzbp,Solflare,NL,Europe,20326-NL-Amsterdam,1448414,264,238,19,0,7,0.9015,0.072,0.0265,0.0,279,41,69.52,341.4,1413.92,21.29,1642.22,14.0,217.95999999999947
EXckihF3qmguH5znjhfzLvHsbk2E3nEW2DqNh4MMnDMm,,DE,Europe,20326-DE-Frankfurt am Main,1438712,288,250,23,3,12,0.8681,0.0799,0.0417,0.0104,270,20,418.51,1528.97,2252.85,54.08,2871.88,45.0,236.65000000000003
C1ocKDYMCm2ooWptMMnpd5VEB2Nx4UMJgRuYofysyzcA,Overclock,US,North America,60068-US-New York,1405907,312,276,28,0,8,0.8846,0.0897,0.0256,0.0,296,20,122.95,175.28,475.1,87.55,1761.97,23.0,61.05000000000001
Ninja1spj6n9t5hVYgF3PdnYz2PLnkt7rvaw3firmjs,Shinobi Systems 🚀 stakeview.app,CA,North America,6939-CA-Vancouver,1402710,408,275,116,0,17,0.674,0.2843,0.0417,0.0,347,72,463.65,693.45,2956.96,446.56,3415.37,72.0,445.6400000000003
ChorusmmK7i1AxXeiTtQgQZhQNiXYU84ULeaYF1EH15n,Bitwise Onchain Solutions 02,NL,Europe,60068-NL-Amsterdam,1378782,360,246,30,0,84,0.6833,0.0833,0.2333,0.0,293,47,143.63,175.17,1174.78,125.44,1726.93,22.0,201.75999999999965
A9mvukTd77EbRoBX4ydSCFQHdu5bsRFkNXTTRstA8FAC,,DE,Europe,16276-DE-Frankfurt am Main,1376040,204,169,4,0,31,0.8284,0.0196,0.152,0.0,192,23,23.74,121.38,1565.49,7.94,1668.35,4.0,243.54000000000002
CMPSSdrTnRQBiBGTyFpdCc3VMNuLWYWaSkE8Zh5z6gbd,Solana Compass 🧭 Solana For The People,JP,Asia,20473-JP-Minamishinagawa,1359963,264,181,33,0,50,0.6856,0.125,0.1894,0.0,226,45,208.26,1283.84,3174.59,161.49,3354.88,38.0,493.0
CfgRXmp1LEYr97EaT2RyoL2cSvtWgJh52Bes89RxVSoW,Blockman,DE,Europe,20326-DE-Frankfurt am Main,1341051,312,275,9,0,28,0.8814,0.0288,0.0897,0.0,308,33,66.08,255.82,493.65,12.97,1280.84,11.0,79.30000000000007
DTSUkYHd2e9P2HLyZfbLarsbDdPhQUhZnWjRYuJZQRC8,Temporal Emerald,NL,Europe,55285-NL-Amsterdam,1339875,324,195,108,0,21,0.6019,0.3333,0.0648,0.0,229,34,329.16,476.99,1612.81,232.08,1865.88,52.0,262.8399999999999
AMukCLCr52XxsEjXoDxKKxjNg4FpnsReXNaQx8aR6DJF,,NL,Europe,20326-NL-Amsterdam,1332258,240,133,94,0,13,0.5542,0.3917,0.0542,0.0,175,42,356.93,1635.0,3934.16,232.81,4173.56,56.0,567.5199999999995
privaEdSEmnMPGPoQACUkcDGkFBbTArVvsEGd7C5wUM,,DE,Europe,20326-DE-Frankfurt am Main,1324631,372,238,125,0,9,0.6398,0.336,0.0242,0.0,258,20,304.5,443.1,557.51,229.36,600.36,49.0,87.0
G3a3iYZKNLbivothF3twqcaTCEvoPb9uJ2bFc9DNKkBQ,,DE,Europe,20326-DE-Frankfurt am Main,1324631,492,285,35,0,172,0.5793,0.0711,0.3496,0.0,330,45,66.62,245.94,555.1,14.42,637.0,12.0,82.25999999999988
HLnodbYkL5PFA8hjAZDkm5pGzV7eLTvcs671AW2L6St9,PoH PoS,US,North America,262287-US-Chicago,1265774,276,246,29,0,1,0.8913,0.1051,0.0036,0.0,267,21,166.91,300.44,633.58,106.43,1629.31,31.0,93.7999999999995
5Us18hLZPXJTS4QVuGSsUw137Dyd2tgBaem24Xsf5nBS,,SE,Europe,214159-SE-Stockholm,1207979,300,140,4,0,156,0.4667,0.0133,0.52,0.0,171,31,62.34,349.93,1424.57,44.29,1640.96,11.0,216.90000000000003
PUmpKiNnSVAZ3w4KaFX6jKSjXUNHFShGkXbERo54xjb,Pumpkin's Pool ❤️,JP,Asia,396356-JP-Tokyo,1177850,228,182,26,2,18,0.7982,0.114,0.0789,0.0088,202,20,216.14,595.49,2324.09,161.07,2658.15,40.0,360.7500000000002
5essVpBYvocZkQnkrWsMDfRPwtp4BeihJRaweKLR4dRn,Certora Validator,GB,Europe,262287-GB-London,1052898,264,252,12,0,0,0.9545,0.0455,0.0,0.0,285,33,68.68,182.51,1706.4,21.14,2186.78,13.0,274.6400000000001
8tjFeSApQ85ThoQXT28acfF2KUfQr3TvTdirSkzNnYC7,,CA,North America,16276-CA-Beauharnois,1051888,336,302,25,0,9,0.8988,0.0744,0.0268,0.0,333,31,106.0,135.43,373.23,91.34,1372.96,17.0,40.440000000000055
84gC25fbFKYueR9WEfreUysk1n3ZFxLFDDjbyqeqGpoW,,DE,Europe,137409-DE-Frankfurt am Main,1043037,324,234,52,15,23,0.7222,0.1605,0.071,0.0463,259,25,387.78,1287.98,2669.05,58.59,3133.38,41.0,256.2799999999996
G2TBEh2ahNGS9tGnuBNyDduNjyfUtGhMcssgRb8b6KfH,AG 0% fee + ALL MEV profit share,DE,Europe,16276-DE-Frankfurt,1028094,228,194,2,0,32,0.8509,0.0088,0.1404,0.0,223,29,25.06,208.67,1180.22,6.32,1652.31,4.0,177.0
G9vCpJUUSpEm4zPwzSNpDmZ8MGwLEbiSLV59EBzCGvzM,AP Node,JP,Asia,16509-JP-Tokyo,1017001,396,269,45,0,82,0.6793,0.1136,0.2071,0.0,320,51,215.94,625.91,2290.25,170.27,2768.07,39.0,277.53000000000003
GmCxjmjKZoaKN1DKunbYq8RCYib94Nm3sHyncFfofaF5,Rocket,LT,Europe,16125-LT-Europe/Vilnius,1005725,180,166,7,0,7,0.9222,0.0389,0.0389,0.0,187,21,54.68,121.01,1289.96,40.0,1501.07,9.0,469.63999999999965
vu1sGn2f1Xim6voHNLt4nLn38zNkYdLasU7hEr1TC2D,Allnodes ⚡️ 0% fee,DE,Europe,395201-DE-Offenbach,1005028,240,206,21,0,13,0.8583,0.0875,0.0542,0.0,218,12,86.72,104.3,170.11,71.66,345.42,15.0,26.319999999999936
8uJiHDJ1b7UDQ4KFsQGJXK9nUCkokdKRJymg1Wy9nxvM,Alpha,LT,Europe,16125-LT-Europe/Vilnius,1003331,204,178,5,0,21,0.8725,0.0245,0.1029,0.0,197,19,54.97,141.84,507.54,38.23,956.18,9.0,61.03999999999999
6ptuwW4rg5A3wP9hNKxeymG3QhSagugPd3grnMTGJwWG,,GB,Europe,20326-GB-City of London,1000001,216,139,19,0,58,0.6435,0.088,0.2685,0.0,152,13,50.88,154.11,580.13,29.71,662.04,24.0,127.90000000000009
Ha1iade1AH3B12K9SccfWoPdFtQKKQsj2ZyWwxcjqJJU,Ha1iad3,JP,Asia,395201-JP-Asia/Tokyo,997643,204,101,66,0,37,0.4951,0.3235,0.1814,0.0,133,32,393.98,1410.67,2898.83,366.77,3609.4,63.0,390.68
58KprHKFNHgH1Cvo4QwxWkDeJNaSQVteCoAAFUWjtESn,Flash,LT,Europe,16125-LT-Europe/Vilnius,972283,276,240,12,0,24,0.8696,0.0435,0.087,0.0,274,34,54.49,207.24,1398.29,38.67,1854.22,9.0,209.3499999999999
FWwwP9tNttSy9dJFxwf6ebXWfc6VJXqFNMTccrMiLFTH,Quatro,LT,Europe,16125-LT-Europe/Vilnius,915954,228,203,9,0,16,0.8904,0.0395,0.0702,0.0,222,19,53.4,74.69,1099.35,38.19,1578.8,9.0,164.39999999999952
t23p8aBQN6P6tziMuN5XPmzqVRrip9oes7KuQwSmate,Solmate - RockawayX powered,AE,Asia,205064-AE-Asia/Dubai,897387,192,113,36,0,43,0.5885,0.1875,0.224,0.0,140,27,180.63,449.09,1688.46,150.19,1869.78,32.0,240.22999999999936
AiDoLWFKzNxSXKeZ4zym2TEPkg6F4kQ3YBA8WhANVPEq,AiDoL,DE,Europe,396356-DE-Frankfurt am Main,879262,144,120,8,0,16,0.8333,0.0556,0.1111,0.0,139,19,59.57,226.74,1232.3,8.71,1389.95,12.0,159.9200000000003
HH5dA42XF1HxNk1TRpG6LuKfLViMYNdAz5iWrFM4hWFi,Trust Nodes,NL,Europe,7979-NL-Europe/Amsterdam,870004,192,161,14,0,17,0.8385,0.0729,0.0885,0.0,231,70,43.33,1306.11,3709.17,15.07,3854.61,7.0,583.2999999999995
VQwCCSfW3o5NDx7n5FBr9SoYiLXVgetstHvaWBvv2YH,,DE,Europe,20326-DE-Frankfurt am Main,851276,180,139,24,1,16,0.7722,0.1333,0.0889,0.0056,155,16,187.03,425.82,609.52,100.89,625.28,42.0,91.30000000000004
Ex1AxFCipXGfSxgvXPPT3nPQUARddCduHwKR6jHiXAaT,,NL,Europe,20326-NL-Amsterdam,845247,168,69,36,0,63,0.4107,0.2143,0.375,0.0,80,11,264.92,396.87,607.0,240.98,770.9,40.5,75.33999999999966
6xWLi1TDSh65fWsSqE1zdvANTSuVDRMx4ghsGJwgunS8,Solana Validator,DE,Europe,395201-DE-Fechenheim,830345,216,178,11,0,27,0.8241,0.0509,0.125,0.0,197,19,87.24,109.07,269.13,72.37,1532.18,15.0,42.079999999999984
BXAxLMMMUNYfC1z166VjWHR3WjTmqzLxB837o5ghmRtH,,IE,Europe,20326-IE-Dublin,817084,264,240,14,0,10,0.9091,0.053,0.0379,0.0,273,33,88.64,287.34,1020.75,36.18,1405.38,16.0,166.39999999999986
4mtXJ5pUcMMB4t8cLbi7zfDJCHfYLRrQb4qSLmh57sKL,,IE,Europe,20326-IE-Dublin,785025,192,169,17,0,6,0.8802,0.0885,0.0312,0.0,191,22,448.41,1439.36,2774.15,54.93,3185.48,46.0,268.29999999999995
ACvL73V4GNnxPVfZ7K89jCrYurLyzpEuE9qirjvh2Xmi,Kiln2,LU,Europe,7979-LU-Europe/Luxembourg,778399,192,143,46,0,3,0.7448,0.2396,0.0156,0.0,171,28,238.43,461.29,3667.5,217.58,4228.34,37.0,574.9000000000001
6M53yM6dsE6hiaHgxWvYa4fsfzQTGyAZn7rM6JrzbqJV,Pier Two,DE,Europe,16276-DE-Frankfurt am Main,772998,144,136,2,0,6,0.9444,0.0139,0.0417,0.0,178,42,32.58,712.47,2958.36,16.98,3268.14,6.0,450.11999999999955
7PdKhpKz7T39vZHFL1UfcYNDsLvay6hp4KPQq1aUckFf,Alpha Pro | High APY🚀 100% Reliable ⭐ VIP Services,NL,Europe,20326-NL-Europe/Amsterdam,763124,180,142,2,0,36,0.7889,0.0111,0.2,0.0,156,14,172.22,331.69,646.27,27.98,719.11,30.0,95.39999999999986
6XKqyUVUcpe3CNucjF6gk5zonJDqNGvob6kaTy4Ps1U,Solana Mobile Validator,US,North America,60068-US-Dallas,753541,240,183,28,0,29,0.7625,0.1167,0.1208,0.0,217,34,172.2,321.47,2716.34,129.47,2850.12,32.0,413.08000000000015
9WzPWqKSqbE5PT9hMsmCDFjzpurAXEYCE9qrpVWp28KR,,NL,Europe,59642-NL-Amsterdam,753475,108,101,4,0,3,0.9352,0.037,0.0278,0.0,116,15,36.38,76.32,202.27,24.74,256.87,6.0,33.39999999999998
H8fHToVcZPi5bupGZohGPX2SWs8NHzgFKQ31wi5n6oux,,NL,Europe,59642-NL-Amsterdam,751834,204,137,23,0,44,0.6716,0.1127,0.2157,0.0,157,20,46.11,266.19,439.3,24.26,1274.68,9.0,65.88
XkCriyrNwS3G4rzAXtG5B1nnvb5Ka1JtCku93VqeKAr,Coinbase,NL,Europe,20326-NL-Amsterdam,743358,156,61,27,0,68,0.391,0.1731,0.4359,0.0,72,11,263.79,318.34,436.35,240.39,436.39,40.0,67.16000000000003
AicQr2zCWBLiBwt2r6o7iTemmtyE7q5pTKyuuupbXEQA,,US,North America,20326-US-Pittsburgh,737437,168,149,16,0,3,0.8869,0.0952,0.0179,0.0,162,13,135.79,205.09,452.76,95.5,1685.22,25.0,61.16999999999996
HM1KjNaXa4w8K4gCXbieoMh5gUTNeUhg9fvdXMKeBW3L,Hello Moon,DE,Europe,395201-DE-Rödelheim,715539,132,81,30,0,21,0.6136,0.2273,0.1591,0.0,127,46,322.22,2092.13,3436.4,234.19,3541.57,50.0,548.8799999999999
5RvfTSowms7BTYaBj8SxVjj7ELAAKdQadKsuNpmBAwCs,,DE,Europe,20326-DE-Frankfurt am Main,682923,168,75,31,2,60,0.4464,0.1845,0.3571,0.0119,88,13,262.19,360.14,590.82,230.69,751.22,41.0,91.50999999999988
DB7DNWMVQASMFxcjkwdr4w4eg3NmfjWTk2rqFMMbrPLA,Orangefin by SOL Strategies,NL,Europe,60068-NL-Amsterdam,674327,156,136,12,0,8,0.8718,0.0769,0.0513,0.0,166,30,70.0,415.97,1595.02,17.95,1684.58,14.0,225.09999999999997
CaveyttUBTKttncu1e4RF814XjuoGfYv8cEsiKGDNCPX,Cavey Cool,US,North America,3402-US-Newark,673321,132,96,16,10,10,0.7273,0.1212,0.0758,0.0758,101,5,350.33,520.9,1333.23,119.56,1333.28,54.0,224.0
4SsMncJdtKiUcDtukkX15mqei7WiuQ9yvRtQrQW4reWC,Quicknode,US,North America,46475-US-New York,645853,156,132,20,0,4,0.8462,0.1282,0.0256,0.0,145,13,130.82,212.88,381.06,86.79,633.81,24.0,51.80000000000001
juigBT2qetpYpf1iwgjaiWTjryKkY3uUTVAnRFKkqY6,ProStaking,US,North America,395201-US-Sterling,640671,228,187,31,0,10,0.8202,0.136,0.0439,0.0,219,32,308.43,330.23,2182.53,290.92,2483.46,49.0,208.7799999999998
CwyVpfmfSiMeCexi3JgUNvaiDfYN14cLDjzT99zcBuD2,Hamsa,LT,Europe,16125-LT-Europe/Vilnius,631060,168,136,14,0,18,0.8095,0.0833,0.1071,0.0,159,23,52.59,165.13,1362.22,39.01,1630.11,9.0,211.19999999999925
HarmonicyK3BwamKNtWnQAmUeK4GYGXXzeD9FD8WMyZi,Harmonic Major,JP,Asia,20326-JP-Tokyo,628200,144,97,43,1,3,0.6736,0.2986,0.0208,0.0069,108,11,459.21,518.96,1045.67,243.56,1886.31,85.5,171.35999999999962
HaLanfo94ezLc3JZ55qqxr7W3qbe1PprJyv2uEtriEqN,Bella2.0,LT,Europe,16125-LT-Europe/Vilnius,622478,156,137,5,0,14,0.8782,0.0321,0.0897,0.0,168,31,54.87,277.17,1612.51,38.04,1683.98,9.0,247.6400000000001
3cZSHGfNdaULpFAvGbWbxpVwzXB4gHdk8NFucPNR5pgA,Ghost,US,North America,18450-US-Ogden,617739,132,117,12,0,3,0.8864,0.0909,0.0227,0.0,136,19,152.98,425.71,1515.37,139.47,1681.33,27.0,211.25000000000003
G1bLKfyNm7zsmmYEL9dyxBvMtxpFcwy2s84bHDj2ZFUY,P2P.org Turbo,BR,South America,396356-BR-São Paulo,615895,144,92,29,0,23,0.6389,0.2014,0.1597,0.0,99,7,403.62,423.97,434.16,386.39,448.64,57.0,65.02
GREEDkgav1ox1jYyd9Anv6exLqKV2vYnxMw5prGwmNKc,GREED Academy - funding education,SG,Asia,46475-SG-Singapore,615869,168,130,29,0,9,0.7738,0.1726,0.0536,0.0,154,24,206.9,292.55,1740.68,164.72,1945.05,37.0,253.41
RBFiUqjYuy4mupzZaU96ctXJBy23sRBRsL3KivDAsFM,RockawayX Infra,,Unknown,0--Unknown,605484,144,102,5,0,37,0.7083,0.0347,0.2569,0.0,111,9,64.95,157.14,580.43,18.9,767.79,12.0,56.30000000000004
BUokhb8pPF9MZuzW3rHLr6jzakgcz3NDq2PZkpiVv3jb,DeFi Dev Corp (NASDAQ: DFDV),DE,Europe,3402-DE-Frankfurt am Main,605067,120,83,27,1,9,0.6917,0.225,0.075,0.0083,103,20,337.7,543.05,1931.91,56.78,1943.44,52.0,287.72
BeaCHioStqCEFDFxKwAEzyrUPYxqnBPhJ98gDKeEiTPb,Solana Beach Validator,DE,Europe,9002-DE-Munich,590995,108,73,28,1,6,0.6759,0.2593,0.0556,0.0093,80,7,41.54,78.97,257.29,26.03,342.08,7.0,37.77999999999989
BGAjnivVWqLqByqCVT9dSyPUFicvyJrz7vRvrvui3SEk,,DE,Europe,20326-DE-Frankfurt am Main,589865,204,178,11,0,15,0.8725,0.0539,0.0735,0.0,206,28,72.32,254.21,1758.71,29.3,2076.74,14.5,279.09999999999957
Frog1Fks1AVN8ywFH3HTFeYojq6LQqoEPzgQFx2Kz5Ch,Leapfrog Systems 💎 No Fees,GB,Europe,29802-GB-Stepney,587104,120,103,4,0,13,0.8583,0.0333,0.1083,0.0,130,27,72.29,428.9,1518.49,25.26,1683.1,14.0,234.33999999999966
6yFGGAgYpBxgYPuHW4rv7hJmhKrUiXKyHkpVGaYtKrwE,Watchtower,GB,Europe,174-GB-Europe/London,586936,84,56,3,0,25,0.6667,0.0357,0.2976,0.0,69,13,70.63,680.78,1694.26,48.61,1729.51,13.0,246.1199999999999
23SUe5fzmLws1M58AnGnvnUBRUKJmzCpnFQwv4M4b9Er,Stakin by The Tie,DE,Europe,395201-DE-Rödelheim,586708,96,80,3,0,13,0.8333,0.0312,0.1354,0.0,91,11,21.84,85.21,259.61,6.24,277.21,3.0,43.099999999999994
Va1idLRtYEtVFJFsvz8vtt1uCJgea4Q1zi2Rh3eraJh,validator.com,DE,Europe,395201-DE-Rödelheim,578067,204,183,10,0,11,0.8971,0.049,0.0539,0.0,199,16,57.16,144.78,426.98,9.91,545.5,10.0,68.28000000000014
RNXnAJV1DeBt6Lytjz4wYzvS3d6bhsfidS5Np4ovwZz,RockawayX Firedancer,CZ,Europe,200871-CZ-Europe/Prague,566123,144,89,4,0,51,0.6181,0.0278,0.3542,0.0,117,28,61.45,1388.26,2560.85,30.21,2746.02,10.0,249.92000000000004
7EzbSahSfSjeRexHcNDLDpzHBAGBLjLKtjbmuoQnEtjE,Gate Earn,US,North America,262287-US-America/Chicago,565777,96,78,9,0,9,0.8125,0.0938,0.0938,0.0,86,8,112.45,162.96,285.36,99.61,350.73,19.0,30.150000000000006
aXiomFkk6VzXaBhPuhMqTLZZguCFzzbyP9LTtZ7ZHLQ,Axiom,DE,Europe,3402-DE-Frankfurt am Main,562338,216,182,15,0,19,0.8426,0.0694,0.088,0.0,202,20,269.67,369.76,3507.68,52.03,3600.0,41.0,505.770000000002
Cogent51kHgGLHr7zpkpRjGYFXM57LgjHjDdqXd4ypdA,Cogent ⚙️  by SOL Strategies,NL,Europe,20326-NL-Amsterdam,557347,108,74,2,1,31,0.6852,0.0185,0.287,0.0093,84,10,51.41,189.09,403.29,26.17,498.23,8.0,55.04000000000002
7CR3Jq4ny2tsr3DX3DvyjoU8TYs776MGkU6nLMWjAqCT,Bitcoin Suisse,NL,Europe,20326-NL-Amsterdam,555850,132,118,10,0,4,0.8939,0.0758,0.0303,0.0,127,9,60.94,131.12,326.28,21.68,424.52,12.0,49.47999999999999
oPaLtitM6cwpFVzP2rDhLsJLdY2vcbuZiJJyD1TFUKs,Temporal Opal,GB,Europe,20326-GB-London,541713,60,28,29,0,3,0.4667,0.4833,0.05,0.0,41,13,466.59,1155.51,1712.94,256.27,1725.51,73.0,232.0
mineL1YNwcRnxN93B2sX6q22R11WfRqxnY4NBV8KfFY,Exo Tech,US,North America,204770-US-Chicago,528707,132,112,14,0,6,0.8485,0.1061,0.0455,0.0,123,11,149.84,244.62,758.1,105.81,953.88,28.0,78.58000000000001
HzrEstnLfzsijhaD6z5frkSE2vWZEH5EUfn3bU9swo1f,StakeWolf,NL,Europe,29802-NL-Amsterdam,519501,120,110,5,0,5,0.9167,0.0417,0.0417,0.0,132,22,66.03,351.58,1853.22,18.79,2035.67,12.0,278.65999999999997
LA1NEzryoih6CQW3gwQqJQffK2mKgnXcjSQZSRpM3wc,Laine ❤️  by SOL Strategies,NL,Europe,20326-NL-Amsterdam,517199,144,131,9,0,4,0.9097,0.0625,0.0278,0.0,144,13,68.01,149.78,731.33,19.22,886.67,12.0,124.83999999999992
Certusm1sa411sMpV9FPqU5dXAYhmmhygvxJ23S6hJ24,Asymmetric Research,NL,Europe,20326-NL-Amsterdam,506670,72,66,3,0,3,0.9167,0.0417,0.0417,0.0,73,7,34.51,108.25,293.47,21.34,323.15,6.0,45.0
9USijQaAfSzw6gWbHNq68VVigmj3HvffDJYhbK4tfquB,Lord Validates-a-Lot,NL,Europe,59642-NL-Amsterdam,503847,120,115,2,0,3,0.9583,0.0167,0.025,0.0,152,37,45.84,1388.66,2688.11,24.49,3106.29,7.0,485.1900000000003
bkpk9KVsDRfrArzzmkJ9mPEvbXfQxczzQYR3QMGiR8Z,Backpack,US,North America,26042-US-Draper,501985,132,121,10,0,1,0.9167,0.0758,0.0076,0.0,131,10,172.25,294.09,614.45,126.13,672.49,31.0,93.8999999999997
anza1rXDVhy1NfVNtsbT3kSBh2jgB1BGZUKuUibSAJd,Anza,GB,Europe,396356-GB-City of London,501276,120,111,4,0,5,0.925,0.0333,0.0417,0.0,120,9,33.26,56.31,1345.17,20.64,1760.48,5.0,205.43000000000046
GEM1N1UE3C8BB8EaaEPrcFvT3iLMVrurknjW5AYjUReR,Gemini,DE,Europe,20473-DE-Frankfurt am Main,500688,168,153,0,0,15,0.9107,0.0,0.0893,0.0,169,16,20.3,62.02,370.16,5.84,410.54,3.0,60.27999999999997
32ke3uf1qL3xLqbwzU76T2sbG2XaJrGuSCNdUnien3zm,FalconX,CA,North America,16276-CA-Beauharnois,496138,204,178,17,0,9,0.8725,0.0833,0.0441,0.0,187,9,112.58,133.37,322.66,98.14,449.27,19.0,36.979999999999905
7tqeaFKsg2K9xKnQWe61w71AtCZVMQvG4hbFAiFAngYw,,US,North America,204770-US-Chicago,488299,84,32,43,0,9,0.381,0.5119,0.1071,0.0,33,1,493.19,594.29,701.92,335.57,741.5,80.0,116.16
2mMGsb5uy1Q4Dvezr8HK2E8SJoChcb2X7b61tJPaVHHd,Chainflow,SE,Europe,214159-SE-Stockholm,475945,168,98,22,1,47,0.5833,0.131,0.2798,0.006,109,11,73.6,219.31,492.65,45.43,820.52,12.0,72.60000000000001
Cu9Ls6dsTL6cxFHZdStHwVSh1uy2ynXz8qPJMS5FRq86,Stardust Staking - 0% fee forever + MEV 0% fee,SK,Unknown,29405-SK-Bratislava,469396,84,79,1,0,4,0.9405,0.0119,0.0476,0.0,87,8,74.21,189.63,590.52,24.65,1627.51,13.0,87.02000000000011
fishfishrD9BwrQQiAcG6YeYZVUYVJf3tb9QGQPMJqF,stakefish 🐟,US,North America,262287-US-Miami,465322,36,21,12,0,3,0.5833,0.3333,0.0833,0.0,26,5,432.72,506.11,509.2,377.79,509.27,65.5,86.0
AqyRvpjjSN6jWYPxijoJwhmKwJFk6fRYDh9fQZHcJ2o7,STSS Validator,GB,Europe,396356-GB-City of London,461952,144,117,3,0,24,0.8125,0.0208,0.1667,0.0,132,15,33.11,108.78,356.48,18.88,1596.95,5.0,47.379999999999995
4SNKY7GCp7ohY4AawND5Cc2D71sWMWN3Uifo854yvtks,,US,North America,20326-US-Newark,450000,120,88,27,0,5,0.7333,0.225,0.0417,0.0,102,14,110.71,504.22,1659.51,93.08,1827.18,20.0,250.57999999999979
Gv9gguvrAkgQtB5g5a3Un7trcHCxLYsk8vSojLmQMsWV,,US,North America,20326-US-Newark,432556,108,99,4,0,5,0.9167,0.037,0.0463,0.0,107,8,92.22,114.91,338.8,80.65,402.39,16.0,26.0
CkCMabrc3HgBgDkeKPXkbWuQpUuSqW7zs1Mg3HFArx61,Sygnum Validators,NL,Europe,7979-NL-Europe/Amsterdam,432025,132,116,9,0,7,0.8788,0.0682,0.053,0.0,122,6,83.52,101.36,197.48,68.6,241.88,14.0,28.789999999999992
2Wf9V9rPeVRUTfmWdPedCJuWVr6MFfyLuigEq42DuMDc,Blueprint,DE,Europe,395201-DE-Fechenheim,431311,180,164,10,0,6,0.9111,0.0556,0.0333,0.0,181,17,86.18,109.08,552.93,71.38,1522.67,15.0,95.39999999999873
8cqck84coxk8TGXYBD95QosKCEA6fKwXLevcEv3oGmu8,Orbyval,DE,Europe,395201-DE-Fechenheim,421103,108,94,4,0,10,0.8704,0.037,0.0926,0.0,101,7,72.26,86.97,103.29,60.08,157.78,12.0,16.0
grptonHnt7YSmJokGK9TJJTBXDT8ca4LSWMHCCfzzPa,gripto,DE,Europe,395201-DE-Fechenheim,413004,36,23,1,4,8,0.6389,0.0278,0.2222,0.1111,27,4,258.29,321.43,356.49,70.64,358.06,37.0,54.0
Diman2GphWLwECE3swjrAEAJniezpYLxK1edUydiDZau,diman,US,North America,23470-US-Los Angeles,412952,132,102,8,0,22,0.7727,0.0606,0.1667,0.0,119,17,164.19,305.23,1526.81,147.38,1586.57,26.0,203.19999999999993
vALigXFg9wnnhVHN16vNxHxXtAXiBv5QjAE6udoniBY,Valigator Open,US,North America,204770-US-Chicago,412690,132,111,13,0,8,0.8409,0.0985,0.0606,0.0,140,29,154.3,1215.29,3064.13,105.0,3165.2,28.0,490.75999999999976
E5UXkzUxqEXpeDf3WsrMZHTs2ZSSBpAz7G4hpGwgRGDT,QubitNexus,DE,Europe,395201-DE-Fechenheim,409306,144,125,8,0,11,0.8681,0.0556,0.0764,0.0,135,10,74.73,99.63,401.69,60.57,486.83,13.0,62.66
HcZvwZ83PfjrQDiq3GLHxisTs17aGURs6bJ2LwtmL4qv,SolGuardian,,Unknown,33487--,405005,84,71,6,0,7,0.8452,0.0714,0.0833,0.0,76,5,72.27,89.28,255.55,57.48,336.86,12.0,42.0
DF1owXYZ1fk5vWyHJ8s1cJeAozgkqsi1JUVqvktqrpwd,DFlow,NL,Europe,20326-NL-Amsterdam,400912,24,0,10,0,14,0.0,0.4167,0.5833,0.0,2,2,2236.93,2705.76,2811.24,1650.91,2822.96,358.5,452.09
CVvaeDPR2o7P1eawG5c9TPFLzSXAewwPovPmREaEL4Cm,Lion3d | 0% Forever + Block Rewards Sharing,GB,Europe,396356-GB-London,394165,108,95,7,0,6,0.8796,0.0648,0.0556,0.0,102,7,82.79,176.46,569.17,32.96,586.22,16.0,92.96999999999998
LeDbQ99QT342j9S5YdyXLrsq2Gu3T3dMGajExdAuE3V,Ledger by Chorus One,NL,Europe,60068-NL-Amsterdam,391603,168,150,18,0,0,0.8929,0.1071,0.0,0.0,169,19,133.3,158.96,346.42,117.9,769.29,21.0,54.639999999999986
3RXKQBRv7xKTQeNdLSPhCiD4QcUfxEQ12rtgUkMf5LnS,Chainode Tech & MEV(0% Fee),LT,Europe,16125-LT-Europe/Vilnius,388349,72,56,13,0,3,0.7778,0.1806,0.0417,0.0,64,8,258.6,272.56,306.91,246.59,346.58,45.0,50.739999999999995
9iFPQbP1jGkj67sXg6YLLGRUBVEDMcapdS6jmCZSnz8R,,DE,Europe,396356-DE-Frankfurt am Main,387184,144,72,16,0,56,0.5,0.1111,0.3889,0.0,93,21,292.14,1104.83,2041.04,239.18,2601.09,45.0,331.99999999999994
6vG7fgweSfvY7JRViG4HwKgV9u6JKhMpf2bqr6TKNjUW,InfraMesh,DE,Europe,395201-DE-Fechenheim,386744,72,65,3,0,4,0.9028,0.0417,0.0556,0.0,72,7,72.07,96.11,404.33,59.56,475.58,13.0,59.930000000000106
BfgMdL4FaNHp5zZpD7WMYG5sZUrCWQPEjXDwWS7M5q3F,,NL,Europe,55285-NL-Amsterdam,378861,72,25,12,0,35,0.3472,0.1667,0.4861,0.0,42,17,794.09,2998.02,3502.38,76.17,3522.39,42.0,368.71999999999997
EfPYQ4BUMiKa6736qqrtnCBGkUSRDGSr1WvtyUgWHuyp,,IE,Europe,20326-IE-Dublin,377911,216,182,12,0,22,0.8426,0.0556,0.1019,0.0,200,18,88.04,192.14,669.56,39.45,1373.02,14.0,95.05999999999995
mint13XHZSSxtgHuTSM9qPDEJSbWktpmpM4CZxeLB8f,Hanabi Staking 🎆 | Staking Champions | DoubleZero | ❌BAM,US,North America,18450-US-Ogden,377393,96,39,51,0,6,0.4062,0.5312,0.0625,0.0,48,9,428.75,615.01,1665.84,371.61,1855.97,70.0,245.92000000000007
BoNKmNCGvoHS4CkKvYRnF21iEpUP827pZjhFGdA4t5as,BONK,US,North America,29802-US-Staten Island,365130,60,53,4,0,3,0.8833,0.0667,0.05,0.0,55,2,131.64,737.01,1376.78,90.71,1650.16,24.0,232.36000000000007
hy1oMaD3ViyJ8i6w1xjP79zAWBBaRd1zWdTW8zYXnwu,Hylo,BR,South America,396356-BR-São Paulo,364064,84,66,8,0,10,0.7857,0.0952,0.119,0.0,71,5,195.41,214.35,631.37,183.54,1328.64,34.0,79.9999999999996
Bi9kKNxfW2XqgCmLcuhHt6A3x55GuAGmrVZxRHLyVoQ4,,GB,Europe,20326-GB-City of London,355778,120,99,1,6,14,0.825,0.0083,0.1167,0.05,107,8,336.05,1398.99,2639.28,52.6,2686.68,34.0,204.61999999999995
GkFT5nmcFVmJiLwuE98PjdF3LReMeq4WbejFHfwrnsgw,KAST,NL,Europe,7979-NL-Europe/Amsterdam,354236,84,65,5,0,14,0.7738,0.0595,0.1667,0.0,71,6,68.06,168.75,393.05,21.56,409.38,14.0,54.19999999999999
D1Vbgkrhp1TmLGhfUD1urRMx5Ntz9AqQpgdX8DR8QMC1,Next Finance Tech,JP,Asia,396356-JP-Tokyo,348301,90,59,5,0,26,0.6556,0.0556,0.2889,0.0,70,11,204.61,474.01,857.74,166.56,1200.84,35.0,80.81000000000012
ALp2GdA1eJV8vZHMHazCtTxNXe3BLUSco9LDASgjDs8R,🌸 SOLGirl MEV ⚡️👩‍💻,HK,Asia,206264-HK-Asia/Hong_Kong,346290,84,48,27,0,9,0.5714,0.3214,0.1071,0.0,54,6,435.64,480.47,781.22,417.66,999.57,69.0,108.97999999999996
SSmBEooM7RkmyuXxuKgAhTvhQZ36Z3G2WsmLGJKoQLY,SOL Strategies,NL,Europe,60068-NL-Amsterdam,345838,72,48,13,0,11,0.6667,0.1806,0.1528,0.0,63,15,55.07,572.03,1555.79,25.31,1749.75,8.0,242.76000000000013
5d9Mdc2Zk8as8GL1AxQeXxv5htBBvC5bjfmsXC7UUWwG,Maera,JP,Asia,20326-JP-Tokyo,344573,72,46,10,0,16,0.6389,0.1389,0.2222,0.0,50,4,183.17,210.53,452.09,165.69,600.04,31.0,47.219999999999956
HW4zorvt6xDwhU36RqjcWNwU8YMj9tiqnAafBKW4cqV,Moise,HK,Asia,206264-HK-Asia/Hong_Kong,341462,120,71,40,0,9,0.5917,0.3333,0.075,0.0,78,7,440.19,491.09,569.34,417.3,589.22,70.0,84.07000000000004
UPSCQNqdbiaqrQou9X9y8mr43ZHzvoNpKC26Mo7GubF,,DE,Europe,396356-DE-Frankfurt am Main,336869,72,61,0,0,11,0.8472,0.0,0.1528,0.0,73,12,34.56,587.97,1457.03,21.48,1512.43,6.0,228.76000000000002
mds4GEuiSgQRqveGyktWpETBFCb4AS2wDnhqwLHcT6Z,,JP,Asia,396356-JP-Tokyo,334893,96,69,10,0,17,0.7188,0.1042,0.1771,0.0,73,4,204.91,230.11,481.12,190.27,540.77,36.0,43.920000000000016
7GkMBmtrTZz8QbjSe1sXvAUtz7Pp42SQxfT5ymmJD4We,Phantom Validator,US,North America,20326-US-Newark,334046,36,34,2,0,0,0.9444,0.0556,0.0,0.0,35,1,125.45,173.45,241.98,85.81,246.34,24.0,35.31999999999999
7Zm1pE4FubFYZDyAQ5Labh3A4cxDcvve1s3WCRgEAZ84,7Zm1pE4FubFYZDyAQ5Labh3A4cxDcvve1s3WCRgEAZ84,NL,Europe,7979-NL-Europe/Amsterdam,332923,108,90,6,0,12,0.8333,0.0556,0.1111,0.0,99,9,66.65,141.52,585.69,20.17,1509.72,11.0,81.21999999999936
Ste1115xFGdAYK5jaWA3dEFcUc1S5jEbVvD8e327zty,Stellium,JP,Asia,206264-JP-Tokyo,330400,72,45,17,0,10,0.625,0.2361,0.1389,0.0,51,6,190.82,434.87,626.27,155.32,681.45,31.0,68.5
ALPHA6rdHZkx1om79xp47vX1iZXcbM3qfEwLyttZ1T7R,Lifetime 0% fee + full MEV payout | Alphasearch,DE,Europe,47447-DE-Europe/Berlin,321493,48,42,3,0,3,0.875,0.0625,0.0625,0.0,46,4,56.16,214.95,511.63,15.25,511.66,10.5,89.84999999999998
4XspXDcJy3DWZsVdaXrt8pE1xhcLpXDKkhj9XyjmWWNy,"Ubik Capital - 0% Fee, MEV",FR,Europe,16276-FR-Strasbourg,319203,60,50,1,0,9,0.8333,0.0167,0.15,0.0,54,4,74.41,128.6,247.42,15.86,256.91,13.0,38.47
icex1C6pnZxznQWiHZZANjGU8nZ8kNquFnjyY7XXrXE,BrewlabsHQ,HK,Asia,206264-HK-Asia/Hong_Kong,318760,108,84,13,0,11,0.7778,0.1204,0.1019,0.0,93,9,217.94,340.68,652.87,196.7,2993.83,34.0,94.91999999999936
HT41udB8mLZZf7tev9tUoHYJ41TP8GWZ6zFMbjiviXk5,Neumann,JP,Asia,20326-JP-Tokyo,317342,120,81,7,0,32,0.675,0.0583,0.2667,0.0,91,10,206.2,280.98,510.18,162.9,802.32,33.0,45.29999999999998
2Mob8FJkb8chZY5pTBMpKfLwgZAQHE5i9jAC5zbASitD,,DE,Europe,45102-DE-Frankfurt am Main,313440,84,66,3,0,15,0.7857,0.0357,0.1786,0.0,73,7,56.69,172.43,876.42,17.15,876.46,12.0,141.28
5marvipGzf98hxnoJFXsZbGHSXcEQ3yRGJ4ps7D3V4ou,MARVEL+MEV!,BR,South America,20473-BR-Osasco,311539,84,54,12,0,18,0.6429,0.1429,0.2143,0.0,64,10,200.06,359.89,757.95,184.51,858.46,34.0,47.39999999999995
FyrwfMaomErzqrFUXMjCJ7mA4u81DsiDdrzC3MJD6d4j,1dad | Solfège,SG,Asia,20473-SG-Singapore,311422,48,36,9,0,3,0.75,0.1875,0.0625,0.0,40,4,214.19,365.43,1559.2,165.15,2141.14,39.0,190.94999999999987
9gFxqsXbFyrKXUkqpAatonn47uYZ7sEZSnMxhzQoXrUJ,LUX8 Validator,CA,North America,20473-CA-Toronto,309518,72,65,7,0,0,0.9028,0.0972,0.0,0.0,72,7,150.92,258.78,724.24,113.65,1111.09,29.0,102.65000000000053
3YVoK8UN62dyiPZnGBzBTkGdwsVmmK1MpRoLcxNRs9BE,Calypso,FR,Europe,16276-FR-Europe/Paris,305550,36,29,7,0,0,0.8056,0.1944,0.0,0.0,33,4,227.77,244.38,277.86,217.12,286.29,38.0,46.0
3WDh9HgusCujDmXCVhophLrHvoKHQd1Sd4uFHz1Awo35,Absolute Guard,DE,Europe,395201-DE-Fechenheim,303718,84,77,4,0,3,0.9167,0.0476,0.0357,0.0,83,6,65.01,171.02,787.97,13.89,816.6,12.0,130.61999999999995
A4hyMd3FyvUJSRafDUSwtLLaQcxRP4r1BRC9w2AJ1to2,Jito2,US,North America,20326-US-Newark,302728,84,64,11,0,9,0.7619,0.131,0.1071,0.0,69,5,211.14,270.65,607.77,164.05,612.13,38.0,74.59999999999997
gUvo3g5LfH4Pd8qnG7T6MPEFa5bPr8LhDdxDahwYqis,,NL,Europe,262287-NL-Amsterdam,301401,60,29,0,0,31,0.4833,0.0,0.5167,0.0,35,6,40.05,120.61,203.35,17.05,217.65,5.0,26.619999999999976
8vk6QpG93JSaQCSgnycBsv5qmfQBk4qC9FjNA35E5JhU,Tinydancer,NL,Europe,59642-NL-Amsterdam,301365,120,109,4,1,6,0.9083,0.0333,0.05,0.0083,122,13,41.52,109.96,791.74,21.23,1668.43,7.0,122.92999999999947
9AW87WqARQonyJYhx1G25fKfvjURFYVmHs79z1NUXDPD,🔥Aurora staking,JP,Asia,20326-JP-Tokyo,300961,48,41,6,0,1,0.8542,0.125,0.0208,0.0,45,4,198.5,280.65,598.98,166.86,639.17,32.0,65.92000000000002
AHZxzLeRGRfNVFrCmP58iJgEwbcXyZeAkZ32CmbfEmYR,,US,North America,20326-US-Newark,299997,84,77,1,0,6,0.9167,0.0119,0.0714,0.0,91,14,105.51,269.25,1175.91,91.36,1246.39,36.0,144.59999999999968
CTDGxTK789ZvhgyHZHtSnxTtysbyY1mrywXEJiYYqXxC,Cointelegraph Decentralization Guardians,JP,Asia,395201-JP-Asia/Tokyo,297793,48,35,7,0,6,0.7292,0.1458,0.125,0.0,41,6,212.55,368.25,878.22,162.9,893.11,38.0,110.60000000000002
MARiKM3t7pDCyXtvLq24ErWDAvYu84yXqCthkR1GS33,🧑‍🍳USDG rewards (6.37% APY),PL,Europe,16276-PL-Warsaw,297199,36,35,1,0,0,0.9722,0.0278,0.0,0.0,39,4,44.94,190.61,433.67,34.19,549.41,7.0,64.83999999999992
CEL22Qx7p85qY6gmhCZaYJrrnynJitkVRMQo6qZdT8Ns,🚀🚀Super🚀🚀 Validator,JP,Asia,20326-JP-Tokyo,296535,60,38,5,0,17,0.6333,0.0833,0.2833,0.0,46,8,199.92,353.09,1594.46,162.44,1748.57,31.0,226.54999999999984
5VrW7YNBccVnhnZVmooCePdLFcs2UjfxRT3hoY9mN8Ec,Appleyello,EN,Unknown,16276-EN-London,296345,96,81,10,0,5,0.8438,0.1042,0.0521,0.0,89,8,90.91,119.92,318.77,72.73,318.81,14.0,47.120000000000005
D2RV1q6FgePVVjrMa7AMzVbvvAeg5oS7TAV7qdNKSDsX,Validatore,LT,Europe,16125-LT-Šiauliai,294898,72,65,4,0,3,0.9028,0.0556,0.0417,0.0,72,7,86.55,107.89,1213.34,70.59,1213.38,14.0,190.29000000000002
43Am3PKFeo9cACpqYL5Sk95rpVdxLw3Mc22PqRqZXEW2,Titan Analytics,JP,Asia,20473-JP-Minamishinagawa,290189,36,27,3,0,6,0.75,0.0833,0.1667,0.0,28,1,198.18,224.2,446.95,161.58,510.65,36.0,51.92
ETcW7iuVraMKLMJayNCCsr9bLvKrJPDczy1CMVMPmXTc,stakeware.xyz | ferric,SG,Asia,29802-SG-Singapore,287102,72,63,9,0,0,0.875,0.125,0.0,0.0,82,19,217.29,1410.83,2043.54,163.65,2139.4,39.0,307.52
5ikB9XZNVsjwKb6hHT3FS3So1Z1SrDvU5yaniWEQyDEG,,NL,Europe,7979-NL-Europe/Amsterdam,284883,60,47,13,0,0,0.7833,0.2167,0.0,0.0,50,3,230.55,250.86,267.14,217.59,275.54,40.0,46.019999999999996
FwnWx7x99rGwLmipzz8ii15NqcHkKRo2oS1Y7j6LivgZ,Prompt Logic,JP,Asia,206264-JP-Tokyo,284211,60,46,8,0,6,0.7667,0.1333,0.1,0.0,51,5,200.98,296.93,1032.47,165.36,1451.97,36.0,127.0
8ZQg3K1V1Z2BVJkjmnxpi43WKhjPGXphzu5QmBkJibSP,P2P.org Labs,BR,South America,396356-BR-São Paulo,282618,96,62,19,0,15,0.6458,0.1979,0.1562,0.0,71,9,399.78,427.37,825.53,386.39,1460.4,57.0,106.39999999999961
ArMBx6veRq33ffEP9sxHafiPRgrtzww4XvbwZbSMfXiM,Luke,HK,Asia,206264-HK-Hong Kong,282423,96,72,13,0,11,0.75,0.1354,0.1146,0.0,87,15,205.45,369.38,729.36,192.75,928.91,36.0,80.44000000000003
5MAGJ3zShtXMMVXjZRoFqtFF7XhP8iLSyZrxdL7KpjcB,,GB,Europe,396356-GB-City of London,281846,48,40,3,0,5,0.8333,0.0625,0.1042,0.0,42,2,35.03,51.81,217.26,22.97,218.55,6.0,24.76999999999999
2oHUYyW2PU9VJh4XBs5TbGgzdernunvGqyKth3kxW4ns,,NL,Europe,20326-NL-Amsterdam,280745,60,57,3,0,0,0.95,0.05,0.0,0.0,81,24,81.31,755.28,2231.95,26.15,2549.41,16.0,348.4000000000002
3B2mGaZoFwzAnWCoZ4EAKdps4FbYbDKQ48jo8u1XWynU,Low Fee Validation TOP API 🔥,ES,Europe,39020-ES-Seville,279141,84,78,2,0,4,0.9286,0.0238,0.0476,0.0,80,2,63.89,83.87,116.69,50.51,123.19,10.0,16.0
8yjHdsCgx3bp2zEwGiWSMgwpFaCSzfYAHT1vk7KJBqhN,JStaking: 0% fee · top returns,DE,Europe,395201-DE-Fechenheim,277663,12,12,0,0,0,1.0,0.0,0.0,0.0,13,1,52.26,87.44,182.18,16.37,194.77,9.0,27.91999999999999
5tfcGyf3NQFcufDigvbRt9kWoVN2KPEkBRUY3UaC3Zwm,,DE,Europe,29066-DE-Frankfurt am Main,274403,48,43,5,0,0,0.8958,0.1042,0.0,0.0,54,11,64.8,564.14,1429.05,16.13,1639.82,12.0,226.07999999999993
ETuPS3kRfLufz5VSYN2ZrePoEVSZSpgVPKz3MUZpYe3x,,NL,Europe,7979-NL-Europe/Amsterdam,271393,36,32,4,0,0,0.8889,0.1111,0.0,0.0,32,0,233.26,246.82,254.97,219.92,256.23,33.0,37.0
EQhTjikb1L2jvxsCaSW2o2TuRXh4Do6HzBEWCxpeM44W,JM,PL,Europe,20473-PL-Warsaw,269561,72,66,0,0,6,0.9167,0.0,0.0833,0.0,73,7,42.02,65.47,423.57,31.47,446.68,7.0,59.56
61QB1Evn9E3noQtpJm4auFYyHSXS5FPgqKtPgwJJfEQk,Pigs in Blankets,GB,Europe,25160-GB-Lambeth,269187,144,89,43,0,12,0.6181,0.2986,0.0833,0.0,108,19,272.04,571.78,1338.75,231.64,1498.61,42.5,235.08999999999992
EdGevanA2MZsDpxDXK6b36FH7RCcTuDZZRcc6MEyE9hy,Edgevana,NL,Europe,20473-NL-Amsterdam,267947,60,54,3,0,3,0.9,0.05,0.05,0.0,62,8,80.51,194.95,569.65,20.08,876.22,15.0,78.15000000000005
3KiDz3wuZrJfsgKt5KEvRb1WPpbci1PWj78aPVF5ei3F,Nemertes,FR,Europe,16276-FR-Europe/Paris,267831,120,103,11,0,6,0.8583,0.0917,0.05,0.0,124,21,82.76,565.24,1569.29,17.18,1666.44,15.0,232.62999999999994
AoUwfPuiEek2thVRDhMP7HbQb9rguyab4rDiz2NAfwwA,,CA,North America,16276-CA-Beauharnois,265575,24,19,2,0,3,0.7917,0.0833,0.125,0.0,20,1,116.67,133.62,202.23,105.5,217.97,20.0,26.429999999999996
radM7PKUpZwJ9bYPAJ7V8FXHeUmH1zim6iaXUKkftP9,Radiants,SG,Asia,396356-SG-Asia/Singapore,264850,60,43,10,0,7,0.7167,0.1667,0.1167,0.0,50,7,201.47,350.6,602.77,163.27,633.72,36.0,62.19999999999996
6k5hZkHGa4x3xEU7Wz2LxWwueqZtVvX3fpymGugB14yB,,DE,Europe,29066-DE-Frankfurt am Main,263993,48,41,2,0,5,0.8542,0.0417,0.1042,0.0,43,2,37.82,75.56,128.05,17.6,133.25,8.0,19.58
bxrAptB5ZpZBhoLedJpoGWY5hBjjt3zvVBr2323Rrq6,bloXroute EU,DE,Europe,396356-DE-Frankfurt (Oder),263157,72,60,9,0,3,0.8333,0.125,0.0417,0.0,64,4,220.74,236.72,262.32,209.38,271.78,36.0,38.37
rsbp8zMHbGCpLoRktmsjspYv77VcjxAzH1KxPCD9BiU,Albert is Great,NL,Europe,20473-NL-Amsterdam,258389,48,35,4,0,9,0.7292,0.0833,0.1875,0.0,37,2,30.13,39.98,274.42,15.52,280.36,5.0,33.2
4b1onMDEasBh4BuPekQWijx3BYR64hAE1z2jJyeZUkck,4BLOCK 0% Fee + Jito All MEV,US,North America,23470-US-Los Angeles,257486,36,32,4,0,0,0.8889,0.1111,0.0,0.0,36,4,169.96,237.12,438.43,149.27,520.19,32.5,57.64999999999997
2dfgsiSaZ51QYPsECMYMG247PXxyKdwkV9wTHoQb8YEC,Astraeus,NL,Europe,20326-NL-Amsterdam,256236,36,35,1,0,0,0.9722,0.0278,0.0,0.0,37,2,29.94,54.8,116.68,13.37,127.63,5.0,11.0
DDnAqxJVFo2GVTujibHt5cjevHMSE9bo8HJaydHoshdp,Block Logic +MEV +Triton,NL,Europe,20326-NL-Amsterdam,255180,48,38,0,0,10,0.7917,0.0,0.2083,0.0,43,5,75.27,244.72,802.66,20.77,988.63,12.0,100.75999999999988
FugJZepeGfh1Ruunhep19JC4F3Hr2FL3oKUMezoK8ajp,Temporal Topaz,US,North America,20326-US-Newark,254142,72,60,3,0,9,0.8333,0.0417,0.125,0.0,69,9,452.23,1448.61,1965.99,131.82,1972.89,77.0,290.96
AfZTWYoFQbzqCMmUBTD7XwxFvjob1FVyCvkaXRryxtKc,Digital Energy,SG,Asia,59253-SG-Asia/Singapore,252269,60,48,9,0,3,0.8,0.15,0.05,0.0,54,6,212.98,273.04,525.23,165.14,665.25,37.0,51.47
SLAY6uN1zZpXBTfbuDDCesNmM5D288xrz8uYvfS3n41,Solayer Validator [5% Commission + 100% MEV Kickback],US,North America,396356-US-Ashburn,251690,36,36,0,0,0,1.0,0.0,0.0,0.0,38,2,300.56,318.25,344.64,95.59,344.91,47.0,53.63
qZMH9GWnnBkx7aM1h98iKSv2Lz5N78nwNSocAxDQrbP,Spectrum Staking,SK,Unknown,29405-SK-Bratislava,248835,84,75,4,2,3,0.8929,0.0476,0.0357,0.0238,93,18,99.8,757.72,1585.74,25.1,1714.3,18.0,227.23999999999995
spcti6GQVvinbtHU9UAkbXhjTcBJaba1NVx4tmK4M5F,Staker Space,NL,Europe,49127-NL-Nijmegen,247698,60,57,3,0,0,0.95,0.05,0.0,0.0,66,9,72.97,305.4,1036.58,18.07,1586.89,14.0,126.74999999999895
BeSovDCzhEAfgwDyXBuhmCFKsu5WQ3PaX61GEfteNzXM,Yonta Labs - LST 0%Fee MEV -,US,North America,19344-US-Anchorage,247597,24,20,4,0,0,0.8333,0.1667,0.0,0.0,20,0,149.55,187.2,207.01,112.89,210.16,27.0,37.42999999999999
PRGNnb8DxVcP2WjSHfVRGgc8SkA5u6dbMwoTVV1BGKN,Paragon,HK,Asia,206264-HK-Asia/Hong_Kong,247492,72,55,14,2,1,0.7639,0.1944,0.0139,0.0278,63,8,242.93,413.26,1100.1,207.68,1854.18,43.0,145.9600000000005
F6kVwubXEfZZo6e4Kozrtg7WoWk5wTRmrC8pwoxSLa7S,,US,North America,204770-US-Chicago,246129,84,76,8,0,0,0.9048,0.0952,0.0,0.0,84,8,149.03,305.37,1716.68,109.86,1730.16,28.0,269.53000000000003
KoLibrJsbABbtmtFPc7nPvDxT81rc4UPM7mY9xSLjpo,Kolibrio,NL,Europe,58061-NL-Amsterdam,243531,36,33,3,0,0,0.9167,0.0833,0.0,0.0,39,6,59.05,247.27,413.61,23.07,430.74,11.0,60.81999999999997
FACb6bbTDRBHCK999V8ox8jga5JBnt1r3vvzmAYAMv2o,Lantern,NL,Europe,214783-NL-Rotterdam,240652,72,54,15,0,3,0.75,0.2083,0.0417,0.0,80,26,216.48,1570.66,2540.95,163.33,2648.4,38.0,380.4599999999998
SyndicAgdEphcy5xhAKZAomTYhcF8xhC7za2UD9xeug,Syndica,EN,Unknown,16276-EN-London,240276,36,35,1,0,0,0.9722,0.0278,0.0,0.0,38,3,35.97,56.96,125.52,25.46,140.26,5.0,15.150000000000013
Ey3DkEVbfBxfWmkTsG7Hqj7jshYf5Zx9H8462Zjjkykf,SolBrothers,US,North America,44486-US-Mooresville,239712,72,40,31,1,0,0.5556,0.4306,0.0,0.0139,44,4,171.1,318.32,493.44,146.72,541.47,30.0,62.980000000000004
AwcMVMvmT1aCETVYV42WE1cSMCyNp4vZqVjLsvs6dM4o,Beachside,CA,North America,16276-CA-Beauharnois,239574,48,43,5,0,0,0.8958,0.1042,0.0,0.0,50,7,115.86,244.08,1469.57,99.89,2461.77,18.0,215.25999999999937
AG1PsJMQcutNUX64RD3bAhW7NpxWeFkqkgGizBznYFKW,,NL,Europe,262287-NL-Amsterdam,239461,24,9,9,0,6,0.375,0.375,0.25,0.0,9,0,253.65,264.81,272.13,242.28,272.95,41.0,46.92
7MTjmteQHhthwwTZhUzsc2dP4NBvGNRqj8jzdqNxHFGE,WEB34EVER ∞ POSTHUMAN,HK,Asia,206264-HK-Hong Kong,238399,36,21,15,0,0,0.5833,0.4167,0.0,0.0,23,2,226.81,271.24,582.78,200.65,624.84,39.0,63.900000000000006
Lake8NXDThihebhxS3Js7mFnj9fthmus93zEdsFNrsL,LakeStake,LT,Europe,204770-LT-Europe/Vilnius,235155,84,77,7,0,0,0.9167,0.0833,0.0,0.0,79,2,151.38,207.99,439.5,106.88,527.98,28.0,66.66
3s97yjq2MhoPVPC3U9VeE3Z5S643Pweovg88ysvrQPw5,Starke Finance,US,North America,20473-US-Elk Grove Village,234929,60,53,3,1,3,0.8833,0.05,0.05,0.0167,57,4,143.99,222.34,291.08,106.46,301.76,26.0,48.15999999999997
ANC1u9sY36q3mi2MyVhtz71un8yLgTsFBUuyLcSPzKsk,Anchorage Digital,HK,Asia,29802-HK-Tsuen Wan,234394,36,25,11,0,0,0.6944,0.3056,0.0,0.0,30,5,457.68,490.09,495.0,444.89,495.46,70.0,76.71000000000001
adramSYKBv1yHoZTub4kepcmF5LybPxwyJcsz4fpfi7,Adrastea Validator,US,North America,18450-US-America/Chicago,233518,84,73,11,0,0,0.869,0.131,0.0,0.0,82,9,127.17,172.25,429.95,91.26,544.71,23.5,56.51999999999998
BULKzVM41WAyQZfL34vxqdsYwEYH9mJAJyzRS4xraf8b,BULK,DE,Europe,20326-DE-Frankfurt am Main,231884,108,95,1,0,12,0.8796,0.0093,0.1111,0.0,102,7,28.32,59.53,198.1,15.93,226.32,5.0,14.989999999999995
BCeczqpTRPigndHVJu1KEzno1Uhb4hjrE7ttmAndrV1p,GlobalStake [Bare Metal],US,North America,27424-US-America/Chicago,231565,72,67,5,0,0,0.9306,0.0694,0.0,0.0,70,3,101.45,132.25,698.95,89.09,1625.62,17.0,108.83000000000044
gridqZmeBcsUKT2Mv4M9YFHFN3tVLFb2TCtTcLD1cAd,Grid Systems,SG,Asia,20473-SG-Singapore,231142,48,37,6,0,5,0.7708,0.125,0.1042,0.0,39,2,201.62,254.81,539.59,168.69,620.99,37.0,63.77999999999995
9GHvMeJ4ZWuAX6sDGscFL1TBMszx2EehnrcTVUy4MZJQ,,JP,Asia,16509-JP-Tokyo,229821,24,13,3,0,8,0.5417,0.125,0.3333,0.0,14,1,224.42,236.34,328.22,201.78,341.71,35.5,43.61
CPcDFHCAKkr5Kp9T5aQWJhXV5J6iFj141NMQ87L6poPL,,NL,Europe,7979-NL-Europe/Amsterdam,226669,72,63,9,0,0,0.875,0.125,0.0,0.0,67,4,231.41,252.32,304.87,218.87,374.42,41.0,48.70000000000002
2mDrrmhSzpSyaF12izGk8hnFjtKCGeCFPwQHpRiJDby2,S4Mar,FR,Europe,16276-FR-Europe/Paris,226133,36,31,0,0,5,0.8611,0.0,0.1389,0.0,34,3,25.59,42.36,503.72,10.74,704.37,3.0,20.06000000000003
yJeahQNRHNWtL9Z1SqPX3SBwTYXr5ECMYYVK4uYVwxt,Dosirak 🇰🇷,EN,Unknown,16276-EN-London,224097,36,36,0,0,0,1.0,0.0,0.0,0.0,37,1,32.45,45.69,89.0,22.14,99.9,5.0,10.920000000000002
2gDeeRa3mwPPtw1CMWPkEhRWo9v5izNBBfEXanr8uibX,NuFi,SK,Unknown,29405-SK-Šaľa,223860,12,12,0,0,0,1.0,0.0,0.0,0.0,12,0,56.15,91.99,95.46,34.97,95.71,11.0,17.89
WUNoB9YQXmXXRcJsjY1G8PfVag5aAfnyGmFd6YwJVwp,StakeCraft,HK,Asia,206264-HK-Hong Kong,223705,60,46,8,0,6,0.7667,0.1333,0.1,0.0,47,1,211.38,224.37,247.3,195.1,263.33,33.0,37.0
SLNDCSGTEsA6KHpgR32MBt9UAurZnVSJGUtW2tRpdU2,Solend,US,North America,18450-US-Ogden,222612,96,24,53,0,19,0.25,0.5521,0.1979,0.0,29,5,574.85,770.16,979.19,438.03,1035.96,87.0,149.03999999999996
AEAJtnjjB19XFreJH21UP8rfd12f9kxMmngwZG3tGXbP,Black Sand,US,North America,396356-US-Ashburn,217338,48,32,13,0,3,0.6667,0.2708,0.0625,0.0,38,6,377.18,833.24,1216.13,323.11,1270.7,61.5,159.60000000000005
57i31UEyDg4koaZMZ1wAHbYuezXv3AVaHtvJgJarxt3f,[Public Good] Chive 🌱 - 0% Fee + MEV + BlockReward,US,North America,204770-US-Chicago,215727,48,44,4,0,0,0.9167,0.0833,0.0,0.0,49,5,149.81,259.63,504.55,107.16,598.07,27.0,69.23999999999985
9bkyxgYxRrysC1ijd6iByp9idn112CnYTw243fdH2Uvr,Legends,US,North America,18450-US-America/Chicago,213093,48,40,2,0,6,0.8333,0.0417,0.125,0.0,44,4,136.27,203.78,374.19,93.92,424.87,24.0,42.84
popscoyTKVksa4TyTXw488b3vvFxM7qQEyTBeMQopKu,P-OPS Team,US,North America,204770-US-Chicago,212675,36,19,14,0,3,0.5278,0.3889,0.0833,0.0,20,1,149.21,194.29,266.66,108.09,281.27,27.0,40.239999999999995
puffinQSvKFriPbyE5atyx1ptfnyytovbzxybr1jsyy,Puffin,DE,Europe,395201-DE-Fechenheim,212572,60,44,13,0,3,0.7333,0.2167,0.05,0.0,66,22,96.94,1391.45,2888.05,14.69,2948.74,18.0,447.19999999999993
PAWsME7oYbjt5TRNc11mBa33JhKnQr9AYherdr9YAZ6,Paws🐾 0% Fee/MEV,JP,Asia,395201-JP-Asia/Tokyo,211985,48,36,7,0,5,0.75,0.1458,0.1042,0.0,45,9,202.6,365.27,555.5,151.87,587.33,36.0,54.56
HVXXmNKkmDZbZwj74iL2Y9Wu4SyrchBoxAfFYVAktLrG,fat tails lab,DE,Europe,44486-DE-Offenbach,210671,48,46,2,0,0,0.9583,0.0417,0.0,0.0,49,3,61.43,139.69,247.76,10.35,296.0,10.0,38.279999999999944
AsMpvJ3DZ2Ydu1WTRMAyMH4QjSLiUG39rKzfzvtE1bWr,Nordic Staking 0% fee top APY 2+ years,NL,Europe,214783-NL-Rotterdam,210628,108,100,8,0,0,0.9259,0.0741,0.0,0.0,104,4,55.65,104.83,198.45,20.48,234.02,11.0,25.939999999999998
mD1afZhSisoXfJLT8nYwSFANqjr1KPoDUEpYTEfFX1e,Block Parliament 🦉,JP,Asia,396356-JP-Tokyo,209398,84,57,7,0,20,0.6786,0.0833,0.2381,0.0,63,6,205.46,298.63,603.47,167.06,623.88,36.0,63.38
forb5u56XgvzxiKfRt4FVNFQKJrd2LWAfNCsCqL6P7q,Forbole,LT,Europe,16125-LT-Europe/Vilnius,208729,72,63,1,0,8,0.875,0.0139,0.1111,0.0,71,8,54.11,144.06,775.72,38.13,1340.37,8.0,112.89999999999962
ABC1U4cf9DZMwqy8ktEr4WJj8VHmVBQibbC57gEJthwY,algo|stake,NL,Europe,59642-NL-Amsterdam,206824,84,81,3,0,0,0.9643,0.0357,0.0,0.0,85,4,21.44,39.6,310.46,13.09,367.63,4.0,47.599999999999966
BADc8V9fi8KsZfF26K6DgZsywcJYZTX5EW5jypnVCB8d,,NL,Europe,59642-NL-Amsterdam,206277,60,50,2,0,8,0.8333,0.0333,0.1333,0.0,63,13,29.59,804.93,1561.66,22.08,1612.45,6.0,246.56000000000003
7mF8NZJdREuM1uwYcvKffuY9QJBEoHhNp4hZ4NS2fuXW,Meria,DE,Europe,16276-DE-Frankfurt am Main,205918,48,34,12,0,2,0.7083,0.25,0.0417,0.0,37,3,65.48,158.1,339.54,29.11,359.23,14.0,34.28
mXv18ov8qCiQGs3ieoen981LdgZzYJjJak6reK6fpNC,MX Validator,US,North America,396356-US-New York,205827,60,44,4,0,12,0.7333,0.0667,0.2,0.0,50,6,93.76,169.46,384.97,81.09,411.93,17.0,37.54999999999999
KTMkUG8WCw9FdH44jLMBpc1teGafnYL6SgP4fHHbsNM,⚔️ Epics DAO ⚔️  - ALL 0% Fees ⭐️,NL,Europe,200261-NL-Europe/Amsterdam,204811,72,61,6,0,5,0.8472,0.0833,0.0694,0.0,66,5,48.18,109.48,253.49,12.13,270.67,9.0,40.74999999999997
1KXvrkPXwkGF6NK1zyzVuJqbXfpenPVPP6hoiK9bsK3,1000X.sh,DE,Europe,44486-DE-Frankfurt am Main,204743,48,44,2,0,2,0.9167,0.0417,0.0417,0.0,46,2,54.3,103.07,177.43,12.22,183.65,11.0,29.0
2t53LvZfskcpXkdwLaBnfZLbNgyVHPu2BNFpcRBaEBhM,Kevred,DE,Europe,395201-DE-Fechenheim,204479,72,59,9,0,4,0.8194,0.125,0.0556,0.0,65,6,51.55,120.51,548.05,10.61,548.08,10.0,91.36
8pyp3vfVPRziYdAYEyqkwytdBbdVbQmHqfQAVDcRV3w,Rustiq Technology,GB,Europe,12703-GB-Edinburgh,202107,60,57,2,0,1,0.95,0.0333,0.0167,0.0,62,5,85.99,182.77,295.52,45.72,321.25,16.5,56.07000000000001
D4r6Rcua2L7nHHhdaiZe2k2bTfPg2WQqcNYpG6bugvCG,Limitless Systems,DE,Europe,20326-DE-Frankfurt am Main,200386,24,18,1,0,5,0.75,0.0417,0.2083,0.0,19,1,16.89,40.79,89.58,8.73,99.24,2.0,7.640000000000001
bcZxRSozXDb61a77rxL6n9yumsbatqC7RFmZ8Xi5K8V,,US,North America,396356-US-Dallas,199418,84,62,12,0,10,0.7381,0.1429,0.119,0.0,80,18,133.67,709.84,2002.17,119.01,2450.52,24.0,297.1599999999994
mastWEbKEMjvBCd1uaUBpNjWcfSPhXMWnH9tTrgzn1g,MAS DeFi,MX,North America,20473-MX-Mexico City,198889,36,26,4,1,5,0.7222,0.1111,0.1389,0.0278,27,1,181.76,213.59,245.23,154.57,254.12,32.0,39.0
97jbhVBYcSmwGXjrx5PPWXucDsVBqwyoQ6rzP3B6eeMt,anarcheuz,SG,Asia,396356-SG-Asia/Singapore,198742,24,7,10,0,7,0.2917,0.4167,0.2917,0.0,9,2,418.15,1336.86,1354.95,388.61,1356.96,65.0,96.84
CpuDNi3iVoHXbaT8gHpzKe6rqeBasoYjEKi21q7NRVJS,val37,US,North America,20473-US-Santa Clara,197472,108,92,13,0,3,0.8519,0.1204,0.0278,0.0,111,19,203.53,716.09,1861.24,152.59,1940.66,36.0,275.5000000000001
Ed9WjPnZfAXsPttcqxMwj94qsuXVRyBsyXnDkxFva2Zv,Rakurai | High TPS | High rewards,DE,Europe,213896-DE-Frankfurt am Main,197044,36,36,0,0,0,1.0,0.0,0.0,0.0,41,5,20.21,91.01,211.27,10.64,268.54,4.0,23.800000000000033
BR1aTt4ZZUCwWJDkSYf1hqkYJjo7Mb7Ar8iVTkeSwUB8,Abacus,GB,Europe,20473-GB-Swinton,196370,36,32,1,0,3,0.8889,0.0278,0.0833,0.0,36,4,68.34,158.45,418.67,38.43,454.15,15.0,49.09999999999998
DCdTPyDbXNHrmdv4ZyPPzEfY4mPAqH4hDPtowAteoNgv,bloXroute US,US,North America,396356-US-New York,196216,24,19,5,0,0,0.7917,0.2083,0.0,0.0,20,1,297.37,306.32,314.28,288.23,315.76,48.0,53.81
8GLRbAstsabZuZUx73AoyfGi1FRCWSUhRgMugFyofEz7,Syncnode | 0% Fees  | Genesis Validator,NL,Europe,206264-NL-Europe/Amsterdam,195563,36,32,3,0,1,0.8889,0.0833,0.0278,0.0,33,1,69.87,147.34,266.63,30.72,307.63,14.0,35.76
4VrjyXQT61WFSjuG3ehgqZUK1jqvYqB46veQbXLotq3n,Vault X | 0% fee +MEV,IE,Europe,30058-IE-Dublin,195150,48,44,1,0,3,0.9167,0.0208,0.0625,0.0,48,4,80.84,191.93,877.6,36.36,1284.51,16.5,133.73000000000016
nSGZ3tv2UhskkPqiB666yDVj7PTi9qKgDqvjHyw5JgM,OranG3cluB,US,North America,20473-US-Los Angeles,194906,36,32,3,0,1,0.8889,0.0833,0.0278,0.0,35,3,167.24,225.3,394.37,141.49,407.75,32.0,45.639999999999986
DViARWAWKkxAzp4UCgbw5B9pLSrBY3PaztFErcwgVUKX,Code-Breader,AT,Europe,215120-AT-Vienna,194346,72,50,3,11,8,0.6944,0.0417,0.1111,0.1528,58,8,91.18,382.71,1382.96,29.65,1849.51,16.0,224.46999999999997
8a4juhtQScHcXPAcqVF3otxLMqxZMDALcE3FEVGBnKu8,,DE,Europe,395201-DE-Rödelheim,193707,48,46,2,0,0,0.9583,0.0417,0.0,0.0,49,3,73.45,94.25,213.94,59.95,243.04,12.0,32.63999999999997
BTGPbq4KuFENn4CKuaKGqkaDd3TJD3TEgtMjSrsZnMLb,,SG,Asia,396356-SG-Asia/Singapore,193642,24,15,5,0,4,0.625,0.2083,0.1667,0.0,19,4,206.29,490.55,741.89,170.54,745.62,36.0,71.28
THWsLPufeq9LWs2H9vYPbtFwdxAHbQHvSbT6pztG8x1,THW Validator,JP,Asia,206264-JP-Tokyo,192921,60,51,8,0,1,0.85,0.1333,0.0167,0.0,53,2,199.53,261.44,642.92,156.29,983.7,38.0,86.59999999999978
ciTyjzN9iyobidMycjyqRRM7vXAHXkFzH3m8vEr6cQj,Phase Stake,,Unknown,,192843,12,10,0,0,2,0.8333,0.0,0.1667,0.0,12,2,65.75,359.84,389.94,34.92,389.95,14.5,57.78
4NwpynvugnHvyLzr5h9Y7mw44saGJXDNoBjm6wgMiYDr,,FR,Europe,16276-FR-Europe/Paris,192678,60,50,1,0,9,0.8333,0.0167,0.15,0.0,57,7,29.86,95.87,273.42,11.31,344.93,4.0,27.91999999999996
HyperSPG8w4jgdHgmA8ExrhRL1L1BriRTHD9UFdXJUud,Hyper 🫨,MX,North America,20473-MX-Querétaro City,191936,132,100,16,2,14,0.7576,0.1212,0.1061,0.0152,114,14,176.61,390.79,692.07,151.22,1491.85,31.0,105.2700000000001
4k6wgP5WPBKQpsFGtzuXNrjcTE2fKWLj17nDvFeG5zSF,DawnLabs | 0% Fee + Block Rewards Sharing,DE,Europe,395201-DE-Rödelheim,191691,24,17,0,0,7,0.7083,0.0,0.2917,0.0,18,1,54.11,126.81,159.76,12.0,166.5,8.5,33.14999999999999
MagiCBYNPD9iTBXqiFybAFCREQzG6MSM4LmFLXQZxuV,Magic Eden Validator,SG,Asia,396356-SG-Asia/Singapore,190673,72,56,15,0,1,0.7778,0.2083,0.0139,0.0,61,5,222.89,535.95,1331.68,165.52,1396.73,40.0,198.39999999999998
2zykwzzo1pd3H2oSj5j5SRLTvmpa9Nr2S2Bh8tTVd5Tq,zim.one | 0️⃣0️⃣,US,North America,20473-US-Los Angeles,190588,36,31,5,0,0,0.8611,0.1389,0.0,0.0,40,9,189.74,963.04,1753.12,149.35,1931.36,35.0,244.71999999999997
8AkVj5aAtJ27tYXeq89cnSf68V43NarFHMx2iSDjZv7c,Theta,JP,Asia,17506-JP-tabashi City,190084,60,42,7,0,11,0.7,0.1167,0.1833,0.0,48,6,219.71,403.92,582.35,166.4,619.29,40.0,73.0
4aRPyjsqqFsf5488a9QAaHJLQJMGwoL5P6wRtLmroe2d,SoLove,DE,Europe,29066-DE-Frankfurt am Main,189568,36,34,1,0,1,0.9444,0.0278,0.0278,0.0,43,9,67.99,963.09,1692.22,11.49,1692.24,13.0,274.32
vvvvbtDs9HsdsE6NskZMnb1RA6muoud1ChQuiF9QhSM,Raydium Validator,NL,Europe,20326-NL-Amsterdam,189561,36,25,1,7,3,0.6944,0.0278,0.0833,0.1944,28,3,53.16,235.09,267.38,16.43,267.4,6.0,46.92
MutT1jxCXbRWJXpXoJK259gLrNfzDezdxS3BSkQAmv1,,NL,Europe,60068-NL-Amsterdam,187609,36,34,2,0,0,0.9444,0.0556,0.0,0.0,40,6,72.01,503.07,686.04,30.53,702.03,15.0,66.27
kom1oNHyyt84XLGVfi5Jo1qkVkU5xG1sBxPG19rWknE,Komorebi,NL,Europe,262287-NL-Amsterdam,187395,24,24,0,0,0,1.0,0.0,0.0,0.0,35,11,75.8,1428.79,1833.71,28.34,1850.73,12.0,281.93999999999994
EdFUcP2f6j9iBg5BqsgJn3WDr1JieiKCo41hZ5Zrsk6w,Bitget Wallet,JP,Asia,45102-JP-Tokyo,187077,60,40,8,0,12,0.6667,0.1333,0.2,0.0,44,4,174.55,213.0,439.92,160.32,453.2,31.0,36.57
2XmhZKHmfjku3T3nC9xKhgr5bm1CAmWXqNsNt49mo82C,Soldea Kitchen,FR,Europe,20473-FR-Aubervilliers,186337,60,54,2,1,3,0.9,0.0333,0.05,0.0167,60,6,103.72,213.72,919.28,36.91,1444.42,19.0,140.0399999999995
idCE5k2BtTpwXdwAC7Var1enT9reut9fWECcxQP7LY7,🔥💃🇸🇬 CeriumXYZ,CA,North America,16276-CA-Beauharnois,184545,48,40,8,0,0,0.8333,0.1667,0.0,0.0,43,3,202.2,253.23,456.86,171.29,474.7,36.0,47.739999999999995
LFGGGJtnBLvq78DyMz1gTeedM6f8owck76qHThDABBC,_gamma,DE,Europe,395201-DE-Rödelheim,184448,36,35,1,0,0,0.9722,0.0278,0.0,0.0,38,3,70.93,87.65,119.8,61.34,133.7,12.0,19.260000000000005
7VZM7YHcX73TpGoXDeBu61g4QKC86GwAEnew8dA7Y2xn,BLOCKSIZE,DE,Europe,395201-DE-Rüsselsheim am Main,183939,60,53,4,0,3,0.8833,0.0667,0.05,0.0,59,6,58.63,164.52,308.67,15.81,337.19,12.0,51.84
Stakex4B2tpDHPWGvV1dninfiaYCGdakgTknpzPitLh,Stake.org,DE,Europe,395201-DE-Rödelheim,183802,36,31,0,0,5,0.8611,0.0,0.1389,0.0,34,3,19.46,77.48,661.85,8.38,790.68,3.0,96.56000000000012
73hojLdq1vZDSxeVQEqVFJ4iwLngdvEJPEpEHkSdv6BZ,SuperteamDE x Staking Facilities | Public Goods Validator,DE,Europe,174-DE-Munich,183687,24,23,1,0,0,0.9583,0.0417,0.0,0.0,27,4,264.23,296.78,361.48,57.12,374.19,39.0,51.48
PAD9aPiKJGcbGxuVLbc8o4Vf65GPq3fJQ7PkHWuX6a8,BlueLotus 👩‍💻,DE,Europe,47447-DE-Europe/Berlin,183582,24,20,1,0,3,0.8333,0.0417,0.125,0.0,21,1,57.93,99.98,141.99,18.35,149.06,9.0,23.400000000000002
sTEAKPk59EtPPbixCweyv6oRLNCDEE8pnnef6gUfbiW,STEAK.NET 🥩,DE,Europe,395201-DE-Rödelheim,183406,96,83,3,0,10,0.8646,0.0312,0.1042,0.0,104,21,20.01,951.72,1693.33,5.08,1843.85,3.5,247.82
simpRo1FrQYGa1moicfgnPDp6KyE38d4gYrZzhjXYJb,Simpdigit,SG,Asia,396356-SG-Singapore,180185,36,30,6,0,0,0.8333,0.1667,0.0,0.0,30,0,211.13,260.61,279.29,175.73,281.01,37.5,46.0
HrpWeJSYnQVtZe3BKxFCBrAEr8GRCmYUbQev4hoGDBs6,,US,North America,18450-US-Ogden,179535,24,11,7,4,2,0.4583,0.2917,0.0833,0.1667,14,3,173.2,497.76,1336.95,148.56,1458.42,31.0,186.88999999999987
9FXD1NXrK6xFU8i4gLAgjj2iMEWTqJhSuQN8tQuDfm2e,Grassets Tech | Jito-BAM | IBRL,CZ,Europe,201265-CZ-Europe/Prague,178718,72,45,25,0,2,0.625,0.3472,0.0278,0.0,54,9,99.89,287.91,645.25,31.85,772.01,16.5,91.44999999999996
jagBNeXYncnn1hzwSq1JJ16XhWTgQ7DCFVqndSJZ6vT,Jaguar,BR,South America,396356-BR-São Paulo,177889,48,35,4,0,9,0.7292,0.0833,0.1875,0.0,37,2,200.8,230.62,343.69,183.24,374.01,31.0,36.0
9Wmaz9VPpEnH67ZqrvYd9bcH66DtsGaEKcSQE1ac5wkf,LumLabs,SG,Asia,396356-SG-Singapore,177791,24,19,4,0,1,0.7917,0.1667,0.0417,0.0,19,0,192.13,229.2,271.35,165.07,276.91,35.0,47.0
3CKKAoVi94EnfX8QcVxEmk8CAvZTc6nAYzXp1WkSUofX,Solid State Nodes,US,North America,20473-US-Santa Clara,177723,36,30,3,0,3,0.8333,0.0833,0.0833,0.0,30,0,193.65,250.76,278.2,158.0,278.22,35.5,54.42
4vcmYPfLztUckU3c3FvXDwSq8aDNDqwEpvEiqAv97LGJ,,FR,Europe,16276-FR-Gravelines,177251,36,36,0,0,0,1.0,0.0,0.0,0.0,39,3,32.05,79.38,315.21,19.41,329.99,5.0,47.09999999999999
parafiUS6h6oLhCFwhjvEmQJKw8pF1iXsxMJdTq46dS,ParaFi Technologies,US,North America,13767-US-America/Chicago,176586,24,21,1,0,2,0.875,0.0417,0.0833,0.0,25,4,179.02,609.87,774.79,132.82,795.45,33.0,94.87999999999997
G4GT8z4AKWNoy3x6nuzxW83UfFXLXzrwn7DZQt4GvWdU,FREEZZ,US,North America,20473-US-Elk Grove Village,176244,48,43,3,0,2,0.8958,0.0625,0.0417,0.0,46,3,151.13,230.34,562.51,107.77,743.32,28.0,87.59999999999985
8Nvaxzif1NrdvxNkRetjT8xJvd33EHkKVrfL8EDkgaNy,South,HK,Asia,7979-HK-Asia/Hong_Kong,176003,72,43,25,0,4,0.5972,0.3472,0.0556,0.0,46,3,440.23,949.71,1377.41,274.45,1388.93,73.0,163.44999999999993
H9ENbtmy2tWFtAJNmpC8xQtbcr1NTp4FXLdphRaG8L2T,Bubbles,DE,Europe,3402-DE-Frankfurt am Main,175935,48,27,6,0,15,0.5625,0.125,0.3125,0.0,28,1,262.77,278.72,316.16,235.59,320.61,41.0,49.92
fdzip81euDS8jEZHx5H1mn27zGVMLzkgpQuzYRBfBYG,fd1.zip 📦,JP,Asia,395201-JP-Asia/Tokyo,175828,96,79,8,1,8,0.8229,0.0833,0.0833,0.0104,83,4,392.45,414.25,450.27,175.94,485.8,59.0,70.35999999999999
dcntruDNP5SEcGV4RxnsqXFURdDZGT3DTQv68Q8H7Vu,Decentra,US,North America,18450-US-America/Chicago,174077,24,21,3,0,0,0.875,0.125,0.0,0.0,22,1,141.87,161.57,167.72,130.82,167.81,24.5,29.79
9q16BB7WGmBxf1nJTdxH5zPnBUhtHqdqXqRFjSjuM4k7,JDO Mainnet Validator,DE,Europe,213896-DE-Frankfurt am Main,173497,48,43,0,0,5,0.8958,0.0,0.1042,0.0,49,6,70.74,201.26,343.64,18.16,413.6,11.0,51.79999999999994
1ggyZGbYtEo1WrV1kmXfnvhPeSPxrYAXoDBeApnszLT,Iggyz,CA,North America,20473-CA-Toronto,173264,36,30,0,0,6,0.8333,0.0,0.1667,0.0,32,2,111.89,128.38,204.35,103.31,213.28,20.0,24.380000000000003
8n4pc4sCJtBeLfJdGyJn6EcZuhtfTiepRa9ExdJFdmEN,Pier Two Infrastructure,SG,Asia,16276-SG-Asia/Singapore,173051,96,75,15,2,4,0.7812,0.1562,0.0417,0.0208,104,29,212.45,1193.66,1827.43,161.89,2237.23,38.5,269.97
nymsHergYedT9CJMgtGMvqXUTGcbs5o3MiWTJUbqTGY,Hypo Nyms,DE,Europe,3402-DE-Frankfurt am Main,172488,48,43,1,3,1,0.8958,0.0208,0.0208,0.0625,48,5,254.24,457.32,1306.61,117.43,1505.77,42.0,198.92000000000007
4DraK9wUrMSpzbGjUbSWTHAhJimMyB49HyKhvfwe6e51,Y8 Crypto,EN,Unknown,16276-EN-London,172182,144,136,8,0,0,0.9444,0.0556,0.0,0.0,145,9,66.88,141.32,363.47,22.23,475.05,13.0,49.88000000000005
9UbU7oaVXX6t7bMthxzzGPnWumFNxoWqUwX3qsrxb4pp,,LT,Europe,16125-LT-Šiauliai,172094,60,47,2,0,11,0.7833,0.0333,0.1833,0.0,53,6,77.67,318.19,553.52,54.81,613.75,15.0,76.03999999999994
8ebFZA8NPLBZD91CwsG1HWQsa2B5Ludgdyf5Hi3sYhhs,stake.systems,NL,Europe,59642-NL-Amsterdam,170709,72,50,22,0,0,0.6944,0.3056,0.0,0.0,52,2,62.96,123.83,282.18,20.99,293.93,12.0,40.430000000000014
N43JWBg42ZoUFMkHsRUVbP7wGVdxaHKanqaF9BBNiFC,Quantix,DE,Europe,47447-DE-Europe/Berlin,169634,12,9,0,0,3,0.75,0.0,0.25,0.0,16,7,506.18,1490.04,2032.78,30.45,2092.1,93.0,338.7
bay3wXfJsu9ds1zQBoQQ4DUwFGs3NP6q4gca9WM5G1z,Bay3,DE,Europe,44486-DE-Frankfurt am Main,169303,12,10,2,0,0,0.8333,0.1667,0.0,0.0,13,3,74.86,548.93,660.9,48.4,669.05,16.0,89.67999999999999
vaoJKVZYPAsqc52T2nNQhABR1gU6Cy2koDKfCQaEiva,polkachu.com,,Unknown,29066--Europe/Vaduz,168747,24,19,2,0,3,0.7917,0.0833,0.125,0.0,23,4,203.49,817.42,1037.68,37.73,1092.79,32.0,185.42000000000004
SFundNVpuWk89g211WKUZGkuu4BsKSp7PbnmRsPZLos,Staking Fund,US,North America,18450-US-America/Chicago,167750,12,11,1,0,0,0.9167,0.0833,0.0,0.0,13,2,463.96,474.55,474.61,216.09,474.62,77.0,105.64
dxa6QFqLcByyHykLCAW5tv1VYNVQFV3v6oovM2h8inH,Fidelity Center for Applied Technology (FCAT®),US,North America,396356-US-New York,167438,72,66,6,0,0,0.9167,0.0833,0.0,0.0,70,4,125.67,189.42,388.8,90.47,498.38,24.0,48.89000000000004
RLMS1pv3YKi7CSUCKTNcFN5fFkXJc2SmCwPhbQpqZJo,Realms Validator,JP,Asia,206264-JP-Tokyo,167095,12,8,1,0,3,0.6667,0.0833,0.25,0.0,9,1,204.31,249.09,359.35,168.33,371.6,39.0,43.76
CZanBzZHFzrGY5qKzaX3CNhJ5smHEMTWFFnoeUi4J6dr,Omakase,HK,Asia,206264-HK-Asia/Hong_Kong,167040,36,1,30,0,5,0.0278,0.8333,0.1389,0.0,6,5,747.22,1093.04,1261.23,556.26,1279.92,87.0,211.40000000000003
GiYSnFRrXrmkJMC54A1j3K4xT6ZMfx1NSThEe5X2WpDe,MonkeDAO,US,North America,396356-US-New York,166205,60,54,4,0,2,0.9,0.0667,0.0333,0.0,56,2,126.76,195.15,288.94,92.05,328.65,24.0,40.900000000000006
2N7v8pDKDYhtBUJBQUgxvysUjgM9s4ULPCmeEiPWTf6Z,HAKUHODO KEY3,SG,Asia,396356-SG-Asia/Singapore,165923,48,41,7,0,0,0.8542,0.1458,0.0,0.0,47,6,203.55,256.28,390.69,172.28,392.81,37.0,326.4
GRT7yrpfF1TEvp3RmCzu5YZ74B4EueVMPg5NYtSiPwtD,Tramplin,NL,Europe,7979-NL-Europe/Amsterdam,164315,36,31,5,0,0,0.8611,0.1389,0.0,0.0,34,3,230.76,258.62,331.46,220.02,358.69,36.0,51.050000000000026
5ivRNcK1yThcK3koZR1oikAfuNm6rj1LceMskayoVSzc,,DE,Europe,20326-DE-Frankfurt am Main,163942,24,3,20,0,1,0.125,0.8333,0.0417,0.0,4,1,443.68,494.47,494.49,392.62,494.49,69.5,79.91
2P9ZYA4vBoBBr56hrEFTmrd5ctuz3r7wtvRYmbgk6jRL,Sunshine,US,North America,20473-US-Piscataway,163865,36,31,4,0,1,0.8611,0.1111,0.0278,0.0,33,2,128.66,198.84,230.45,93.28,235.33,24.0,39.0
BuoZ7q6faiJNTN24r7Kcj8dp96axs5XPEKXmWGsh2pDE,,US,North America,20326-US-Newark,163822,24,2,22,0,0,0.0833,0.9167,0.0,0.0,3,1,562.13,1049.2,1158.79,479.59,1170.97,88.0,149.74
uEhHSnCXvWgtgvVaYscPHjG13G3peMmngQQ2ghC54i3,Satellite Staking,US,North America,20473-US-Piscataway,163734,24,19,2,0,3,0.7917,0.0833,0.125,0.0,20,1,121.7,203.0,332.45,92.49,355.79,23.0,40.28999999999999
soLStaCk5TiGCpeLKa9Fvv6f5JQGMa6S3uhLh826e9N,SolStack by Corvus Labs,NL,Europe,214783-NL-Europe/Amsterdam,162815,84,50,18,0,16,0.5952,0.2143,0.1905,0.0,56,6,469.69,658.43,720.11,94.21,741.33,74.0,111.45
FLwV8tm3pL8pZj6d927VASzPrgW51Gf4nRJuTewrfega,Velox Validator,GB,Europe,262287-GB-London,162742,36,21,0,0,15,0.5833,0.0,0.4167,0.0,26,5,143.49,363.44,405.36,76.07,406.73,24.0,65.75
ADjyeNzWd8yhEjCVyAqT87eqoyGRbimERQsNhFQcXjop,💥InfiniteSOL💥 0% Fees,US,North America,204770-US-Chicago,162199,36,30,6,0,0,0.8333,0.1667,0.0,0.0,33,3,147.52,227.51,343.38,104.79,343.71,28.0,42.68
2UBhtRuyr9nvWsUnrbWrvJiYWEU8TVBD4PLYQJKiRa9H,Luna Labs,DE,Europe,44486-DE-Frankfurt am Main,161990,48,45,3,0,0,0.9375,0.0625,0.0,0.0,51,6,62.17,244.13,961.5,13.31,1213.64,12.0,157.5
sbidYi7fbif6qNsMpwBKvyF5DKcLCbjaegpADsKqNux,SolBlaze,SG,Asia,396356-SG-Asia/Singapore,161270,72,58,9,0,5,0.8056,0.125,0.0694,0.0,67,9,219.81,403.84,697.1,172.1,729.35,39.0,78.02000000000001
Ee8dX3qtwrDRnxYK6NGQfmMeKT3Qpp2QZHpxiAiw23W9,StakeNode777,JP,Asia,20473-JP-Minamishinagawa,160859,12,11,1,0,0,0.9167,0.0833,0.0,0.0,11,0,217.68,240.0,267.49,181.06,270.55,38.0,50.5
nebu15XQKGpxzhhckADBX9PgvGN5qk9RRJCFLKc118w,Nebula Node,DE,Europe,44486-DE-Frankfurt am Main,160088,36,27,3,0,6,0.75,0.0833,0.1667,0.0,30,3,56.28,117.35,152.81,19.24,154.8,10.0,25.260000000000005
DeXsDvvZzKhVux4YfDFE6p4acJLGzr8yKt5pSTjzZB8t,LootGo,SG,Asia,216444-SG-Singapore,159793,72,59,9,0,4,0.8194,0.125,0.0556,0.0,65,6,207.49,272.01,474.24,168.38,616.19,37.0,60.91999999999999
fhsM2sxME8cHrrk3qvtMsRRDv5AoLFja7NjNnHeYZxe,Fountainhead 🌱 Funding Dev WITH max APY,DE,Europe,395201-DE-Fechenheim,159659,24,21,0,0,3,0.875,0.0,0.125,0.0,35,14,115.85,1502.28,2169.22,22.44,2210.63,25.0,313.8599999999999
5AsoSeQtLoN8eLsf3wKrR3LwxHME4sTBGR6dpTCP1k3H,some name,CA,North America,16276-CA-Beauharnois,159599,36,27,3,0,6,0.75,0.0833,0.1667,0.0,28,1,104.79,127.57,161.44,91.44,173.41,17.0,23.46
5aD6KB8g4MPt3xJafmMmun86hHMDnoFiGbd5gYiMFZw7,Daiko,SG,Asia,216444-SG-Singapore,159159,60,48,10,0,2,0.8,0.1667,0.0333,0.0,48,0,203.82,269.6,443.24,164.91,469.64,37.0,77.89000000000001
peNgUgnzs1jGogUPW8SThXMvzNpzKSNf3om78xVPAYx,PENGU Validator,US,North America,262287-US-America/Chicago,157445,72,64,5,0,3,0.8889,0.0694,0.0417,0.0,69,5,145.19,214.99,512.63,107.59,555.91,26.0,60.19999999999993
91oPXTs2oq8VvJpQ5TnvXakFGnnJSpEB6HFWDtSctwMt,Stronghold,NL,Europe,214783-NL-Rotterdam,157329,12,12,0,0,0,1.0,0.0,0.0,0.0,13,1,64.62,152.29,301.52,30.34,320.72,11.0,40.479999999999976
dmMwc4RazLHkvDZYrWAfbHQ6cViAvNa5szCJKaiun8S,Ded Monkes,BR,South America,396356-BR-São Paulo,157101,36,28,4,0,4,0.7778,0.1111,0.1111,0.0,28,0,193.14,210.43,234.14,179.54,240.69,34.0,39.92
6k1YkmTKwPRUhChnxA9ryJmbtuQMbro4xFTL6mL9jycB,Sign Labs 🤟,US,North America,29802-US-Los Angeles,155137,36,26,5,0,5,0.7222,0.1389,0.1389,0.0,27,1,151.48,171.13,210.28,141.18,219.97,27.0,31.74
11AMA4mnNbsrPQeuoNN7uiZVJZtqEzQHrTfa5vnbcjk,11ama Validator,DE,Europe,213896-DE-Frankfurt am Main,154246,24,15,0,0,9,0.625,0.0,0.375,0.0,17,2,130.85,312.05,357.42,26.21,364.45,19.0,60.599999999999994
3V2xaccDpFib4DbTksdiveNDmiwpXBqSWyjSof3w1Bg7,Aurora Validator,PL,Europe,20473-PL-Warsaw,153774,36,33,3,0,0,0.9167,0.0833,0.0,0.0,38,5,73.92,174.15,344.98,38.14,398.92,14.5,33.15000000000001
8Yq98CFAorqAc3CN7XtMVgKLrBc78wsBvjhAbFr4sNQ5,MightyMooseValidator,FR,Europe,33487-FR-Paris,153319,12,11,1,0,0,0.9167,0.0833,0.0,0.0,11,0,68.68,78.76,81.95,59.88,82.3,11.0,14.700000000000001
Tri1F8B6YtjkBztGCwBNSLEZib1EAqMUEUM7dTT7ZG3,Trillium,NL,Europe,60068-NL-Amsterdam,153299,24,23,1,0,0,0.9583,0.0417,0.0,0.0,24,1,69.81,138.94,418.75,19.09,497.45,13.0,68.34999999999998
4uH4G6YiD5G8rU3mtPg73C2Uqamrqedy3FboTZcZrh6x,Windfall,HK,Asia,206264-HK-Asia/Hong_Kong,151669,12,8,4,0,0,0.6667,0.3333,0.0,0.0,8,0,444.64,454.31,456.49,429.25,456.73,70.5,72.93
cybi55ebub37HZW9YmRaLh59Lh3kqaLTsEBQwW6vFkC,CyberAlex 👑 MEV,US,North America,20473-US-Dallas,151471,48,47,1,0,0,0.9792,0.0208,0.0,0.0,52,5,171.48,278.29,405.6,126.53,477.83,32.0,53.0
3rqEEEGjHRyndHuduBcjkf17rX3hgmGACpYTQYeZ5Ltk,StakeThat +MEV,DE,Europe,213896-DE-Frankfurt am Main,151320,84,80,2,0,2,0.9524,0.0238,0.0238,0.0,86,6,65.85,158.55,880.26,20.79,3484.33,13.0,125.1000000000027
Fudp7uPDYNYQRxoq1Q4JiwJnzyxhVz37bGqRki3PBzS,huglester,US,North America,18450-US-Ogden,150837,12,12,0,0,0,1.0,0.0,0.0,0.0,12,0,157.29,168.98,196.56,148.07,199.97,29.0,32.89
74Xkp2iLXm315h69sFRiCFjmKnaWkMV8W2LgJwPRSgN5,,SE,Europe,214159-SE-Stockholm,150183,60,44,2,0,14,0.7333,0.0333,0.2333,0.0,49,5,180.55,381.55,762.22,49.05,771.28,32.0,115.03999999999999
NdMV1C3XMCRqSBwBtNmoUNnKctYh95Ug4xb6FSTcAWr,Neodyme,DE,Europe,5405-DE-Berlin,148933,24,20,1,0,3,0.8333,0.0417,0.125,0.0,24,4,59.14,180.07,269.32,40.07,272.86,10.0,31.08
MCFmmmXdzTKjBEoMggi8JGFJmd856uYSowuH2sCU5kx,MCF,JP,Asia,395201-JP-Asia/Tokyo,148665,36,19,2,1,14,0.5278,0.0556,0.3889,0.0278,22,3,202.68,276.1,314.63,158.41,316.07,34.0,55.10999999999999
HLXxkmjb47spcmbbKi3UCfZ2qmFY29t8MN562AEmh2Qh,🧬 HelixNode 0% fee 🧬,RU,Europe,34123-RU-Moscow,148442,36,14,15,0,7,0.3889,0.4167,0.1944,0.0,20,6,241.19,717.25,786.61,108.84,802.6,28.5,119.42999999999999
5HYjArGt81naevDdwMaEx8yeGNw9jYBSDJa8YavT9Mp4,Splash,HK,Asia,7979-HK-Asia/Hong_Kong,148387,36,25,10,0,1,0.6944,0.2778,0.0278,0.0,29,4,438.29,512.01,642.57,419.31,645.14,69.0,85.75999999999999
PKdLMugp1Mf88Ji1GkdqRDBewaUh2cqg79CBEo6eJoQ,PK,FR,Europe,29066-FR-Strasbourg,147892,72,62,2,2,6,0.8611,0.0278,0.0833,0.0278,71,9,47.38,185.92,410.61,30.06,410.65,8.0,58.599999999999994
ECZx4Dfyn2o55KTYbM9r3Dt4VZRcrdfdrst7sUbWgrdU,Orca,GB,Europe,32209-GB-Europe/London,147326,48,43,0,0,5,0.8958,0.0,0.1042,0.0,52,9,135.31,613.87,1254.83,36.51,1459.83,27.5,197.34000000000015
8T8AJfUCXwPFwEMmjca8gCRSktPrqbUBVa6ggNyhLhFJ,StudentSOL,HK,Asia,7979-HK-Asia/Hong_Kong,146205,24,15,9,0,0,0.625,0.375,0.0,0.0,17,2,439.67,579.29,631.13,411.57,640.83,69.0,104.92
c3rtoMCHSbFrLRTAdw4iRowKSn4BrDtvSPbuyJwkHwx,Latitude.sh,BR,South America,396356-BR-São Paulo,145723,48,38,4,0,6,0.7917,0.0833,0.125,0.0,44,6,196.17,353.09,521.16,182.81,573.77,31.0,54.84
EN5F2BU5juUEWr9zRNNqKuQMi9zBUY1YLPHV5EyMrvnW,SunshineVR,GB,Europe,396356-GB-City of London,145231,48,46,2,0,0,0.9583,0.0417,0.0,0.0,49,3,64.81,107.12,218.14,22.03,275.34,13.0,32.79999999999994
capyS1jerxhFp1RehdWRG6kbWi8bnWF3fkEG2RGLsQf,capy,BR,South America,396356-BR-São Paulo,144516,72,47,14,0,11,0.6528,0.1944,0.1528,0.0,53,6,220.51,328.61,1246.04,207.19,1731.64,39.0,141.19999999999942
6c6RrC9TWNgiVXnbZ6hehNuhyh81pZK1yAj5w2nXZTwi,Ivy Oracle,JP,Asia,395201-JP-Asia/Tokyo,142908,48,35,4,0,9,0.7292,0.0833,0.1875,0.0,35,0,166.36,179.62,186.2,150.65,186.65,29.0,34.66
NordEHiwa6wT5TCjdeWJzpsA7DSmWQPqfSS7m2b6cv3,nordstar ⭐ reliable staking +MEV,NO,Europe,34989-NO-Europe/Oslo,142681,12,11,1,0,0,0.9167,0.0833,0.0,0.0,14,3,43.88,369.0,398.78,34.89,400.4,7.0,46.739999999999995
LimeA3gMLb2SjxrKbP7NsWk1UwTZrw4B6Ctc9dmVU6E,LimeChain,BG,Europe,8860-BG-Europe/Sofia,142402,60,51,2,0,7,0.85,0.0333,0.1167,0.0,62,11,96.52,740.97,2590.15,40.72,2620.3,18.0,399.17
GK2YYwmQk58xA2k2SeugY3i334SJVViqTT8sT5wim3Dk,Node1,NL,Europe,59642-NL-Amsterdam,141934,24,23,1,0,0,0.9583,0.0417,0.0,0.0,23,0,61.71,106.0,137.68,25.72,140.87,14.0,22.900000000000006
FjYEr2UCeFzNfAKiFrbhG34Zv8LxbmfHYAFhAfc7SLQL,Easytoken.me,NL,Europe,207083-NL-Europe/Amsterdam,141909,36,31,5,0,0,0.8611,0.1389,0.0,0.0,35,4,62.81,158.93,318.43,19.14,328.71,13.0,46.619999999999976
2AKKnirWVZMhnzuwqpizw9SwfZjGpRFLx2zCCNtPWpbc,The Chimpions,SG,Asia,396356-SG-Asia/Singapore,141238,12,11,0,1,0,0.9167,0.0,0.0,0.0833,11,0,216.19,244.09,245.89,169.73,246.09,34.0,41.9
SWiz7QwnYPm61pWWUUkMhj4r5pZLP1SvYibdHcB2cov,BOOP Wizard,DE,Europe,44486-DE-Frankfurt am Main,140982,24,20,2,0,2,0.8333,0.0833,0.0833,0.0,22,2,62.17,215.68,422.36,17.12,429.48,12.5,58.37
EKgSCR3ahdypkxXcBY43ZNxdmyZqPkKNPey3rwKjqbz7,,GB,Europe,400963-GB-Europe/London,140678,60,47,13,0,0,0.7833,0.2167,0.0,0.0,49,2,901.35,1583.4,1863.29,33.72,1905.46,132.0,256.64
Hj2jzpAp57KyM3SmnYwJbDVrQ8tTWizMon2hhzYzwxet,A Unicorn Julia,DE,Europe,44486-DE-Frankfurt am Main,140389,84,76,2,0,6,0.9048,0.0238,0.0714,0.0,92,16,62.31,335.09,1757.88,11.72,2264.58,11.5,296.01000000000033
2jS8AX38m8F9C5juToW1FmTufEbb1DfDzZJj9HSJcWwo,0% Fees | Easy 2 Stake | Jito MEV,DE,Europe,16276-DE-Frankfurt am Main,139863,24,24,0,0,0,1.0,0.0,0.0,0.0,25,1,50.63,93.15,352.31,23.62,433.19,11.0,41.79999999999994
7nzTzRZzezmugqE5ZjHRMxarhXunpwZ2PUdjV7uYzt7A,Solar | Empowering Youth | 0% Fee + MEV Rewards,DE,Europe,47447-DE-Europe/Berlin,139807,12,4,0,0,8,0.3333,0.0,0.6667,0.0,4,0,73.1,85.7,87.68,51.92,87.9,8.5,13.879999999999999
vahMVcSS3v6uwyFormV7FDAUbQSHwmy6vUedp1P7L42,StakeITeasy🚀High APY + 0% fee✅ + MEV🔥,NL,Europe,58061-NL-Haarlem,138944,36,32,1,0,3,0.8889,0.0278,0.0833,0.0,34,2,72.99,145.74,347.1,23.47,363.2,15.0,54.360000000000014
AmjX7CerZbHrU814UeBp2gJC7gANNG3KrP4c3RyD7TSD,NTT DOCOMO GLOBAL,SG,Asia,396356-SG-Singapore,138726,12,10,2,0,0,0.8333,0.1667,0.0,0.0,11,1,272.89,301.08,410.37,196.05,422.52,41.0,54.9
MBVyz9s72WSfUmbr1S8fgHjDJQkPs1Q4Wxi6A2Mees9,WIZE Validator,SG,Asia,396356-SG-Asia/Singapore,138624,36,31,5,0,0,0.8611,0.1389,0.0,0.0,37,6,207.63,353.49,585.81,166.68,598.39,37.0,65.76
JC7bH7HSZoDhwggBXtRF31cVt71WiizY2J6YDDQfG5er,Valid Blocks,JP,Asia,395201-JP-Asia/Tokyo,138256,36,32,3,0,1,0.8889,0.0833,0.0278,0.0,35,3,197.0,266.32,749.97,161.16,778.11,37.0,81.57999999999996
DnQBmTJyLbBMgJYQLJDqJz25AJModNkyexL5LdVRGnG4,Tane,SG,Asia,396356-SG-Asia/Singapore,136855,24,19,4,0,1,0.7917,0.1667,0.0417,0.0,19,0,209.58,273.45,288.09,166.56,290.41,36.0,54.1
hxMhrsuGPDmkLJ4mTxEjyeMST3VGhTiwJvS9XgHwePj,Suzuko Stake,BR,South America,396356-BR-São Paulo,136685,12,10,2,0,0,0.8333,0.1667,0.0,0.0,11,1,203.06,239.22,269.14,184.46,272.47,34.0,39.7
GWJyUxzcVwRRtpLuLiu1mpiUQsZ4onYFAYfCjQnuLmz5,Pacific Meta,SG,Asia,396356-SG-Asia/Singapore,136403,24,19,5,0,0,0.7917,0.2083,0.0,0.0,19,0,207.07,230.36,239.65,165.07,239.97,37.0,42.82
bookoVmqw4QjVj5BbkFacouadx9M7816wyRkfM7A5Lo,The Library,SG,Asia,20473-SG-Singapore,134360,36,29,7,0,0,0.8056,0.1944,0.0,0.0,38,9,229.85,1229.11,1529.96,170.97,1559.9,39.5,213.45000000000005
BNtHBLo1L2vAG7PBQ6mJvWz7GqVPxBnioXsY2Gjtubrg,CatalystX - Innovation OnChain,US,North America,20473-US-Los Angeles,134147,36,28,6,0,2,0.7778,0.1667,0.0556,0.0,30,2,166.86,213.53,296.07,145.9,310.55,30.0,37.71
CXPeim1wQMkcTvEHx9QdhgKREYYJD8bnaCCqPRwJ1to1,Jito1 (Experimental),NL,Europe,20326-NL-Amsterdam,134038,24,23,1,0,0,0.9583,0.0417,0.0,0.0,28,5,78.7,225.69,530.15,40.21,569.48,13.0,74.79
7Hp1e6BrTBkbBN4wFiNmycPVPsjvyUUBL2tGhYEMT6gt,Bandito Stake,US,North America,262287-US-Miami,132978,36,27,7,0,2,0.75,0.1944,0.0556,0.0,29,2,150.54,263.61,345.1,124.43,354.89,27.0,65.15999999999997
7Nu9ckgtjobZ3MkbadGFKEvRymYuah9HmcxiUJKMM9NB,SoLyrae,US,North America,395201-US-Sterling,131928,48,42,6,0,0,0.875,0.125,0.0,0.0,44,2,127.38,176.24,296.96,95.02,334.49,24.0,37.85
GwHH8ciFhR8vejWCqmg8FWZUCNtubPY2esALvy5tBvji,ART3MIS.CLOUD ☘️,NL,Europe,51088-NL-Amsterdam,131675,48,36,12,0,0,0.75,0.25,0.0,0.0,38,2,67.24,103.92,162.8,28.35,162.82,12.5,25.780000000000015
CpgSfd6QUoBw1267rTtJoZhELqC5q7isKLojBifSbNEE,WestSide 🖖,NL,Europe,206264-NL-Europe/Amsterdam,130594,72,65,7,0,0,0.9028,0.0972,0.0,0.0,69,4,59.64,128.1,391.98,22.37,427.2,13.0,52.23999999999995
HTeRsa3gm3CGrizMoCrtWj4uBZ1NKYcGqh8jfBu2u3Jo,,NL,Europe,214783-NL-Europe/Amsterdam,130426,36,25,9,0,2,0.6944,0.25,0.0556,0.0,32,7,363.55,559.02,1371.66,244.68,1679.73,57.5,214.1900000000002
6xFDLX751L7H9d5fQT9sf2SM5RWWE9LDgqz25pPDbWoJ,TdrSys,NL,Europe,59642-NL-Amsterdam,130397,48,46,2,0,0,0.9583,0.0417,0.0,0.0,56,10,68.93,350.59,937.23,21.74,1340.3,13.5,142.0500000000003
BLUEHGDihXD9CqqC5XFSQzDC3aS5jASohb2BAsXaJokR,Bluestone 💙,NL,Europe,20326-NL-Amsterdam,129043,60,57,3,0,0,0.95,0.05,0.0,0.0,74,17,75.71,1834.32,2800.07,20.14,2822.26,14.5,418.15999999999997
6xUK9Nbonr4eoJNtHGoUEMmYKoPz5mipKzyDBv6deX4d,LuSOL +MEV,GB,Europe,25160-GB-London,128761,48,43,2,0,3,0.8958,0.0417,0.0625,0.0,46,3,68.2,115.55,334.42,26.16,411.81,14.5,47.299999999999926
8hAYbagNt7CMBooFfqVJhBgLqLffpjXTWJMk8yybjJsN,0xNull,HK,Asia,7979-HK-Asia/Hong_Kong,128189,36,25,10,0,1,0.6944,0.2778,0.0278,0.0,42,17,458.37,1565.59,2125.04,416.02,2154.83,70.5,288.66999999999996
SQDS9iwyWvT2mQbSZzuNKGoxuBug5jRHouF6SuMRBkA,Squads,US,North America,18450-US-Los Angeles,128107,108,97,11,0,0,0.8981,0.1019,0.0,0.0,106,9,189.6,290.51,930.5,146.38,950.06,33.5,118.30000000000015
CVRr5oHCAAooVbYze7CvXtRp4FUtkMCSqBZU7MVu8v8e,Coverlet+MEV | 0% ALL FEES ✅,RO,Europe,6663-RO-Cluj-Napoca,127619,12,10,0,0,2,0.8333,0.0,0.1667,0.0,10,0,88.64,156.81,227.31,40.34,235.14,15.5,25.91
D3htsc6iRQJLqCNWcC2xcZgUuvcd1JT8zoYNqraNcTQz,pico🙄.sol x SOLPLANET🪐🚀,DE,Europe,213896-DE-Frankfurt am Main,127010,12,10,2,0,0,0.8333,0.1667,0.0,0.0,10,0,262.03,318.71,337.31,243.94,339.38,42.0,53.91
omeg2wsojzB7tfyAxsFhp8npxHL8yxVnaf51poXCwSd,OmegaNode Validator,DE,Europe,395201-DE-Rödelheim,126625,24,23,0,0,1,0.9583,0.0,0.0417,0.0,26,3,54.45,126.49,191.5,16.82,199.85,12.0,27.75
FGiEdzde7Fco2WLpNQMat299hUVoykJdaA5hxdmCzHiS,Vnode,US,North America,396356-US-New York,126092,24,22,2,0,0,0.9167,0.0833,0.0,0.0,24,2,93.11,112.75,239.84,83.99,259.04,16.0,24.619999999999997
FSyAsxcE7g8pSSEu5nx7Hkz44rMZiYio5Wz8Lszh3Nbi,Honeybee 🐝 +Jito,NL,Europe,206264-NL-Europe/Amsterdam,124987,36,36,0,0,0,1.0,0.0,0.0,0.0,40,4,62.79,132.75,481.12,21.37,502.59,12.0,69.83
8nbE53mcKhy74HLiGZ1q5HRocwiCvgh49csSaHSdtukr,"Moutai Validator 🚀 Performant, Secure and NO Fees",EN,Unknown,16276-EN-London,124841,12,8,1,0,3,0.6667,0.0833,0.25,0.0,11,3,31.01,127.73,230.45,18.85,241.87,5.0,25.200000000000006
9ppJrpsbbuGNjiMhhD52Ueco4KXUzVfrtNQ6tAcDab4f,johndoe,FR,Europe,16276-FR-Strasbourg,124791,36,33,3,0,0,0.9167,0.0833,0.0,0.0,33,0,87.86,171.78,376.97,14.48,430.57,12.0,63.279999999999994
93Q99nhdKjuSe6WNXgMBbC3s8QVQEAoHKt91PNRkUkMn,STEALTH,DE,Europe,44486-DE-Frankfurt am Main,124591,48,41,1,0,6,0.8542,0.0208,0.125,0.0,54,13,63.51,975.86,1513.79,21.91,1710.95,12.0,260.15
FCWkGAHDWK41ANjiaoPudkCZRkvTecaEkoZQugezUnpr,maxfillipov,FR,Europe,16276-FR-Strasbourg,124432,24,24,0,0,0,1.0,0.0,0.0,0.0,25,1,60.88,165.01,359.8,19.01,398.99,12.0,63.59999999999993
9dH6wfdJVgnDcbCUjT8rkmejAzTnGQaFarmLfvBYXANK,4CRYPTO,JP,Asia,20473-JP-Minamishinagawa,124260,12,10,2,0,0,0.8333,0.1667,0.0,0.0,10,0,198.72,223.69,286.0,162.8,292.92,36.5,48.28
E99w1XfS4UNM1xUKXWEuDmj8Mduy7u65jm2NCULTspSV,Project Super,BR,South America,396356-BR-São Paulo,124099,24,15,5,0,4,0.625,0.2083,0.1667,0.0,19,4,194.38,469.16,555.1,182.46,555.11,34.0,60.1
CTwsruptUccEtZGNxBDbuusHYxkBX3P6ndrxVjSG213y,CryptoVik,SG,Asia,216444-SG-Singapore,123536,24,18,2,0,4,0.75,0.0833,0.1667,0.0,20,2,210.76,292.3,431.81,162.97,442.21,38.5,54.05
6NDen7aDi65apHo8m1Vea4nuS6LyjQeM6pDNqcW4Q5Pg,0node.io,HK,Asia,206264-HK-Hong Kong,123065,24,21,3,0,0,0.875,0.125,0.0,0.0,22,1,208.65,236.56,250.97,193.75,253.21,37.0,40.58
3Pfubj3ytkRxFAGwFb5vtacuZJUxko5Du39xie9MBXuC,[NODERS],JP,Asia,395201-JP-Asia/Tokyo,122992,36,23,5,0,8,0.6389,0.1389,0.2222,0.0,24,1,198.37,225.13,357.26,159.62,392.35,35.5,45.08
2kVZVTY8FMRZ3WuHzyqNz8qd4Ytbba9f9DaesUm5WLvR,SunStake,ES,Europe,20473-ES-Madrid,121694,48,42,3,0,3,0.875,0.0625,0.0625,0.0,44,2,150.83,161.11,168.98,140.87,169.33,26.0,29.57
5zm9g3zgAPWzX3wmUB2JtTkcwCqe74NWsTmt5wLFwCKK,00Tokyo,JP,Asia,396356-JP-Tokyo,121069,12,8,0,0,4,0.6667,0.0,0.3333,0.0,8,0,208.82,244.95,252.86,184.93,253.74,35.0,44.93
DZKTNGR3r4Akj3G42ReZatKhkmgEXoZjk5Ed2tFwRyqm,Dante 🐾,SC,Unknown,206264-SC-Indian/Mahe,120221,36,33,3,0,0,0.9167,0.0833,0.0,0.0,36,3,59.65,110.16,891.98,22.34,1233.55,11.5,135.04999999999978
D8kuk3qEiVBGwYkuMGKfBDwuRi6jjRkzjAZg45fdaRLx,LuminaNodes,US,North America,20473-US-Atlanta,119956,36,28,4,0,4,0.7778,0.1111,0.1111,0.0,32,4,248.74,423.01,605.0,150.19,661.28,40.5,75.45
2uxEHizFmmnLekKG2LZJwxNabhpymEYfdVCpgDxjt87m,🍀PADDY - 💰JITO-BAM,IE,Europe,39122-IE-Europe/Dublin,119836,24,10,11,0,3,0.4167,0.4583,0.125,0.0,12,2,80.76,111.82,122.46,44.08,123.78,13.5,25.78
5XKJwdKB2Hs7pkEXzifAysjSk6q7Rt6k5KfHwmAMPtoQ,Moonlet,JP,Asia,395201-JP-Asia/Tokyo,119427,48,29,6,0,13,0.6042,0.125,0.2708,0.0,33,4,204.57,356.35,490.44,174.76,527.27,35.0,52.04
9hQqNe3DQTiwhspatewA8EXhz12e6sq5UJVJ2qNRwnTf,Stake Shark,US,North America,262287-US-Chicago,119346,48,35,5,0,8,0.7292,0.1042,0.1667,0.0,37,2,131.39,179.28,284.38,114.8,333.71,22.0,32.92
6pEtDovpyd1zUMYPuNhMCPU37sUTEAtzzgoVVAh1G1JL,Zemnoi 👾,NL,Europe,206264-NL-Europe/Amsterdam,119014,12,12,0,0,0,1.0,0.0,0.0,0.0,20,8,72.5,413.56,413.61,31.07,413.62,31.5,292.43
7G4RfctwLLgqG4ZWfCirU8dfJd87mKQWgB4EHQRv8i7v,☄️ The Mandalorian ☄️,SC,Unknown,206264-SC-Indian/Mahe,118876,60,58,2,0,0,0.9667,0.0333,0.0,0.0,60,2,72.84,356.67,959.9,23.4,976.73,15.0,177.09999999999997
GFXVa19rX6iwfs3sLS5UvX9Exu2usRsG4V5MRMDRo23V,GooseFX - 0% Fees,DE,Europe,213896-DE-Frankfurt am Main,118485,24,23,1,0,0,0.9583,0.0417,0.0,0.0,23,0,29.34,37.81,68.51,12.49,76.6,4.0,12.560000000000002
8uPW9msN75rfaKiwy8y8NxEX5zSk2WejtVv5YhZr3jCo,Lumos Maxima,DE,Europe,395201-DE-Fechenheim,118317,36,33,3,0,0,0.9167,0.0833,0.0,0.0,47,14,69.02,822.87,1750.17,12.44,1958.67,14.0,270.0799999999999
CtvdyHYt8cMuGVHFarV2RADfoCdnrbd8e9jAsB225uMW,SolanaBull 🚀,JP,Asia,206264-JP-Tokyo,118283,24,12,2,0,10,0.5,0.0833,0.4167,0.0,16,4,206.19,499.2,582.72,166.38,590.27,36.0,51.85
BSGMRbK97DcgLe4u4kfNQnmTVZGVnwdtKQBJqWRBTZxU,Black Sea Gold,US,North America,204770-US-Chicago,118031,48,39,5,0,4,0.8125,0.1042,0.0833,0.0,45,6,148.7,491.05,680.73,106.24,702.62,27.0,84.04000000000002
As9NxA9bCfhrVLAFyGeWG5X5iLYPGhU3R7nLfX3tN6am,Elysium 🧊 0% fee,NL,Europe,206264-NL-Europe/Amsterdam,117326,24,24,0,0,0,1.0,0.0,0.0,0.0,25,1,61.8,144.07,205.74,19.35,210.04,13.0,35.83999999999998
DupN8puwoPdFo9EYm8AXemEn9cMsore1QmZzfPaxyUG4,Buffalo Steve,DE,Europe,20473-DE-Frankfurt am Main,117285,36,35,0,0,1,0.9722,0.0,0.0278,0.0,36,1,51.16,108.02,137.72,15.32,141.75,10.0,22.599999999999994
3tzpLMWRkWucvTRWU5PjgKzN1iwJuV69yCCjmuuo4gTk,TruFin by Twinstake,NL,Europe,20326-NL-Amsterdam,116624,24,19,4,0,1,0.7917,0.1667,0.0417,0.0,22,3,258.28,312.07,324.31,235.98,325.57,40.5,50.79
4JahMMrVRS1gimWoXpD5H6KwKc2MrsoTDFMaStMttL1E,xSTAKE | 0% fee,DE,Europe,20326-DE-Frankfurt am Main,115878,12,7,2,0,3,0.5833,0.1667,0.25,0.0,10,3,66.54,316.48,448.9,18.31,463.61,16.0,53.21000000000001
7Nn8qBJey7vXtVFMNBbbuN8UkujU8Y6nWzbHVGuf49yV,livechanger,JP,Asia,20473-JP-Osaka,115809,12,8,3,0,1,0.6667,0.25,0.0833,0.0,8,0,229.99,275.15,288.29,197.09,289.75,43.5,50.72
HFTcVVrX93SJwYHAiiHAssb3c4zXqSsF4mNjg5arGPEj,Alien 👽 0% +Mev rewards,NL,Europe,206264-NL-Europe/Amsterdam,114458,12,12,0,0,0,1.0,0.0,0.0,0.0,14,2,83.55,357.57,465.24,37.11,465.24,16.0,74.61
4QNekaDqrLmUENqkVhGCJrgHziPxkX9kridbKwunx9su,Stakeconomy 🚀 Jito MEV + Triton.One,US,North America,262287-US-Chicago,113043,24,21,3,0,0,0.875,0.125,0.0,0.0,22,1,159.07,220.11,249.97,116.17,255.07,27.5,43.79
3DaPk6TdeGnEBwTR8fEyZSLkdayk6vZXrqGZhAgYK8BV,Stand With Ukraine,JP,Asia,206264-JP-Tokyo,112900,48,26,5,0,17,0.5417,0.1042,0.3542,0.0,32,6,202.53,625.22,791.04,165.41,793.87,33.5,100.38
DiveRaPKviyDnQyiiMFdV4rujsCBJzMNvPjKfvGNLGvL,Onchain Divers,NL,Europe,206264-NL-Europe/Amsterdam,112497,12,10,2,0,0,0.8333,0.1667,0.0,0.0,13,3,112.03,459.6,533.15,57.91,542.57,18.0,77.79999999999998
99rG5AhkVagxJ7y8NpMAmy1h1u9GhT3h1Cimu2X3cwaJ,,NL,Europe,262287-NL-Amsterdam,112440,60,54,3,0,3,0.9,0.05,0.05,0.0,60,6,23.29,68.17,718.14,12.84,757.48,4.0,65.2599999999997
8W8v28d1fBZE1fkaaHbowJM4hGZGnVHWNK1NyhUsob6Z,Michigan Blockchain,DE,Europe,395201-DE-Rödelheim,112366,48,41,1,0,6,0.8542,0.0208,0.125,0.0,43,2,16.01,25.78,121.05,9.69,162.48,2.0,14.119999999999976
revtecFsGSRCdF29atQvchSXrjwBesA9vSisD4fyH5K,RevTec | 100% Block Reward,DE,Europe,58010-DE-Europe/Berlin,111756,36,24,1,0,11,0.6667,0.0278,0.3056,0.0,37,13,69.6,1007.16,1371.37,8.99,1487.59,13.0,238.20000000000005
Fb77sbwgXmtjmkjkaoSckGp5yg3nqdtD8zf1dyxxiCSf,GXFC Validator,NL,Europe,59642-NL-Amsterdam,111095,24,24,0,0,0,1.0,0.0,0.0,0.0,24,0,58.92,124.46,150.82,26.0,158.0,11.0,24.0
5t4shVsKnUqgjmhK3fFNsvyju2E6Rd7cc4S5pmqqEVEW,SteakStache,BR,South America,396356-BR-São Paulo,110633,36,27,6,0,3,0.75,0.1667,0.0833,0.0,30,3,198.56,242.76,2475.92,182.97,3314.51,35.0,365.60000000000036
HMWXfjaeSHhww1wvdBhqhHVP9v96mFB4LJ9xP2MXbDGH,CyberVillage,DE,Europe,47447-DE-Europe/Berlin,110254,24,24,0,0,0,1.0,0.0,0.0,0.0,26,2,56.54,119.07,215.15,13.94,215.16,10.5,23.75
3BeharBd3j4sKQp7Qze27JLQLd9AEEwGTX9TC7dXYSNw,Dragon Trust Stake,DE,Europe,395201-DE-Rödelheim,110167,36,26,1,0,9,0.7222,0.0278,0.25,0.0,33,7,69.02,506.35,1328.16,14.03,1678.15,13.0,197.11999999999995
8aySXUFrqJz5kath6aVijrkBH8ZtxMWJGhYXwYBpKmHK,L0vd 0% fee +MEV,NO,Europe,34989-NO-Oslo,109764,48,41,5,0,2,0.8542,0.1042,0.0417,0.0,49,8,96.04,259.95,568.41,38.39,672.75,17.0,88.07999999999988
7HMHSdQkjDwz9Q5zAhEy83uzW3XHJchjdpMYapKXcKt5,GERSIA,US,North America,20473-US-Piscataway,109415,12,11,1,0,0,0.9167,0.0833,0.0,0.0,13,2,134.1,610.94,703.82,100.88,710.36,28.0,103.79999999999998
LitxAVo3RnYXD2sX1TyRJxfnKy48amXgyGiysPZjZwE,Litx - 0% Commission,NL,Europe,214783-NL-Rotterdam,109272,36,33,3,0,0,0.9167,0.0833,0.0,0.0,33,0,71.45,123.44,155.14,27.66,156.91,13.0,27.68
FyLVPAKkgdAy8Gn9jnFYN5yjC1ubQWRkw2EHt2UnC8uA,Solary | 0% +MEV,NL,Europe,20326-NL-Amsterdam,107379,48,45,2,0,1,0.9375,0.0417,0.0208,0.0,48,3,77.71,323.71,856.35,29.84,907.3,14.5,145.54000000000002
7knvB4bbqHCKuNp3ef2hJWdwqoH6WAUi55NQt6LdRfkx,AutoStake ⚡️ 0% fee,PL,Europe,201814-PL-Warsaw,107249,60,33,27,0,0,0.55,0.45,0.0,0.0,38,5,144.97,389.92,2351.12,43.72,2504.75,25.5,364.1000000000002
spur5CDwBvTZszvy1ozGjRc1x2TuDWo3VF4jrq7zgvD,,DE,Europe,1299-DE-Frankfurt am Main,106580,24,10,12,0,2,0.4167,0.5,0.0833,0.0,10,0,255.68,945.78,988.28,29.11,993.0,52.5,124.55
BiGcsiuFCLuiTzXoQgfLdge9sfpwr55YzdT8Kp7bCXmS,,NL,Europe,20326-NL-Amsterdam,104496,12,12,0,0,0,1.0,0.0,0.0,0.0,12,0,383.41,778.49,2507.66,259.97,2719.8,35.5,197.17000000000007
SELEXm1aELCweknS2tsG6A4WivjVvgrTWn9doHNLj66,Selex Validator,NL,Europe,206264-NL-Amsterdam,104213,60,53,4,0,3,0.8833,0.0667,0.05,0.0,60,7,78.17,538.77,1023.63,17.17,1032.28,15.0,170.82
5fSQdv4zsAJNx6RKpGho6sL6rY6a8nziaqcmwaRJB9NE,Blossom,DE,Europe,395201-DE-Fechenheim,103915,24,22,2,0,0,0.9167,0.0833,0.0,0.0,25,3,90.34,109.7,138.99,73.52,141.93,15.0,25.279999999999994
NATsUSZGohWw8xtLdxG4yus21UCkaes4FLfM2eqKbRk,Kisetsu Stake,SG,Asia,396356-SG-Asia/Singapore,103379,36,32,4,0,0,0.8889,0.1111,0.0,0.0,36,4,205.06,287.43,475.13,167.23,550.53,35.0,50.89999999999999
LunaowJnt875WWoqDkhHhE93SNYHa6tfFNVn1rqc57c,LunaNova,GB,Europe,3170-GB-Europe/London,102675,36,34,2,0,0,0.9444,0.0556,0.0,0.0,50,16,103.17,1691.11,2919.31,37.34,3562.77,19.0,462.60999999999956
meshRrDTME9cL2FSQ9E56EncfkZ7vL8apwcCFsw3o6Y,Mesh Validator,SG,Asia,20473-SG-Singapore,102555,36,29,2,0,5,0.8056,0.0556,0.1389,0.0,32,3,172.8,233.41,769.06,159.22,939.62,30.0,42.07000000000001
EAW9vxqogvdPNapq7QTDpiVTHK6o7begUhPVnf854VTc,CuBe-M,US,North America,20473-US-Los Angeles,102243,12,12,0,0,0,1.0,0.0,0.0,0.0,12,0,185.55,231.88,239.33,149.36,239.87,32.5,44.56
CjmXSapt1ouz3CZzgkRJckBEwMSo5fVdVrizLeRscwYD,Mad Lads,US,North America,26042-US-Draper,101500,24,0,18,0,6,0.0,0.75,0.25,0.0,2,2,1511.78,1527.78,1531.38,1491.78,1531.78,12.5,13.97
3tm92VTxwyZ5MDhGoYR4tVTkwWYkzfam6hwBjauUACCk,kuma🐻validator kumaSOL LST🚀🚀,JP,Asia,20473-JP-Minamishinagawa,101052,48,32,8,0,8,0.6667,0.1667,0.1667,0.0,38,6,237.84,857.95,1250.85,176.84,1253.09,41.5,176.26
axy3tCRL3wmFMVG4c69rYurcf4fXhBo2RcuBj9ADnJ4,Somos Validator,SG,Asia,396356-SG-Asia/Singapore,100939,12,1,9,0,2,0.0833,0.75,0.1667,0.0,4,3,522.43,620.77,642.79,206.72,645.23,27.5,48.58
BPKAfGkkzF5u1QRjjB1nWYYbPMUCMPJe1xZPmwEMNMCT,GateOmega | SolCircl.app,DE,Europe,395201-DE-Fechenheim,100680,36,20,13,0,3,0.5556,0.3611,0.0833,0.0,20,0,55.25,63.65,120.39,24.15,132.12,8.5,22.859999999999992
AmhQFcGvH2hjkucP78rn6GMKSbstYwyFpCDVKZUwBGrG,myhauz,US,North America,18450-US-Ogden,99616,12,10,2,0,0,0.8333,0.1667,0.0,0.0,10,0,163.17,188.18,213.35,146.85,216.14,27.0,35.46
EBk678aQvc3cUkfGyoehfw21JQfJXjmWuBeopYc89RSV,佛金疯 Solana Chinese Community,US,North America,18450-US-El Segundo,98158,24,17,4,0,3,0.7083,0.1667,0.125,0.0,18,1,154.19,324.86,571.87,140.22,577.03,27.0,104.46999999999998
9pBHfuE19q7PRbupJf8CZAMwv6RHjasdyMN9U9du7Nx2,H2O Nodes 🔥💃,DE,Europe,58010-DE-Europe/Berlin,97747,24,20,0,0,4,0.8333,0.0,0.1667,0.0,21,1,72.46,199.43,274.99,19.09,293.86,14.0,47.800000000000004
9ueKvL3WiLM4mNUZrfWqPTYY2Np5YwzFTYvAiPibx1Zq,,DE,Europe,395201-DE-Rödelheim,97082,36,21,15,0,0,0.5833,0.4167,0.0,0.0,22,1,48.33,99.12,123.53,22.15,127.7,10.0,23.529999999999994
BuonuQoAR74GoMwCFhxKWVWWSGGt2wfbNmQ3cizaJ97G,Solarius☀️,DE,Europe,395201-DE-Hattersheim,96828,12,10,1,0,1,0.8333,0.0833,0.0833,0.0,10,0,84.47,92.67,95.5,75.1,95.82,14.0,17.82
CpNnGGhgVATJAbzHUXdrcGfpPiGuZyPka4QUmH7YgavX,DICS - Degen Infrastructure Core Services,US,North America,18450-US-Ogden,96542,48,43,5,0,0,0.8958,0.1042,0.0,0.0,45,2,173.56,244.5,1093.09,147.2,1446.14,34.0,150.5600000000003
7PpXQgDb9eCHN1Uudgi77Wm89cRz4T85YgDw83qvaJXd,Nodance 💃 00,US,North America,20473-US-Elk Grove Village,95948,36,33,3,0,0,0.9167,0.0833,0.0,0.0,34,1,144.52,184.61,223.9,103.18,225.1,26.0,38.67
Fy7RCjDdFLG8wLn7TBKbccaKwYX1FetdSoVDREdUHf5o,3SDK,SG,Asia,20473-SG-Singapore,95838,48,38,7,0,3,0.7917,0.1458,0.0625,0.0,56,18,207.85,1216.41,1709.19,163.15,1821.76,37.0,259.6000000000001
6qwYjs5vCSEKaTMBbHinnW8fvdGj1r8cpzPoAV1EHKsw,Fast Runner,GB,Europe,174-GB-London,95674,12,11,1,0,0,0.9167,0.0833,0.0,0.0,11,0,74.76,96.47,98.13,29.84,98.32,13.0,19.700000000000003
EydLxzdWfD434DDxZYXkTcajvK5VKH7p6CofEDCRUkJ4,Bernardo Beacon,GB,Europe,174-GB-London,95134,36,28,3,0,5,0.7778,0.0833,0.1389,0.0,35,7,69.17,221.53,427.34,27.41,506.93,15.0,63.75999999999988
E9hD3ikumJx1GVswDjnpCt6Uu4WG5mz1PDWCqdE5uhmo,cp0x_by_STAKRspace,HK,Asia,206264-HK-Asia/Hong_Kong,93910,36,31,5,0,0,0.8611,0.1389,0.0,0.0,35,4,208.61,273.97,624.43,202.18,624.45,37.0,60.66
AiBEt9kE8yZ4CnaLfTCGMp7Fg2wCtqhPTfvJ8D3zrLfu,nodtech,LV,Europe,8285-LV-Riga,93214,12,8,1,0,3,0.6667,0.0833,0.25,0.0,10,2,121.84,222.73,257.71,45.51,261.6,17.5,25.82
eyeYaqg9e2L6xw7YwsSLm27eWJfhLNAm6ETQm8TXNoK,Eyenotion,BR,South America,396356-BR-São Paulo,92313,12,8,1,0,3,0.6667,0.0833,0.25,0.0,11,3,187.93,343.94,431.22,180.0,440.92,34.0,36.0
novaeuhY2JH2WHhc9KVTHDx2cyJZdXJC6faf4CtARZn,Nova Consortium,DE,Europe,51202-DE-Europe/Berlin,92212,12,11,0,0,1,0.9167,0.0,0.0833,0.0,13,2,80.53,702.85,848.75,7.95,852.35,15.0,39.76
5pZvwjSpGYCxpJeySwSbSAji7kZe4YntL7rQvXM3YcNT,Solstice,DE,Europe,29066-DE-Frankfurt am Main,91166,12,10,0,0,2,0.8333,0.0,0.1667,0.0,12,2,15.62,129.72,164.78,11.24,167.96,3.5,14.450000000000003
EATpCzQNs8BzZh1mx1hXMAJm3o1MLXakTXr4UEmcsY7f,EAT TRIBE,US,North America,204770-US-Chicago,90233,12,8,1,0,3,0.6667,0.0833,0.25,0.0,8,0,154.29,162.38,168.04,106.91,168.67,28.0,36.86
HgozywotiKv4F5g3jCgideF3gh9sdD3vz4QtgXKjWCtB,coyote.staking,CA,North America,20473-CA-Toronto,90160,12,9,3,0,0,0.75,0.25,0.0,0.0,10,1,170.85,235.36,552.45,120.38,587.68,30.0,75.13000000000001
gojir4WnhS7VS1JdbnanJMzaMfr4UD7KeX1ixWAHEmw,Gojira,JP,Asia,206264-JP-Tokyo,89664,24,15,2,0,7,0.625,0.0833,0.2917,0.0,16,1,194.8,235.06,247.52,166.04,249.45,33.5,45.7
FSVdqBzx5D4UsqBLnvmH5dFx2dCm1pTPAbQWJ1PYzTJ2,,NL,Europe,20473-NL-Amsterdam,89105,72,69,0,0,3,0.9583,0.0,0.0417,0.0,71,2,23.87,40.99,163.45,14.95,176.54,4.0,20.799999999999983
avnujiRNoSRe9PcET42DPKznyfYnb2LRaZAsqv6REZo,AVNU,JP,Asia,396356-JP-Tokyo,89051,12,11,0,0,1,0.9167,0.0,0.0833,0.0,13,2,203.41,291.79,321.86,168.3,325.03,35.0,45.76
sfvTq7ojrEc5WdXcHijz676eX1pc5MgoLxbkYSdRDAB,soltop.sh,BR,South America,396356-BR-São Paulo,88934,24,17,2,0,5,0.7083,0.0833,0.2083,0.0,19,2,200.11,238.84,321.43,182.39,334.16,33.0,36.0
4Kbcyn7JVPAWLRLPsNGTPmcNMvCkLTw51ZLRhqsUC6jP,,US,North America,18450-US-Ogden,88532,12,10,1,0,1,0.8333,0.0833,0.0833,0.0,10,0,163.09,169.4,179.33,151.64,180.43,28.0,29.91
Bs19Z9SokV1s46jutN9tqqaCgYf1GsVyyytVfkzwn9qK,Empyrial Validator,US,North America,20473-US-Los Angeles,88212,12,10,2,0,0,0.8333,0.1667,0.0,0.0,10,0,153.15,161.77,169.77,143.93,170.65,24.0,26.91
ByszyWdqC3rVMWy8f6jwK5cmwkpwYdwsr7UL58xS5vnm,ILY♡ Validator ➕ Firedancer🔥 ||neochibi culture X:@ILY_validator,JP,Asia,20473-JP-Minamishinagawa,86600,24,5,9,0,10,0.2083,0.375,0.4167,0.0,6,1,390.04,428.87,462.79,375.44,466.56,58.0,64.8
mythxvB89eT3C1TKwwhsvdHfYq2aoCt2es8vLoDFYyk,Mythx,SG,Asia,396356-SG-Singapore,86187,12,7,2,0,3,0.5833,0.1667,0.25,0.0,9,2,198.19,367.96,368.0,174.1,368.0,34.0,45.68
9PRr9k87HjjdLMRkxtxygidjxVta9VQ1kAsqgLBWXKdQ,Golden Tower Staking,CA,North America,16276-CA-Beauharnois,86153,12,8,2,0,2,0.6667,0.1667,0.1667,0.0,8,0,117.04,134.58,144.89,111.03,146.03,24.0,27.93
ReFiqMfGnc7tW8WQtFFcJRPZSDAWDBnAsdoFYF2QnfR,ReFi Hub,AR,South America,396356-AR-America/Argentina/Buenos_Aires,85673,36,29,7,0,0,0.8056,0.1944,0.0,0.0,31,2,241.45,255.7,630.29,231.52,716.36,42.0,60.999999999999986
Crg1X8FftV44NmwfFvgREjanBQmyyS7NEu6duLU7Cyy6,Chronoflare,NL,Europe,206264-NL-Europe/Amsterdam,85399,12,11,1,0,0,0.9167,0.0833,0.0,0.0,11,0,76.62,165.25,165.3,37.83,165.3,12.0,32.300000000000004
4W3jdXyqhLCjzA3Liu8ZNjViwrc6N9YjSB7obbxfjcKE,Glory to Ukraine,DE,Europe,47447-DE-Europe/Berlin,84624,36,34,1,0,1,0.9444,0.0278,0.0278,0.0,35,1,62.75,118.01,220.84,20.07,249.61,11.0,37.31999999999999
RAuSNo4DRjo83uGhdgg4fPqYBVszi1KsrQGpqcPHK1D,Hubra,SG,Asia,29066-SG-Singapore,84229,12,6,3,0,3,0.5,0.25,0.25,0.0,8,2,215.92,287.94,333.09,186.63,338.1,35.0,44.44
32jCuWyy4aJjyv4gd4DSGBHmFU5KUSSfqbmPb9GpMin6,,US,North America,18450-US-Ogden,83993,48,32,5,0,11,0.6667,0.1042,0.2292,0.0,36,4,167.19,294.1,566.79,146.55,573.18,29.5,67.25
Hu7pi2Xg5Kav8vSAUUr5CCZaEmMCzT6FgCTpueu3oBtW,,JP,Asia,396356-JP-Tokyo,83847,24,12,7,0,5,0.5,0.2917,0.2083,0.0,13,1,423.64,446.3,479.53,411.49,483.82,69.0,76.28
STPTshazcjH6cZMHzQBrggFSPHXYCTRGB7ctqS1AjkH,Solana Portugal,US,North America,18450-US-Ogden,83032,12,10,2,0,0,0.8333,0.1667,0.0,0.0,10,0,181.19,238.45,264.59,146.09,267.5,32.5,50.730000000000004
2dxz129YxB1xtf7Mx6HUT5JspexArNNtQt84FYueWZV7,NeNa 🌻,CA,North America,16276-CA-Beauharnois,82751,12,11,1,0,0,0.9167,0.0833,0.0,0.0,11,0,114.38,125.15,142.64,103.74,144.59,20.0,21.0
BCJN2vZFAHDYmufBDcbD5UAQHSyerXfc6UQkgX3mSWuh,TomYum,GB,Europe,262287-GB-London,82621,60,32,3,0,25,0.5333,0.05,0.4167,0.0,36,4,103.92,211.09,251.02,51.76,266.1,18.0,36.3
ECeaWy82CxpeJQr3EG3XNmYXc9NrVeWDH5ag9Lt6TPVR,SolX +Mev,US,North America,20326-US-Newark,81688,24,22,1,0,1,0.9167,0.0417,0.0417,0.0,30,8,183.05,1742.75,2747.62,102.75,2878.91,33.5,443.70000000000005
chdvWr6T14nqGRFD37KY36dsvhkCtDaufW5rpu3AfHe,CH Dev,BR,South America,396356-BR-São Paulo,81561,12,10,2,0,0,0.8333,0.1667,0.0,0.0,12,2,193.6,304.71,349.92,183.4,354.07,35.0,38.78
5FbKKGdEaFcxGxxaLKVvBes2JxiKbreh8w2ZpMcSQ2a5,Table Rock Jungle Lodge,GB,Europe,20473-GB-Europe/London,81553,24,24,0,0,0,1.0,0.0,0.0,0.0,27,3,39.55,85.32,236.27,32.17,249.98,7.0,26.219999999999995
dst2u7mXMyDvb14cSErRNA1mxH1d5VXbSXgZ3DKE9xH,Dust Eleven,BR,South America,396356-BR-São Paulo,81314,24,16,1,0,7,0.6667,0.0417,0.2917,0.0,28,12,200.38,1417.28,1736.06,187.13,1751.83,35.0,248.57
1i1yPyh843bTfi5qPgqozTbDcEX65rUNEFcUT2KAs2i,Lilith,BR,South America,396356-BR-São Paulo,81145,24,21,3,0,0,0.875,0.125,0.0,0.0,26,5,219.81,414.8,537.68,183.53,552.82,36.0,47.0
hnhCMmnrmod4rcyc3QRKkLEC9XnPTvYJ2gBvjgFiV4o,Hodl & Hodl LLLP,BR,South America,396356-BR-São Paulo,80996,24,20,2,0,2,0.8333,0.0833,0.0833,0.0,28,8,200.82,785.54,1073.7,182.14,1131.77,34.0,155.36
BirdeyeK5yooepHNNgaW2bGGDD2jmib4oSRFTHyELbZ1,Birdeye Plus,DE,Europe,20473-DE-Frankfurt am Main,80927,12,7,2,0,3,0.5833,0.1667,0.25,0.0,7,0,73.84,113.23,153.67,22.52,158.16,15.0,17.0
sTEVErNNwF2qPnV6DuNPkWpEyCt4UU6k2Y3Hyn7WUFu,STEVE,BR,South America,396356-BR-São Paulo,79751,24,14,2,0,8,0.5833,0.0833,0.3333,0.0,15,1,200.46,212.59,267.9,185.7,276.48,35.0,40.0
RoYLttggWwa2st3KAGEjnPhsq4NPD5QwaNVyyR8pTz4,Royal,BR,South America,396356-BR-São Paulo,79722,24,12,5,0,7,0.5,0.2083,0.2917,0.0,15,3,195.42,382.8,918.17,187.07,1005.32,34.0,99.19999999999996
DCKyEmMENQMtLXgbmUoHRmgP9XdJ9HsR5WxrKnSDCzKA,Dicky,BR,South America,396356-BR-São Paulo,79348,12,11,1,0,0,0.9167,0.0833,0.0,0.0,14,3,196.13,376.19,467.15,184.74,477.2,33.0,41.959999999999994
rssaJ2iKcE9QWsFYRZr8Q66TQh5bRk9DxYrzxGMzWQr,RSSA validator,JP,Asia,206264-JP-Tokyo,79101,24,20,4,0,0,0.8333,0.1667,0.0,0.0,21,1,171.49,197.45,236.24,142.07,237.35,33.0,41.8
2abwQG3v2xRemFxRszVHSfnjJNe9zu5X8duKgxjyLeaK,Bitwise Onchain Solutions Research,GB,Europe,60068-GB-London,78945,48,46,2,0,0,0.9583,0.0417,0.0,0.0,47,1,76.85,123.4,345.88,31.59,501.42,14.0,29.619999999999997
stacheBmGG5zMKuetUevAbc4m4dLbve1VPcpSur3voH,Hydex,DE,Europe,51202-DE-Europe/Berlin,78889,12,12,0,0,0,1.0,0.0,0.0,0.0,12,0,18.6,27.84,28.08,10.12,28.09,3.0,6.780000000000001
5ZjxMYBbnKd4VFxLjAChSWMTeQ96147HnxZvQJxUseHV,Watatsumi Validator,NL,Europe,20326-NL-Amsterdam,78582,36,36,0,0,0,1.0,0.0,0.0,0.0,45,9,85.51,1181.22,1780.71,35.29,1803.81,18.0,298.6
AWZhUiQjrjtxL8MEMWsCFbMausFQKkdTnDsFW2i411hN,MeshMap,NL,Europe,29802-NL-Amsterdam,78393,12,12,0,0,0,1.0,0.0,0.0,0.0,13,1,23.96,29.97,143.89,14.93,159.37,5.0,18.439999999999987
5HCTsoKM7vwjubSZSyVWChaHQ9sNNRB1d2SuvL3eZ6Y6,Amber,NL,Europe,20326-NL-Amsterdam,78110,36,30,2,0,4,0.8333,0.0556,0.1111,0.0,32,2,59.06,115.88,163.45,17.43,171.45,11.0,25.52000000000001
DP9iBgK9c7tJYb83KhxQMFNc1LXYu7nE7EhWpEzQnjmg,Sec3,NL,Europe,214783-NL-Europe/Amsterdam,78047,48,46,2,0,0,0.9583,0.0417,0.0,0.0,52,6,66.47,182.36,418.84,23.94,455.85,12.0,62.370000000000026
GGX3BEoZDqjxcw4AbCdu62ZTMrkpSgmPt81oP2mVuZNS,HashKey Cloud,FR,Europe,16276-FR-Strasbourg,77804,36,33,3,0,0,0.9167,0.0833,0.0,0.0,37,4,88.11,199.94,329.55,27.65,329.57,17.0,44.28
GvfaiJUhNCRZGVGumsEF1eHDb8JpAeFAyHSrTifyhrbt,Vybe Validator,SG,Asia,396356-SG-Asia/Singapore,77692,24,18,6,0,0,0.75,0.25,0.0,0.0,21,3,229.29,435.0,559.04,165.85,559.05,38.0,107.4
DefiihS7gLkj6xLjjhcr87bFuwpVVNYpeNBaBeFe56CY,Yield Lab,BR,South America,396356-BR-São Paulo,77455,36,27,5,0,4,0.75,0.1389,0.1111,0.0,33,6,198.91,332.85,438.06,184.08,470.52,34.0,39.36
Av8EnYrPBnSJHK5e2wmTdnCpSy7nzmBgyFaUKSyLnBfe,AndrewInUA,CA,North America,20473-CA-Toronto,77300,24,23,1,0,0,0.9583,0.0417,0.0,0.0,27,4,152.01,199.78,273.9,118.51,286.95,27.0,34.959999999999994
b1ueZK9bWTywN2587zsScyLTaH18wfRfN5W15XnkiqF,Blue Sky,SG,Asia,396356-SG-Asia/Singapore,77027,24,19,5,0,0,0.7917,0.2083,0.0,0.0,20,1,212.43,294.13,315.14,168.44,317.62,38.5,49.62
SaGAgdkowooXBrHihpmE8gsjf1dUG7n5SqnyJxYFnXJ,Saga DAO,US,North America,396356-US-Ashburn,76326,12,11,1,0,0,0.9167,0.0833,0.0,0.0,11,0,122.91,178.43,183.1,100.56,183.62,25.0,35.5
prt1st4RSxAt32ams4zsXCe1kavzmKeoR7eh1sdYRXW,Portals,SG,Asia,396356-SG-Asia/Singapore,75449,24,20,4,0,0,0.8333,0.1667,0.0,0.0,22,2,203.31,302.25,486.11,168.74,503.49,38.0,58.37
BaDhUB1eWfunwD21Tu3WywyYQ9wZx5hS9WXeHHNGZUPy,,US,North America,396356-US-America/Chicago,74999,12,9,3,0,0,0.75,0.25,0.0,0.0,11,2,104.17,307.88,345.55,90.76,349.74,18.0,38.5
5ghoFEVrsXeAPB6SUmBpZ2xq3KvHEjNMeSaBnxEBXkHV,DarkTower,SG,Asia,216444-SG-Singapore,74928,12,12,0,0,0,1.0,0.0,0.0,0.0,12,0,203.14,274.81,294.28,173.01,296.4,39.0,50.89
3Rv6ZVGUuRczP76322LyhTTYw2iM4avV4B5xFJocQJer,Gaxx Validator,US,North America,20473-US-Piscataway,74369,12,12,0,0,0,1.0,0.0,0.0,0.0,13,1,121.82,135.88,190.79,100.97,198.26,23.0,27.88
5N9r2ne7dPgHtzeHC5ETJ3DAueKQiXSU8KAmEZrrojT7,thugDAO Validator,US,North America,18450-US-Ogden,73961,24,22,2,0,0,0.9167,0.0833,0.0,0.0,23,1,189.44,328.65,365.88,143.25,367.28,36.0,64.56
7pR7t5axFfkg2VZB1uAuFNUvpAeowq2v15J4gw5MmHTB,,GB,Europe,396356-GB-City of London,73954,24,23,1,0,0,0.9583,0.0417,0.0,0.0,27,4,80.53,235.18,486.28,29.67,528.88,14.0,76.67999999999995
NLMSHTjmSiRxGJPs3uaqtsFBC2dTGYwK41U18Nmw5kH,T-STAKE Systems,DE,Europe,47447-DE-Europe/Berlin,73890,60,55,5,0,0,0.9167,0.0833,0.0,0.0,62,7,70.26,571.1,1916.14,16.39,3487.61,14.0,310.61000000000024
CtzN7ysR5rX69qd168Aosbuc83mPozhi81bEHbG7ecNP,Citizen Node,SG,Asia,396356-SG-Singapore,73838,36,21,15,0,0,0.5833,0.4167,0.0,0.0,27,6,260.19,409.94,853.85,188.59,977.15,41.0,116.43999999999991
h3ZXAE168mNxsszYYrUfkMVSCWx6DU2Uvrx97Kb1Nch,Validation Cloud,US,North America,204770-US-Chicago,72670,36,29,6,0,1,0.8056,0.1667,0.0278,0.0,32,3,149.96,236.1,302.87,110.86,310.96,26.5,46.83000000000001
gotasRuLTuJNZDtLHmaDJpEUjCWZqkHcuwbLhkgCwCX,Gotas,BR,South America,396356-BR-São Paulo,72453,60,43,13,0,4,0.7167,0.2167,0.0667,0.0,47,4,218.6,237.38,429.36,204.89,477.2,38.0,42.54
TopjgY7N1fJdnW89S9fX6t7LF61nspgXGL1NpgAKhDG,TopReward,DE,Europe,395201-DE-Rödelheim,72020,24,21,1,0,2,0.875,0.0417,0.0833,0.0,22,1,96.86,115.42,118.92,75.58,118.93,14.0,19.79
CiR8HNCfkjtcongPmP2DRdZPnFgjSbN5gsXdjmsXXHcB,Shiro,US,North America,20473-US-Elk Grove Village,71780,12,12,0,0,0,1.0,0.0,0.0,0.0,15,3,142.92,725.25,765.2,109.31,771.21,23.0,32.72
FoXyHJXdQGK2eHoTjSAzHq4hzxWdJvpGgyzrtPS9eAk,Famous Foxes,BR,South America,396356-BR-São Paulo,71693,36,25,5,0,6,0.6944,0.1389,0.1667,0.0,28,3,190.87,229.36,353.18,181.58,388.17,34.5,37.730000000000004
UNrgBLmc8JT6A3dxXY9DWeHvDezt2DZQbhg1KPQfqEL,Unruggable,SG,Asia,396356-SG-Asia/Singapore,71480,12,11,1,0,0,0.9167,0.0833,0.0,0.0,12,1,207.21,261.73,303.93,183.01,308.93,37.5,44.0
HnwMGBAw5PxaX56eSYc969MorEy2NzEMPLkmBkdnJmeq,⭐StepByStep⭐ 0%Fee+Jito MEV,JP,Asia,20473-JP-Minamishinagawa,71334,12,8,2,0,2,0.6667,0.1667,0.1667,0.0,8,0,164.98,172.2,179.9,157.2,180.76,29.5,30.93
YE11a5nVJtUNqsojkphYuWc7StqBzbCeFH6BjhAAUEV,Mellow Yellow,SG,Asia,396356-SG-Asia/Singapore,71202,48,39,5,0,4,0.8125,0.1042,0.0833,0.0,43,4,215.45,291.74,699.75,168.35,724.72,37.0,50.16
78sEMVmeecStjxWU7XMJMH8bMRBW9vSiEAhAjtZbt3fW,Solai Limited (NYSE: SLAI),DE,Europe,45102-DE-Frankfurt am Main,71007,60,53,3,0,4,0.8833,0.05,0.0667,0.0,60,7,69.91,369.61,519.83,18.58,532.69,14.0,93.82
chrtyETASKQhsndRM9pr6qC3gAHG5MuRwCgXSNVqnJL,Charity Soul,DE,Europe,51202-DE-Europe/Berlin,69764,12,12,0,0,0,1.0,0.0,0.0,0.0,12,0,129.5,234.32,261.15,32.93,264.15,22.5,47.120000000000005
Lua1fxRRHCnjVAYdfGyv2GbUsRHGM2DN2wgpWuF2WSb,Lua Sol Foundation,US,North America,18450-US-Ogden,69511,36,34,2,0,0,0.9444,0.0556,0.0,0.0,37,3,153.71,170.15,775.19,141.54,919.99,26.0,93.88000000000004
FNTPSUuRpDoJx1hwFmB5ncNLLMX42aE83P4hsFYUfNRL,Nodz,US,North America,204770-US-Chicago,68492,12,10,0,0,2,0.8333,0.0,0.1667,0.0,10,0,153.24,186.6,245.2,132.39,251.71,25.0,46.19
mALL2W6DUgDDtcyurC9v5YTF2CMMeuRwPBkf6tEoG3y,mallow,SG,Asia,396356-SG-Asia/Singapore,68468,12,6,2,0,4,0.5,0.1667,0.3333,0.0,6,0,176.98,186.63,186.66,164.76,186.66,29.5,31.95
7CR6whiYULVf1Knj4J5PxUS37opdk8UAx2WnDzBQKiVe,DataHive AI | Airdrop | 0% fee | full MEV,SG,Asia,20473-SG-Singapore,68057,12,10,0,0,2,0.8333,0.0,0.1667,0.0,11,1,203.91,236.49,489.7,170.63,517.84,37.0,60.2
D8xKNftHzFcCekENuTEcFC1eoL9y8wNHEg4Q5z57KK4e,Mice Stakin',US,North America,396356-US-New York,67830,12,11,0,0,1,0.9167,0.0,0.0833,0.0,11,0,220.81,233.96,239.04,189.77,239.61,40.0,42.9
2icWF7TvxyycF7d1NHpMZYuJJqiRy2h7wmjFSbqUij1B,,DE,Europe,20326-DE-Frankfurt am Main,67139,24,4,0,0,20,0.1667,0.0,0.8333,0.0,5,1,34.51,72.4,88.82,28.35,90.64,4.0,9.879999999999999
vnd1Ps8w3fsi54qUMJxBhUWARES34Qw7JQXDZxvbysd,Vandal,MX,North America,396356-MX-Mexico City,66946,12,10,2,0,0,0.8333,0.1667,0.0,0.0,11,1,152.37,170.33,271.2,139.42,282.41,25.0,28.8
By8MseMKtZQQaQjMHJiyetmc5AC8RZZv8C2ss33ktrHt,Wave,DE,Europe,395201-DE-Fechenheim,66490,24,21,3,0,0,0.875,0.125,0.0,0.0,24,3,66.02,144.81,344.48,12.3,345.08,11.5,38.31
GqDCbnafLmKkdqiqf278jDLXqjjZMB2sViZQtR82jPUf,SolLana,US,North America,20473-US-Dallas,66386,12,10,2,0,0,0.8333,0.1667,0.0,0.0,10,0,168.45,224.23,229.87,147.46,230.5,32.5,42.82
ppppoqHcHVzigV6SK4856BAsNxhTAi32hqQQWrziyHE,Pesky Penguins 🔥💃 NOOT NOOT,US,North America,26042-US-Draper,65985,24,16,4,1,3,0.6667,0.1667,0.125,0.0417,17,1,172.22,273.12,810.07,150.32,906.56,31.0,50.4
FdH9QEQBxPQfaF2JpcjgdfcMnDb7rjZkCDRCWLRjTQwj,Solana Ukraine 🇺🇦,DE,Europe,20473-DE-Frankfurt am Main,65932,36,30,3,0,3,0.8333,0.0833,0.0833,0.0,32,2,46.1,103.67,165.42,15.25,185.15,9.0,22.83000000000001
CARBN9PY1Qej1aCg4885pfoYH8EHfjWuMy59pVa48ky,Cloak,BR,South America,396356-BR-São Paulo,65881,12,10,2,0,0,0.8333,0.1667,0.0,0.0,11,1,194.72,201.16,375.79,185.89,395.2,33.0,38.8
jntr1vkzvSujfckGR6ANmFmirVoPBMNr5XJGKP5uDQA,Janitor,US,North America,396356-US-New York,65429,24,14,5,0,5,0.5833,0.2083,0.2083,0.0,16,2,203.55,312.12,368.1,166.61,371.68,36.5,46.0
AdSHK6vpQnwHRSw7jXUwjMEytmhFwnynZSENhvpAxL1y,crypto-jack-sparrow,US,North America,20473-US-Piscataway,65030,48,39,6,0,3,0.8125,0.125,0.0625,0.0,47,8,134.72,386.66,527.8,93.55,545.44,24.0,67.78
adre1Xia7ekGsEqNgHeFc7MYwkfzTQNeJgQmZ2agAKZ,Adrena,SG,Asia,396356-SG-Asia/Singapore,64462,24,21,3,0,0,0.875,0.125,0.0,0.0,21,0,193.07,229.42,292.67,164.02,299.17,36.0,49.2
B94PGWcxE9iEDov8sZobTkqEY96Yb5gfcsYWSWpQxh6S,SUNREN,US,North America,6597-US-Duluth,63803,12,12,0,0,0,1.0,0.0,0.0,0.0,12,0,131.92,149.08,243.44,116.26,254.97,25.0,43.13000000000001
DeepM3FDWaAb7o53rvyZk5YvHLG3FvDiVXJLRY78z51p,DeepStake,US,North America,20473-US-Piscataway,63612,12,10,1,0,1,0.8333,0.0833,0.0833,0.0,10,0,143.28,153.17,172.14,113.88,174.25,26.0,32.91
SPHERExTW7GaMgS4RN6MbghYvXU2REfFWHgpxMH1P69,Sphere,DE,Europe,213896-DE-Frankfurt am Main,63607,12,11,0,0,1,0.9167,0.0,0.0833,0.0,14,3,58.93,533.2,1604.5,17.37,1763.03,10.5,248.38999999999984
SscQkTYV2BFQYGGffAmTzvefrFrw6z9GNYiWHstVZ77,dogo validator,US,North America,395201-US-Sterling,62949,12,11,1,0,0,0.9167,0.0833,0.0,0.0,11,0,118.35,149.32,210.97,91.85,217.82,21.0,42.300000000000004
CVGwNaC1FaG95hRBHUuieDLyQU2hJuGhPduu2cMyHnw6,,JP,Asia,16509-JP-Tokyo,62422,36,21,5,0,10,0.5833,0.1389,0.2778,0.0,25,4,232.33,491.96,835.87,174.27,852.29,40.0,119.11999999999998
ExCHWgfeJyKRzpfryiQn4W6aYaWhbSAEnsoUnBGNqjWD,Exchange Art Validator,SG,Asia,396356-SG-Asia/Singapore,62293,12,11,1,0,0,0.9167,0.0833,0.0,0.0,14,3,209.75,322.2,440.88,166.36,456.63,35.5,45.349999999999994
GQiWnDYrzHMALWG9avt5FCu1wisAQHjGY5ve7GMBiPEe,Nam-dok-mai 🤑 stake-earn-repeat,US,North America,20473-US-San Jose,60981,12,9,1,0,2,0.75,0.0833,0.1667,0.0,9,0,192.71,225.83,240.15,157.93,241.74,36.0,40.76
AjGby82yXeYgj3kmng9y3c4nQpZFmiPpJKecLJTHbfbP,🍞 STAKERY 🍞,NL,Europe,20473-NL-Amsterdam,60855,24,23,1,0,0,0.9583,0.0417,0.0,0.0,32,9,74.9,828.0,1192.16,23.93,1254.35,13.5,184.08000000000004
te1ee9rGf369wxYQkuxkvuvMuTJ9cksgZySmNUF8rNY,Telemetry,SG,Asia,396356-SG-Asia/Singapore,59555,12,10,2,0,0,0.8333,0.1667,0.0,0.0,11,1,194.26,248.16,288.46,165.35,292.94,34.0,38.8
AnKWYWA1zktynzWqPC5KQFYWrTEWNny2CAHbAVU9zSXT,DriveSol,US,North America,18450-US-Ogden,59402,24,20,4,0,0,0.8333,0.1667,0.0,0.0,22,2,149.01,171.02,290.75,143.78,308.3,27.0,30.58
2Eq6YD8P8QXTeoz9h6JHjgZ55t8RSxNdx4waMDCoPmQU,EvasMainnet,US,North America,23470-US-Los Angeles,59225,24,22,2,0,0,0.9167,0.0833,0.0,0.0,25,3,181.56,294.64,430.27,143.52,447.63,34.0,49.63999999999997
9T6SNsBimjCRJpkEjiVsc8AcxTBa1XVA7RjnBGGfWP23,NeuralNode,HK,Asia,206264-HK-Asia/Hong_Kong,58667,24,15,6,0,3,0.625,0.25,0.125,0.0,17,2,206.92,242.93,505.97,196.06,548.15,36.0,49.56
EWARp8Syq8cTWGWHtP5LT9fKAn5GvXfSCH8LfAwpgQ6m,SOLrainDrops,CA,North America,20473-CA-Toronto,58404,12,11,1,0,0,0.9167,0.0833,0.0,0.0,11,0,145.45,157.66,221.68,110.37,228.79,26.0,38.300000000000004
sce2zXNjLpPMcSCATTrLiQhAAvHNNMKypTFVtg2H37U,,ES,Europe,396356-ES-Madrid,57777,24,19,2,0,3,0.7917,0.0833,0.125,0.0,22,3,156.78,191.61,202.35,131.44,204.47,25.0,30.0
scb2TYPmwHgKxXJaJNq6gHKwYkVyLKx58hz9RbCKZZR,,JP,Asia,396356-JP-Tokyo,57776,12,12,0,0,0,1.0,0.0,0.0,0.0,12,0,218.73,232.96,238.87,206.55,239.52,37.5,44.0
scs1NCSTafrUX6RBx113B9YDCepo1QdEzU8WwEkf25i,,JP,Asia,396356-JP-Tokyo,57767,12,7,2,0,3,0.5833,0.1667,0.25,0.0,9,2,209.68,353.59,353.62,198.44,353.63,37.0,40.0
sce1oTWYVXv7a7Hy2skxREozs5nwkQ4wDT8XJSi5tgE,,GB,Europe,396356-GB-City of London,57738,24,7,0,0,17,0.2917,0.0,0.7083,0.0,10,3,55.55,317.59,336.23,44.36,338.3,8.5,44.55
sce3TfT81rxYYcdbP1kBFMcTK3ZBc8hvHVeXD6WLSzE,,US,North America,262287-US-Chicago,57674,24,17,1,1,5,0.7083,0.0417,0.2083,0.0417,18,1,132.65,156.98,308.58,118.6,337.27,23.0,31.659999999999997
scs2Ra91pMbvqFAP7uitrN5U25SoyBTqZgBbhpVMJko,,ES,Europe,396356-ES-Madrid,57667,12,11,1,0,0,0.9167,0.0833,0.0,0.0,14,3,147.15,299.26,349.73,129.44,354.83,24.0,33.089999999999996
CwhdMezLucz7bcuWzStpLXgrzKGC2tBBiaVmJZjfprRN,Sarmina,US,North America,20473-US-Dallas,57652,12,11,1,0,0,0.9167,0.0833,0.0,0.0,11,0,131.5,156.6,158.2,121.05,158.38,24.0,28.9
49j9bnkdgVNxLwsZ9h88sPR5MYEmsUyKrrJ6ZW8ijBrb,StakeChain,CA,North America,20473-CA-Toronto,57560,24,21,3,0,0,0.875,0.125,0.0,0.0,26,5,344.13,1378.44,1705.97,114.41,1777.89,56.5,277.0
5zuNci3TV79w6zLoJZzbZujMvkVZb2FcSPhgv9aT24AK,Solana Japan Validator🇯🇵,SG,Asia,216444-SG-Singapore,57040,24,19,5,0,0,0.7917,0.2083,0.0,0.0,21,2,204.92,240.72,487.27,170.46,539.29,36.0,54.60000000000001
1Link6hB1NpkCwJt3ZtpQKZszKauhEcKgiWjaU8PRDG,OneLink Solutions,DE,Europe,44486-DE-Frankfurt am Main,57008,24,20,1,0,3,0.8333,0.0417,0.125,0.0,21,1,47.98,64.32,78.98,15.66,79.17,9.0,16.6
rapXHroUoGG3KvZ3qwjvGMdA7siWXwXpiNC1bYarvSC,Raposa Coffee,SG,Asia,396356-SG-Asia/Singapore,56889,24,20,4,0,0,0.8333,0.1667,0.0,0.0,34,14,242.93,1674.52,2097.91,177.24,2162.8,41.0,266.38
mds2fZEpJP688PqJHvfLxGyf2VFrcNkvjuUxNYCwjrq,,US,North America,20326-US-Bluffdale,56703,12,9,0,0,3,0.75,0.0,0.25,0.0,11,2,147.98,472.43,472.48,134.45,472.48,23.0,54.5
mds1WWedpezW3qvgML4WgP341jZksYAy5SbMLwjP5KC,,US,North America,20326-US-Bluffdale,56584,24,16,3,0,5,0.6667,0.125,0.2083,0.0,17,1,143.74,160.66,240.44,134.72,253.95,26.0,31.0
tkmaiSoZ3F8MofkQBVWG6JYSCzyN6ioe7ReYXohx3WJ,Tokamai,DE,Europe,396356-DE-Frankfurt am Main,55897,12,11,0,0,1,0.9167,0.0,0.0833,0.0,11,0,71.2,94.59,101.82,37.59,102.62,14.0,18.9
mds3Df1ieBonG2qS8ZoKTqshq5MgTUNfZgc78cjiCdq,,JP,Asia,396356-JP-Tokyo,55875,12,9,2,0,1,0.75,0.1667,0.0833,0.0,9,0,208.31,212.95,213.71,195.44,213.79,37.0,44.68
noMiSMNpN3iGeX3WdF5M2KQdFUQt2RYYpfJ4dN1Ni3k,Nomis,HK,Asia,206264-HK-Asia/Hong_Kong,55204,12,10,2,0,0,0.8333,0.1667,0.0,0.0,10,0,204.31,217.33,218.89,196.28,219.07,34.5,39.0
4GEEKSwuiBHWTff9WaqrDcToZjbX6KYdyB4c578Zxse2,Sol4Geeks,US,North America,20473-US-Atlanta,54375,24,21,1,0,2,0.875,0.0417,0.0833,0.0,23,2,172.16,311.7,591.83,145.25,597.01,33.0,77.9
4kL5QD8ir5CvkuvCUnQhBDuWhq3Xfnz3UfQLt4CqPQZQ,Swyke | ISO27001,EE,Europe,214132-EE-Tallinn,53538,24,23,1,0,0,0.9583,0.0417,0.0,0.0,23,0,79.16,89.67,95.97,62.25,97.41,14.0,20.120000000000005
7ZjHeeYEesmBs4N6aDvCQimKdtJX2bs5boXpJmpG2bZJ,Chainflow Experimental,SE,Europe,214159-SE-Stockholm,53359,12,11,1,0,0,0.9167,0.0833,0.0,0.0,14,3,116.03,476.33,678.73,47.61,699.13,20.5,103.00999999999998
CVgwMrWo9chKEuEPCe6Za9KJe8jamnAcoeWzaMeNubr6,SelfLiquidity,DE,Europe,395201-DE-Offenbach,53040,12,12,0,0,0,1.0,0.0,0.0,0.0,13,1,81.2,99.95,185.11,71.62,196.6,16.0,31.319999999999986
6gL3uHvuUjaPp9mTBf2VZ4tpKiYhbWyPrAPboGByzEHd,Mira Validator,RU,Europe,41722-RU-St Petersburg,51047,12,11,1,0,0,0.9167,0.0833,0.0,0.0,12,1,104.91,114.8,156.28,93.79,161.38,18.0,20.78
ELE1xBTfmHB7vuhSH94q23r6j3tuvTXYTqgm1u4uzMLk,Fundamental,US,North America,18450-US-Ogden,50842,36,31,5,0,0,0.8611,0.1389,0.0,0.0,35,4,158.41,212.53,362.0,140.91,375.13,27.0,35.639999999999986
uxqVAFQfox97HazsPtkKiwhypQH6jEGXkQBHDtXshrk,Waterloo Blockchain,DE,Europe,395201-DE-Fechenheim,50561,12,10,2,0,0,0.8333,0.1667,0.0,0.0,10,0,109.88,130.15,130.75,104.24,130.81,20.0,24.82
65pHd5P2VrehonT1cdJ2JUnq5wi3WUgfL3A8RhYH7Kg7,,NL,Europe,20326-NL-Amsterdam,47772,12,12,0,0,0,1.0,0.0,0.0,0.0,13,1,28.7,39.95,118.86,13.53,129.49,3.0,6.0
kREnNfJrPEHbrjSQDxmxZdGmN6hi7ewXZ3UZTURshrk,Rutgers Blockchain,DE,Europe,395201-DE-Fechenheim,47727,24,24,0,0,0,1.0,0.0,0.0,0.0,25,1,40.59,76.79,174.02,19.2,201.67,6.0,22.79999999999999
12i8gndWWWMTRzJBFhnYkobNgZB3XMUUJq75HeUrshrk,University of Minnesota Blockchain Club,DE,Europe,395201-DE-Fechenheim,47683,12,12,0,0,0,1.0,0.0,0.0,0.0,12,0,33.67,52.64,61.06,22.78,62.08,5.5,11.780000000000001
BSMe78Jk1BfeJDdHQj1aXVjrT2aMAYidyNAGQsTshrk,Dalhousie Blockchain Society,DE,Europe,395201-DE-Fechenheim,47662,12,12,0,0,0,1.0,0.0,0.0,0.0,14,2,35.36,138.54,184.81,21.88,186.31,6.0,25.479999999999997
q1yPXLsYcJhzxhUYLewFDjYmsBh2gDFnYqrZ9VPshrk,Blockchain at Columbia,DE,Europe,395201-DE-Fechenheim,47602,12,12,0,0,0,1.0,0.0,0.0,0.0,15,3,36.37,328.06,375.87,23.28,381.65,7.0,46.16
5LNEDitSMhApT2uFnmtN7FmjCiGuatpnb2uU4f3shrk,Princeton Blockchain,DE,Europe,395201-DE-Fechenheim,47591,24,20,0,1,3,0.8333,0.0,0.125,0.0417,22,2,41.41,90.18,372.77,22.29,404.78,6.5,51.95999999999998
wetkjRRRDrSPAzHqfVHtFDbhNnejKm5UPfkHeccFCpo,GUIDES,SG,Asia,396356-SG-Asia/Singapore,47335,12,11,1,0,0,0.9167,0.0833,0.0,0.0,13,2,223.22,406.94,471.52,176.31,476.32,38.0,51.64
HwN6eoEe9N3kwHi66hpQDBMFPk6ASQGthWKPX5MZmisp,Solya,BR,South America,20473-BR-Osasco,46616,12,12,0,0,0,1.0,0.0,0.0,0.0,13,1,284.82,299.38,390.68,268.6,402.98,48.0,54.519999999999996
chopskqnudaeCTENWzUjfFCBSLcxprqbdMoCAucAwfb,Choplet Studios,DE,Europe,51202-DE-Europe/Berlin,45571,24,16,2,0,6,0.6667,0.0833,0.25,0.0,33,17,529.83,2438.47,2993.18,25.27,3136.76,57.0,440.96
PoN1E3VyqwqoGQEhC8ExpkRKTuyhxtGLnHHH3DwbgTU,Ponke Validator,HK,Asia,29802-HK-Tsuen Wan,44704,12,7,4,0,1,0.5833,0.3333,0.0833,0.0,8,1,546.83,622.05,707.59,434.96,717.09,82.0,94.93
VicAQ3U2GjjAuF3tPCtEQZdZKnpAAxkr5Q3zjDKmdo7,LightNode,DE,Europe,20473-DE-Frankfurt am Main,43679,12,12,0,0,0,1.0,0.0,0.0,0.0,13,1,52.37,99.07,194.74,12.7,207.66,8.0,27.439999999999987
BhNnboEZb3mKkVADMH11cYGWCqefAfmhzx5rU4eRTKGY,Firstset,DE,Europe,29066-DE-Frankfurt am Main,41784,36,33,0,0,3,0.9167,0.0,0.0833,0.0,35,2,46.4,102.34,148.11,13.12,152.27,8.0,19.319999999999993
ark1hdnnfmusE24wGHkyVG1gdRCqfmXs9drasDAdABZ,,FR,Europe,16276-FR-Roubaix,41497,24,22,0,0,2,0.9167,0.0,0.0833,0.0,22,0,18.51,25.99,36.71,12.46,39.25,2.5,5.0
DiFeTctQSaNczJNmZ5121kYqLaBe9wDpM9sjCzTELJLE,Serhio911,RU,Europe,57494-RU-Novosibirsk,40628,24,19,0,0,5,0.7917,0.0,0.2083,0.0,22,3,347.5,493.33,621.14,131.91,642.18,48.0,104.37999999999998
pitch9cMruwjDtAnisNS4mwZUPhMsBztNEGu2weMg55,DePitch Academy,DE,Europe,396356-DE-Frankfurt am Main,40524,12,7,0,0,5,0.5833,0.0,0.4167,0.0,7,0,83.69,105.06,126.7,54.82,129.1,16.0,24.699999999999996
4SgoyAwN26iu9Gpf12Bk1rnzp4G4yDUM3XVv4w7VQcAf,SkipLine,US,North America,20473-US-Los Angeles,40371,12,11,1,0,0,0.9167,0.0833,0.0,0.0,13,2,183.3,221.15,228.69,153.73,229.71,32.0,40.519999999999996
mrgn4sJJu5GBa5wbKyjuASzhyCifvcedGoLtpKjB3Wf,Project 0 Meridian,DE,Europe,3402-DE-Frankfurt am Main,40308,12,10,1,0,1,0.8333,0.0833,0.0833,0.0,15,5,260.34,2230.64,2735.13,62.14,2790.76,40.0,417.31999999999994
EPFZFVrXuveEQar9LaEkt5kDRPMnbvK54qu5FwCxpkcy,AiSol,JP,Asia,395201-JP-Asia/Tokyo,37761,48,36,5,0,7,0.75,0.1042,0.1458,0.0,40,4,212.64,287.84,566.95,168.69,595.08,39.0,57.709999999999994
2X7WoaXX9KPqNrNfvguhnwo3rjFPNsfw2t75fGjWRthz,Stakely | 0% fee,JP,Asia,395201-JP-Asia/Tokyo,36198,12,7,2,0,3,0.5833,0.1667,0.25,0.0,7,0,185.64,204.77,214.98,169.63,216.11,35.0,38.879999999999995
LTP1bMnfq1Z6UctyDXYHo9qcUJ6ReXm9cG2VwQcsHBt,LTP,DE,Europe,395201-DE-Rödelheim,33285,12,8,0,0,4,0.6667,0.0,0.3333,0.0,9,1,247.75,287.47,294.12,235.82,294.86,43.0,48.0
2Le6TjeEescF87qDA8Ftdz6U8Kq6SNVwoLJLhzBCHUr5,"U1S1 Validator 🚀 Performant, Secure and NO Fees",DE,Europe,20326-DE-Frankfurt am Main,30324,12,12,0,0,0,1.0,0.0,0.0,0.0,13,1,29.42,42.3,85.42,10.95,91.1,3.0,8.759999999999998
2bpfa8JbFfZUGUsedDsemu6vQUxbhcEM8ALSH3PgXd2d,EAC,FI,Europe,60414-FI-Europe/Helsinki,29324,12,12,0,0,0,1.0,0.0,0.0,0.0,12,0,49.67,60.7,66.28,32.77,66.93,8.0,10.0
AccReGBNBdUCEJ7ZyP231jw7uVJ3eF9u4cLBFAyqQuWm,Accretion | r0bre,SC,Unknown,206264-SC-Indian/Mahe,28334,12,12,0,0,0,1.0,0.0,0.0,0.0,25,13,383.34,1451.4,1657.3,24.19,1692.31,21.0,271.32
UZBmptMjMSQEPKm4WyUkJeAuvZSqTuNK3cQCKFqJcXT,UZB Validator,DE,Europe,395201-DE-Fechenheim,23843,12,9,1,0,2,0.75,0.0833,0.1667,0.0,9,0,81.8,90.59,99.32,74.31,100.29,15.0,15.92
ECNnK4VjcKTsABiw8FAp3JCE6tCmYyrEJthYVyMazmxi,NCValidator,SG,Asia,20473-SG-Singapore,22878,12,9,2,0,1,0.75,0.1667,0.0833,0.0,12,3,212.47,632.35,647.29,167.89,647.29,37.0,76.78
Xoir1BnQX9TbEvon9HRbD8tkjcD9dorsxmNjZAV64Re,"YYDS Validator 🚀 Performant, Secure and NO Fees",US,North America,20326-US-Newark,22620,12,11,1,0,0,0.9167,0.0833,0.0,0.0,11,0,101.59,113.36,119.69,87.72,120.39,17.0,19.8
KAW1LjxH73tRBd1XsaqsRsgeERFkg4WpdXUSqR4QjkW,Kawil,SG,Asia,20473-SG-Singapore,20542,12,11,1,0,0,0.9167,0.0833,0.0,0.0,11,0,189.92,199.08,216.65,164.01,218.6,35.0,39.0
anatWca4MKScN6y6zo5GEoao5ABy1BLHYLz5s2DnjZA,,NL,Europe,20473-NL-Amsterdam,19999,12,0,0,0,12,0.0,0.0,1.0,0.0,1,1,195.0,195.0,195.0,195.0,195.0,6.0,6.0
2ufnDYz755WuHqGCczry1ACTNUVZdn2cm43bCyyPSZtH,ZAN,SG,Asia,216444-SG-Singapore,19000,12,9,3,0,0,0.75,0.25,0.0,0.0,10,1,181.39,210.54,389.37,167.19,409.24,31.5,34.82
R2D2imoV8nXk1ngT9v4dEK65We4uLNyUarTBdWbFruq,🤖 RoboRun.xyz,NL,Europe,59642-NL-Amsterdam,16970,12,10,0,0,2,0.8333,0.0,0.1667,0.0,10,0,35.95,92.29,162.4,30.38,170.19,7.5,20.37
2nhGaJvR17TeytzJVajPfABHQcAwinKoCG8F69gRdQot,WinStake Labs,SG,Asia,216444-SG-Singapore,16595,12,9,2,0,1,0.75,0.1667,0.0833,0.0,10,1,202.96,283.5,324.91,176.18,329.51,33.5,48.55
777idJ8gG2cZXjc5Wvcq7RBtkvcU1TJ8WoLQSHaU8nN2,Sextant,CL,South America,20473-CL-Santiago,16517,12,11,1,0,0,0.9167,0.0833,0.0,0.0,12,1,230.1,240.79,337.84,222.07,349.8,40.0,42.0
H9METtoxNp2PhcDNxXwqpzBarJw9zJezhzdDEFgBqv8w,Teraswitch,DE,Europe,20326-DE-Frankfurt am Main,12668,12,5,2,0,5,0.4167,0.1667,0.4167,0.0,8,3,291.12,379.71,379.75,252.74,379.76,43.5,53.0
AS4i8EXUZnPbmNT5ZXmoTEbrXQrbFoReiWwwFB43Ds5z,Majestysol | 🔥 0% Fee + ⚡ MEV,LV,Europe,203866-LV-Europe/Riga,11124,12,12,0,0,0,1.0,0.0,0.0,0.0,24,12,261.97,1399.27,1615.24,222.97,1635.6,44.5,250.54999999999998
3iQqh65Gby53aaYUF8ocoiEyhBs4aoe7BTYYWvy1c9dF,DAIN,US,North America,20473-US-Elk Grove Village,6219,12,11,1,0,0,0.9167,0.0833,0.0,0.0,13,2,116.14,438.07,598.65,102.09,610.52,20.0,69.43999999999998
6tpuCGuvAZyUwQPFLKmiUfGUKSBjk3yVHJ314cfJV4ZF,,,,,0,12,0,0,0,12,0.0,0.0,1.0,0.0,0,0,,,,,,,
